job_id,bucket,power,thermal,flow,expected_phase,plane,label
ds-job-000,0,47.95,25.52,0.0,idle,independent,sabotaged
ds-job-000,1,54.21,26.87,0.0,idle,independent,sabotaged
ds-job-000,2,49.53,26.45,0.0,idle,independent,sabotaged
ds-job-000,3,44.65,24.54,0.0,idle,independent,sabotaged
ds-job-000,4,50.11,23.73,0.0,idle,independent,sabotaged
ds-job-000,5,199.26,102.29,0.0,heating,independent,sabotaged
ds-job-000,6,212.72,131.3,0.0,heating,independent,sabotaged
ds-job-000,7,210.83,120.8,0.0,heating,independent,sabotaged
ds-job-000,8,231.31,118.37,0.0,heating,independent,sabotaged
ds-job-000,9,206.31,83.15,0.0,heating,independent,sabotaged
ds-job-000,10,195.3,127.05,0.0,heating,independent,sabotaged
ds-job-000,11,199.82,123.25,0.0,heating,independent,sabotaged
ds-job-000,12,167.48,119.97,0.0,heating,independent,sabotaged
ds-job-000,13,196.99,115.92,0.0,heating,independent,sabotaged
ds-job-000,14,166.38,102.65,0.0,heating,independent,sabotaged
ds-job-000,15,243.91,144.1,0.0,heating,independent,sabotaged
ds-job-000,16,187.65,98.77,0.0,heating,independent,sabotaged
ds-job-000,17,220.47,138.25,0.0,heating,independent,sabotaged
ds-job-000,18,172.99,141.48,0.0,heating,independent,sabotaged
ds-job-000,19,205.27,145.82,0.0,heating,independent,sabotaged
ds-job-000,20,239.61,55.92,0.0,heating,independent,sabotaged
ds-job-000,21,336.03,209.03,12.86,printing,independent,sabotaged
ds-job-000,22,335.84,207.69,9.16,printing,independent,sabotaged
ds-job-000,23,359.54,207.51,11.44,printing,independent,sabotaged
ds-job-000,24,353.76,206.75,9.43,printing,independent,sabotaged
ds-job-000,25,352.87,209.38,11.39,printing,independent,sabotaged
ds-job-000,26,355.15,211.9,13.11,printing,independent,sabotaged
ds-job-000,27,354.98,204.55,12.03,printing,independent,sabotaged
ds-job-000,28,354.11,211.0,12.81,printing,independent,sabotaged
ds-job-000,29,371.67,208.8,10.13,printing,independent,sabotaged
ds-job-000,30,324.34,207.91,10.61,printing,independent,sabotaged
ds-job-000,31,337.66,209.02,10.97,printing,independent,sabotaged
ds-job-000,32,353.25,212.43,10.2,printing,independent,sabotaged
ds-job-000,33,320.94,211.34,9.39,printing,independent,sabotaged
ds-job-000,34,362.99,203.06,11.46,printing,independent,sabotaged
ds-job-000,35,371.52,206.97,12.81,printing,independent,sabotaged
ds-job-000,36,345.06,208.48,10.9,printing,independent,sabotaged
ds-job-000,37,332.36,209.24,11.62,printing,independent,sabotaged
ds-job-000,38,346.11,205.08,12.01,printing,independent,sabotaged
ds-job-000,39,383.85,208.03,12.3,printing,independent,sabotaged
ds-job-000,40,347.94,209.97,13.02,printing,independent,sabotaged
ds-job-000,41,366.65,205.74,11.6,printing,independent,sabotaged
ds-job-000,42,361.84,211.59,11.82,printing,independent,sabotaged
ds-job-000,43,374.65,206.86,12.15,printing,independent,sabotaged
ds-job-000,44,343.9,208.22,12.79,printing,independent,sabotaged
ds-job-000,45,336.97,208.15,12.08,printing,independent,sabotaged
ds-job-000,46,361.18,207.46,11.37,printing,independent,sabotaged
ds-job-000,47,310.5,213.11,10.59,printing,independent,sabotaged
ds-job-000,48,341.68,208.88,10.77,printing,independent,sabotaged
ds-job-000,49,351.1,205.95,11.93,printing,independent,sabotaged
ds-job-000,50,374.51,206.6,10.4,printing,independent,sabotaged
ds-job-000,51,387.39,209.09,12.55,printing,independent,sabotaged
ds-job-000,52,361.37,210.84,10.96,printing,independent,sabotaged
ds-job-000,53,345.6,212.8,12.12,printing,independent,sabotaged
ds-job-000,54,337.69,214.24,12.67,printing,independent,sabotaged
ds-job-000,55,368.67,208.98,11.89,printing,independent,sabotaged
ds-job-000,56,363.11,210.64,10.57,printing,independent,sabotaged
ds-job-000,57,329.15,212.91,11.27,printing,independent,sabotaged
ds-job-000,58,330.86,215.73,10.88,printing,independent,sabotaged
ds-job-000,59,351.95,209.19,12.56,printing,independent,sabotaged
ds-job-000,60,290.0,204.75,0.0,printing,independent,sabotaged
ds-job-000,61,290.0,208.36,0.0,printing,independent,sabotaged
ds-job-000,62,340.65,207.1,10.55,printing,independent,sabotaged
ds-job-000,63,340.11,208.94,11.7,printing,independent,sabotaged
ds-job-000,64,341.42,215.29,11.2,printing,independent,sabotaged
ds-job-000,65,363.27,207.02,11.79,printing,independent,sabotaged
ds-job-000,66,351.91,205.82,11.86,printing,independent,sabotaged
ds-job-000,67,358.58,207.64,10.93,printing,independent,sabotaged
ds-job-000,68,340.3,210.06,11.03,printing,independent,sabotaged
ds-job-000,69,339.92,207.01,9.45,printing,independent,sabotaged
ds-job-000,70,333.7,210.13,10.33,printing,independent,sabotaged
ds-job-000,71,364.45,207.23,11.2,printing,independent,sabotaged
ds-job-000,72,351.47,211.44,11.31,printing,independent,sabotaged
ds-job-000,73,364.45,204.66,11.77,printing,independent,sabotaged
ds-job-000,74,340.3,210.19,12.96,printing,independent,sabotaged
ds-job-000,75,373.23,205.88,12.12,printing,independent,sabotaged
ds-job-000,76,340.81,211.32,13.07,printing,independent,sabotaged
ds-job-000,77,332.08,218.0,12.21,printing,independent,sabotaged
ds-job-000,78,345.02,207.02,10.07,printing,independent,sabotaged
ds-job-000,79,351.36,210.1,10.28,printing,independent,sabotaged
ds-job-000,80,356.21,206.64,10.81,printing,independent,sabotaged
ds-job-000,81,331.23,205.82,11.05,printing,independent,sabotaged
ds-job-000,82,320.12,208.54,11.94,printing,independent,sabotaged
ds-job-000,83,360.34,214.16,11.14,printing,independent,sabotaged
ds-job-000,84,328.87,209.95,12.37,printing,independent,sabotaged
ds-job-000,85,335.29,213.97,9.19,printing,independent,sabotaged
ds-job-000,86,357.21,208.73,12.21,printing,independent,sabotaged
ds-job-000,87,352.18,211.68,11.92,printing,independent,sabotaged
ds-job-000,88,320.1,206.66,11.26,printing,independent,sabotaged
ds-job-000,89,324.25,204.69,11.01,printing,independent,sabotaged
ds-job-000,90,342.91,210.11,12.39,printing,independent,sabotaged
ds-job-000,91,354.34,208.43,11.79,printing,independent,sabotaged
ds-job-000,92,333.74,208.12,10.74,printing,independent,sabotaged
ds-job-000,93,355.33,217.97,10.68,printing,independent,sabotaged
ds-job-000,94,338.52,213.09,12.18,printing,independent,sabotaged
ds-job-000,95,329.77,208.14,12.36,printing,independent,sabotaged
ds-job-000,96,308.15,212.82,11.77,printing,independent,sabotaged
ds-job-000,97,353.46,206.59,12.14,printing,independent,sabotaged
ds-job-000,98,357.16,213.19,11.92,printing,independent,sabotaged
ds-job-000,99,353.21,207.62,12.98,printing,independent,sabotaged
ds-job-000,100,76.47,191.35,0.0,cooling,independent,sabotaged
ds-job-000,101,69.81,106.33,0.0,cooling,independent,sabotaged
ds-job-000,102,68.59,130.93,0.0,cooling,independent,sabotaged
ds-job-000,103,70.22,124.68,0.0,cooling,independent,sabotaged
ds-job-000,104,71.83,151.64,0.0,cooling,independent,sabotaged
ds-job-000,105,68.98,126.51,0.0,cooling,independent,sabotaged
ds-job-000,106,65.5,167.53,0.0,cooling,independent,sabotaged
ds-job-000,107,63.64,81.78,0.0,cooling,independent,sabotaged
ds-job-000,108,54.71,82.25,0.0,cooling,independent,sabotaged
ds-job-000,109,57.6,146.7,0.0,cooling,independent,sabotaged
ds-job-000,110,67.1,115.94,0.0,cooling,independent,sabotaged
ds-job-001,0,48.9,23.96,0.0,idle,independent,legitimate
ds-job-001,1,49.61,25.91,0.0,idle,independent,legitimate
ds-job-001,2,47.72,24.72,0.0,idle,independent,legitimate
ds-job-001,3,50.18,21.4,0.0,idle,independent,legitimate
ds-job-001,4,53.71,23.56,0.0,idle,independent,legitimate
ds-job-001,5,49.76,26.35,0.0,idle,independent,legitimate
ds-job-001,6,41.13,23.24,0.0,idle,independent,legitimate
ds-job-001,7,47.4,23.45,0.0,idle,independent,legitimate
ds-job-001,8,238.41,104.95,0.0,heating,independent,legitimate
ds-job-001,9,216.47,116.44,0.0,heating,independent,legitimate
ds-job-001,10,234.98,147.27,0.0,heating,independent,legitimate
ds-job-001,11,233.23,110.97,0.0,heating,independent,legitimate
ds-job-001,12,186.22,136.19,0.0,heating,independent,legitimate
ds-job-001,13,209.41,119.01,0.0,heating,independent,legitimate
ds-job-001,14,213.31,118.79,0.0,heating,independent,legitimate
ds-job-001,15,228.16,127.65,0.0,heating,independent,legitimate
ds-job-001,16,203.48,132.11,0.0,heating,independent,legitimate
ds-job-001,17,249.8,123.8,0.0,heating,independent,legitimate
ds-job-001,18,178.58,114.93,0.0,heating,independent,legitimate
ds-job-001,19,219.05,146.57,0.0,heating,independent,legitimate
ds-job-001,20,193.76,137.86,0.0,heating,independent,legitimate
ds-job-001,21,198.5,131.44,0.0,heating,independent,legitimate
ds-job-001,22,196.11,151.61,0.0,heating,independent,legitimate
ds-job-001,23,191.14,90.27,0.0,heating,independent,legitimate
ds-job-001,24,211.76,143.3,0.0,heating,independent,legitimate
ds-job-001,25,190.07,146.42,0.0,heating,independent,legitimate
ds-job-001,26,202.77,119.25,0.0,heating,independent,legitimate
ds-job-001,27,228.86,143.95,0.0,heating,independent,legitimate
ds-job-001,28,244.07,113.24,0.0,heating,independent,legitimate
ds-job-001,29,201.21,139.8,0.0,heating,independent,legitimate
ds-job-001,30,196.33,165.15,0.0,heating,independent,legitimate
ds-job-001,31,203.37,126.0,0.0,heating,independent,legitimate
ds-job-001,32,366.35,204.08,11.21,printing,independent,legitimate
ds-job-001,33,355.38,215.52,12.3,printing,independent,legitimate
ds-job-001,34,360.69,210.17,12.25,printing,independent,legitimate
ds-job-001,35,357.34,213.08,12.24,printing,independent,legitimate
ds-job-001,36,342.19,204.46,10.89,printing,independent,legitimate
ds-job-001,37,347.57,209.05,12.08,printing,independent,legitimate
ds-job-001,38,341.53,210.42,11.43,printing,independent,legitimate
ds-job-001,39,333.67,204.51,12.26,printing,independent,legitimate
ds-job-001,40,357.95,212.84,13.53,printing,independent,legitimate
ds-job-001,41,379.62,208.64,11.61,printing,independent,legitimate
ds-job-001,42,360.14,211.25,13.3,printing,independent,legitimate
ds-job-001,43,354.05,202.59,11.39,printing,independent,legitimate
ds-job-001,44,349.49,211.13,12.98,printing,independent,legitimate
ds-job-001,45,339.18,212.76,11.73,printing,independent,legitimate
ds-job-001,46,333.79,205.17,11.52,printing,independent,legitimate
ds-job-001,47,358.98,213.27,10.99,printing,independent,legitimate
ds-job-001,48,368.19,209.31,11.93,printing,independent,legitimate
ds-job-001,49,382.12,204.9,11.43,printing,independent,legitimate
ds-job-001,50,342.44,207.63,11.45,printing,independent,legitimate
ds-job-001,51,349.51,207.76,10.5,printing,independent,legitimate
ds-job-001,52,355.13,215.27,11.46,printing,independent,legitimate
ds-job-001,53,373.5,206.94,11.8,printing,independent,legitimate
ds-job-001,54,345.06,208.07,12.79,printing,independent,legitimate
ds-job-001,55,362.52,210.53,11.39,printing,independent,legitimate
ds-job-001,56,326.62,206.65,11.75,printing,independent,legitimate
ds-job-001,57,317.83,208.08,11.64,printing,independent,legitimate
ds-job-001,58,339.82,209.28,8.8,printing,independent,legitimate
ds-job-001,59,374.62,205.18,12.32,printing,independent,legitimate
ds-job-001,60,338.58,207.37,11.17,printing,independent,legitimate
ds-job-001,61,350.0,210.43,10.91,printing,independent,legitimate
ds-job-001,62,346.51,208.71,11.72,printing,independent,legitimate
ds-job-001,63,367.53,216.71,12.1,printing,independent,legitimate
ds-job-001,64,356.23,203.59,11.33,printing,independent,legitimate
ds-job-001,65,351.74,211.75,12.51,printing,independent,legitimate
ds-job-001,66,365.03,210.77,10.26,printing,independent,legitimate
ds-job-001,67,335.68,204.51,13.39,printing,independent,legitimate
ds-job-001,68,342.89,213.47,11.65,printing,independent,legitimate
ds-job-001,69,369.73,210.52,10.31,printing,independent,legitimate
ds-job-001,70,357.09,210.67,11.68,printing,independent,legitimate
ds-job-001,71,349.54,205.4,11.13,printing,independent,legitimate
ds-job-001,72,369.05,208.81,11.57,printing,independent,legitimate
ds-job-001,73,344.87,209.26,11.18,printing,independent,legitimate
ds-job-001,74,313.61,210.5,13.18,printing,independent,legitimate
ds-job-001,75,346.6,211.34,11.73,printing,independent,legitimate
ds-job-001,76,350.02,211.54,11.84,printing,independent,legitimate
ds-job-001,77,332.25,214.19,13.81,printing,independent,legitimate
ds-job-001,78,340.33,202.05,11.52,printing,independent,legitimate
ds-job-001,79,349.52,205.91,10.1,printing,independent,legitimate
ds-job-001,80,347.58,209.48,10.35,printing,independent,legitimate
ds-job-001,81,344.46,207.45,10.02,printing,independent,legitimate
ds-job-001,82,350.32,207.97,11.63,printing,independent,legitimate
ds-job-001,83,368.86,210.05,12.14,printing,independent,legitimate
ds-job-001,84,366.48,207.04,11.96,printing,independent,legitimate
ds-job-001,85,361.53,208.09,12.51,printing,independent,legitimate
ds-job-001,86,339.84,207.54,11.35,printing,independent,legitimate
ds-job-001,87,347.77,210.91,12.78,printing,independent,legitimate
ds-job-001,88,340.51,210.21,12.82,printing,independent,legitimate
ds-job-001,89,332.92,209.72,12.55,printing,independent,legitimate
ds-job-001,90,372.18,207.98,11.52,printing,independent,legitimate
ds-job-001,91,368.69,204.39,12.67,printing,independent,legitimate
ds-job-001,92,339.13,205.81,13.24,printing,independent,legitimate
ds-job-001,93,329.38,209.8,10.19,printing,independent,legitimate
ds-job-001,94,397.97,206.09,11.85,printing,independent,legitimate
ds-job-001,95,334.01,208.8,14.22,printing,independent,legitimate
ds-job-001,96,331.28,208.93,12.27,printing,independent,legitimate
ds-job-001,97,385.24,204.83,9.75,printing,independent,legitimate
ds-job-001,98,386.87,210.4,11.76,printing,independent,legitimate
ds-job-001,99,341.07,210.5,11.61,printing,independent,legitimate
ds-job-001,100,380.49,208.47,10.29,printing,independent,legitimate
ds-job-001,101,349.22,209.35,10.91,printing,independent,legitimate
ds-job-001,102,344.03,215.9,10.2,printing,independent,legitimate
ds-job-001,103,341.97,211.46,12.29,printing,independent,legitimate
ds-job-001,104,346.38,209.54,11.18,printing,independent,legitimate
ds-job-001,105,357.34,206.9,12.33,printing,independent,legitimate
ds-job-001,106,359.0,209.37,14.6,printing,independent,legitimate
ds-job-001,107,366.02,214.17,9.94,printing,independent,legitimate
ds-job-001,108,348.13,207.85,12.43,printing,independent,legitimate
ds-job-001,109,367.09,214.04,11.4,printing,independent,legitimate
ds-job-001,110,351.94,208.77,10.23,printing,independent,legitimate
ds-job-001,111,323.79,210.01,9.34,printing,independent,legitimate
ds-job-001,112,327.16,210.56,12.95,printing,independent,legitimate
ds-job-001,113,386.06,208.97,10.47,printing,independent,legitimate
ds-job-001,114,356.26,212.38,11.3,printing,independent,legitimate
ds-job-001,115,322.49,207.41,12.15,printing,independent,legitimate
ds-job-001,116,348.7,216.68,10.65,printing,independent,legitimate
ds-job-001,117,349.08,212.41,12.53,printing,independent,legitimate
ds-job-001,118,334.59,210.81,11.52,printing,independent,legitimate
ds-job-001,119,340.9,211.45,12.53,printing,independent,legitimate
ds-job-001,120,363.92,206.79,11.96,printing,independent,legitimate
ds-job-001,121,361.31,210.27,13.24,printing,independent,legitimate
ds-job-001,122,373.97,207.86,8.24,printing,independent,legitimate
ds-job-001,123,354.59,203.05,9.76,printing,independent,legitimate
ds-job-001,124,337.99,206.65,12.07,printing,independent,legitimate
ds-job-001,125,351.14,206.71,10.42,printing,independent,legitimate
ds-job-001,126,363.29,207.35,11.74,printing,independent,legitimate
ds-job-001,127,355.48,209.97,12.99,printing,independent,legitimate
ds-job-001,128,346.98,212.87,11.3,printing,independent,legitimate
ds-job-001,129,359.24,204.83,12.83,printing,independent,legitimate
ds-job-001,130,348.54,207.25,14.36,printing,independent,legitimate
ds-job-001,131,358.59,211.92,12.87,printing,independent,legitimate
ds-job-001,132,354.09,207.77,11.42,printing,independent,legitimate
ds-job-001,133,376.07,210.39,12.81,printing,independent,legitimate
ds-job-001,134,366.6,207.43,12.29,printing,independent,legitimate
ds-job-001,135,342.31,210.65,10.37,printing,independent,legitimate
ds-job-001,136,373.85,208.83,12.31,printing,independent,legitimate
ds-job-001,137,358.08,212.12,12.51,printing,independent,legitimate
ds-job-001,138,355.24,205.1,12.39,printing,independent,legitimate
ds-job-001,139,321.77,210.13,11.03,printing,independent,legitimate
ds-job-001,140,340.67,207.65,13.51,printing,independent,legitimate
ds-job-001,141,343.78,209.44,11.26,printing,independent,legitimate
ds-job-001,142,343.86,206.92,13.12,printing,independent,legitimate
ds-job-001,143,347.43,213.63,11.51,printing,independent,legitimate
ds-job-001,144,341.89,207.86,12.21,printing,independent,legitimate
ds-job-001,145,368.61,206.16,13.06,printing,independent,legitimate
ds-job-001,146,319.86,214.33,12.09,printing,independent,legitimate
ds-job-001,147,349.61,213.51,11.67,printing,independent,legitimate
ds-job-001,148,52.48,144.81,0.0,cooling,independent,legitimate
ds-job-001,149,76.64,72.83,0.0,cooling,independent,legitimate
ds-job-001,150,65.61,133.3,0.0,cooling,independent,legitimate
ds-job-001,151,66.35,107.25,0.0,cooling,independent,legitimate
ds-job-001,152,57.93,105.2,0.0,cooling,independent,legitimate
ds-job-001,153,65.5,124.98,0.0,cooling,independent,legitimate
ds-job-001,154,64.47,104.76,0.0,cooling,independent,legitimate
ds-job-001,155,69.44,131.42,0.0,cooling,independent,legitimate
ds-job-001,156,72.39,134.64,0.0,cooling,independent,legitimate
ds-job-001,157,59.0,72.67,0.0,cooling,independent,legitimate
ds-job-001,158,64.74,27.14,0.0,cooling,independent,legitimate
ds-job-001,159,63.65,197.49,0.0,cooling,independent,legitimate
ds-job-001,160,75.7,114.03,0.0,cooling,independent,legitimate
ds-job-001,161,55.08,54.62,0.0,cooling,independent,legitimate
ds-job-001,162,76.49,127.22,0.0,cooling,independent,legitimate
ds-job-001,163,65.77,103.75,0.0,cooling,independent,legitimate
ds-job-002,0,43.84,21.85,0.0,idle,independent,legitimate
ds-job-002,1,54.8,25.0,0.0,idle,independent,legitimate
ds-job-002,2,51.64,25.23,0.0,idle,independent,legitimate
ds-job-002,3,55.63,25.55,0.0,idle,independent,legitimate
ds-job-002,4,49.58,26.26,0.0,idle,independent,legitimate
ds-job-002,5,55.73,25.25,0.0,idle,independent,legitimate
ds-job-002,6,52.52,26.23,0.0,idle,independent,legitimate
ds-job-002,7,51.74,23.88,0.0,idle,independent,legitimate
ds-job-002,8,224.28,128.56,0.0,heating,independent,legitimate
ds-job-002,9,180.8,105.21,0.0,heating,independent,legitimate
ds-job-002,10,212.04,135.62,0.0,heating,independent,legitimate
ds-job-002,11,199.21,119.15,0.0,heating,independent,legitimate
ds-job-002,12,196.16,148.2,0.0,heating,independent,legitimate
ds-job-002,13,222.33,122.05,0.0,heating,independent,legitimate
ds-job-002,14,203.11,75.49,0.0,heating,independent,legitimate
ds-job-002,15,217.7,107.24,0.0,heating,independent,legitimate
ds-job-002,16,178.51,87.73,0.0,heating,independent,legitimate
ds-job-002,17,252.85,93.03,0.0,heating,independent,legitimate
ds-job-002,18,217.25,137.69,0.0,heating,independent,legitimate
ds-job-002,19,200.33,99.99,0.0,heating,independent,legitimate
ds-job-002,20,221.59,91.96,0.0,heating,independent,legitimate
ds-job-002,21,200.56,118.54,0.0,heating,independent,legitimate
ds-job-002,22,213.96,116.77,0.0,heating,independent,legitimate
ds-job-002,23,198.8,98.3,0.0,heating,independent,legitimate
ds-job-002,24,205.85,125.88,0.0,heating,independent,legitimate
ds-job-002,25,163.93,107.89,0.0,heating,independent,legitimate
ds-job-002,26,194.67,126.7,0.0,heating,independent,legitimate
ds-job-002,27,203.67,47.77,0.0,heating,independent,legitimate
ds-job-002,28,209.04,120.43,0.0,heating,independent,legitimate
ds-job-002,29,202.12,167.39,0.0,heating,independent,legitimate
ds-job-002,30,187.41,70.35,0.0,heating,independent,legitimate
ds-job-002,31,217.26,123.94,0.0,heating,independent,legitimate
ds-job-002,32,186.73,146.37,0.0,heating,independent,legitimate
ds-job-002,33,216.71,100.15,0.0,heating,independent,legitimate
ds-job-002,34,333.35,206.87,10.16,printing,independent,legitimate
ds-job-002,35,338.92,204.19,11.9,printing,independent,legitimate
ds-job-002,36,363.24,204.58,10.4,printing,independent,legitimate
ds-job-002,37,343.0,211.36,10.48,printing,independent,legitimate
ds-job-002,38,347.32,208.02,10.55,printing,independent,legitimate
ds-job-002,39,381.53,208.3,12.61,printing,independent,legitimate
ds-job-002,40,331.79,209.77,11.42,printing,independent,legitimate
ds-job-002,41,353.75,206.19,12.44,printing,independent,legitimate
ds-job-002,42,324.66,205.97,11.56,printing,independent,legitimate
ds-job-002,43,339.13,208.47,11.34,printing,independent,legitimate
ds-job-002,44,361.19,204.59,13.8,printing,independent,legitimate
ds-job-002,45,330.5,208.08,14.85,printing,independent,legitimate
ds-job-002,46,363.22,209.23,10.8,printing,independent,legitimate
ds-job-002,47,368.8,209.68,11.82,printing,independent,legitimate
ds-job-002,48,330.05,207.12,12.5,printing,independent,legitimate
ds-job-002,49,375.3,207.15,9.41,printing,independent,legitimate
ds-job-002,50,333.11,210.74,9.52,printing,independent,legitimate
ds-job-002,51,364.27,205.63,9.83,printing,independent,legitimate
ds-job-002,52,301.12,211.27,10.41,printing,independent,legitimate
ds-job-002,53,354.61,212.83,11.57,printing,independent,legitimate
ds-job-002,54,378.93,206.8,13.98,printing,independent,legitimate
ds-job-002,55,340.56,204.43,8.98,printing,independent,legitimate
ds-job-002,56,300.0,206.88,11.68,printing,independent,legitimate
ds-job-002,57,379.13,207.25,11.88,printing,independent,legitimate
ds-job-002,58,322.06,210.02,12.63,printing,independent,legitimate
ds-job-002,59,351.07,211.98,12.08,printing,independent,legitimate
ds-job-002,60,353.2,209.23,11.43,printing,independent,legitimate
ds-job-002,61,322.03,208.53,10.6,printing,independent,legitimate
ds-job-002,62,390.62,206.68,10.28,printing,independent,legitimate
ds-job-002,63,334.56,214.84,11.0,printing,independent,legitimate
ds-job-002,64,350.46,208.05,11.93,printing,independent,legitimate
ds-job-002,65,348.36,206.29,10.45,printing,independent,legitimate
ds-job-002,66,378.4,207.86,12.07,printing,independent,legitimate
ds-job-002,67,333.17,206.4,11.52,printing,independent,legitimate
ds-job-002,68,345.78,210.66,10.7,printing,independent,legitimate
ds-job-002,69,379.76,211.04,11.37,printing,independent,legitimate
ds-job-002,70,321.83,212.27,12.26,printing,independent,legitimate
ds-job-002,71,327.52,203.51,12.27,printing,independent,legitimate
ds-job-002,72,366.27,210.33,11.28,printing,independent,legitimate
ds-job-002,73,343.46,206.69,11.68,printing,independent,legitimate
ds-job-002,74,368.98,213.49,10.43,printing,independent,legitimate
ds-job-002,75,354.13,207.38,11.42,printing,independent,legitimate
ds-job-002,76,356.7,209.09,12.22,printing,independent,legitimate
ds-job-002,77,351.34,207.84,11.73,printing,independent,legitimate
ds-job-002,78,352.88,215.5,11.89,printing,independent,legitimate
ds-job-002,79,361.63,205.68,11.37,printing,independent,legitimate
ds-job-002,80,352.57,202.2,11.05,printing,independent,legitimate
ds-job-002,81,335.0,207.18,12.75,printing,independent,legitimate
ds-job-002,82,368.71,211.31,12.11,printing,independent,legitimate
ds-job-002,83,351.73,210.22,11.34,printing,independent,legitimate
ds-job-002,84,350.2,204.09,13.64,printing,independent,legitimate
ds-job-002,85,349.53,211.82,11.56,printing,independent,legitimate
ds-job-002,86,338.66,215.46,10.93,printing,independent,legitimate
ds-job-002,87,316.57,208.78,11.19,printing,independent,legitimate
ds-job-002,88,343.87,209.08,10.84,printing,independent,legitimate
ds-job-002,89,360.67,211.56,11.1,printing,independent,legitimate
ds-job-002,90,365.74,209.72,11.98,printing,independent,legitimate
ds-job-002,91,323.49,210.53,9.79,printing,independent,legitimate
ds-job-002,92,360.85,211.55,10.63,printing,independent,legitimate
ds-job-002,93,367.57,210.28,11.36,printing,independent,legitimate
ds-job-002,94,347.14,206.64,10.74,printing,independent,legitimate
ds-job-002,95,343.01,209.03,9.56,printing,independent,legitimate
ds-job-002,96,338.63,213.68,12.15,printing,independent,legitimate
ds-job-002,97,344.22,211.02,12.49,printing,independent,legitimate
ds-job-002,98,343.49,212.01,11.89,printing,independent,legitimate
ds-job-002,99,347.53,212.0,11.89,printing,independent,legitimate
ds-job-002,100,357.33,207.62,9.99,printing,independent,legitimate
ds-job-002,101,315.95,207.83,10.1,printing,independent,legitimate
ds-job-002,102,364.8,211.52,11.97,printing,independent,legitimate
ds-job-002,103,332.45,206.99,12.69,printing,independent,legitimate
ds-job-002,104,314.85,208.05,12.82,printing,independent,legitimate
ds-job-002,105,356.51,212.36,10.22,printing,independent,legitimate
ds-job-002,106,347.06,215.95,12.68,printing,independent,legitimate
ds-job-002,107,350.32,210.08,10.9,printing,independent,legitimate
ds-job-002,108,367.41,210.37,10.74,printing,independent,legitimate
ds-job-002,109,309.01,204.85,10.79,printing,independent,legitimate
ds-job-002,110,371.81,206.66,10.57,printing,independent,legitimate
ds-job-002,111,358.51,210.62,9.99,printing,independent,legitimate
ds-job-002,112,356.87,212.46,10.12,printing,independent,legitimate
ds-job-002,113,355.39,208.8,10.23,printing,independent,legitimate
ds-job-002,114,389.68,203.37,11.74,printing,independent,legitimate
ds-job-002,115,381.69,212.05,10.19,printing,independent,legitimate
ds-job-002,116,343.42,209.52,11.58,printing,independent,legitimate
ds-job-002,117,355.9,213.59,11.04,printing,independent,legitimate
ds-job-002,118,362.67,212.71,9.92,printing,independent,legitimate
ds-job-002,119,323.57,213.63,10.29,printing,independent,legitimate
ds-job-002,120,328.31,205.9,11.86,printing,independent,legitimate
ds-job-002,121,362.67,212.22,11.43,printing,independent,legitimate
ds-job-002,122,378.67,212.6,12.52,printing,independent,legitimate
ds-job-002,123,355.92,206.61,11.46,printing,independent,legitimate
ds-job-002,124,371.3,206.3,10.74,printing,independent,legitimate
ds-job-002,125,353.49,210.81,12.72,printing,independent,legitimate
ds-job-002,126,346.21,208.36,10.58,printing,independent,legitimate
ds-job-002,127,363.25,211.03,10.23,printing,independent,legitimate
ds-job-002,128,338.18,208.71,12.83,printing,independent,legitimate
ds-job-002,129,355.49,204.97,11.72,printing,independent,legitimate
ds-job-002,130,343.21,213.03,12.56,printing,independent,legitimate
ds-job-002,131,357.59,209.87,11.42,printing,independent,legitimate
ds-job-002,132,368.03,207.95,11.05,printing,independent,legitimate
ds-job-002,133,338.47,208.78,12.42,printing,independent,legitimate
ds-job-002,134,366.97,209.86,12.33,printing,independent,legitimate
ds-job-002,135,319.62,209.1,13.22,printing,independent,legitimate
ds-job-002,136,352.31,210.87,10.82,printing,independent,legitimate
ds-job-002,137,375.83,214.48,14.08,printing,independent,legitimate
ds-job-002,138,343.44,207.87,12.34,printing,independent,legitimate
ds-job-002,139,340.51,209.7,13.07,printing,independent,legitimate
ds-job-002,140,356.92,212.21,10.96,printing,independent,legitimate
ds-job-002,141,379.72,208.56,12.53,printing,independent,legitimate
ds-job-002,142,348.39,210.43,11.06,printing,independent,legitimate
ds-job-002,143,339.87,209.51,12.94,printing,independent,legitimate
ds-job-002,144,353.01,206.14,11.36,printing,independent,legitimate
ds-job-002,145,323.98,212.21,10.72,printing,independent,legitimate
ds-job-002,146,348.22,211.28,10.82,printing,independent,legitimate
ds-job-002,147,360.72,211.58,13.15,printing,independent,legitimate
ds-job-002,148,336.43,210.62,10.81,printing,independent,legitimate
ds-job-002,149,347.42,200.0,12.44,printing,independent,legitimate
ds-job-002,150,349.29,210.71,11.74,printing,independent,legitimate
ds-job-002,151,351.09,206.81,13.7,printing,independent,legitimate
ds-job-002,152,371.06,207.7,11.54,printing,independent,legitimate
ds-job-002,153,344.23,207.51,11.44,printing,independent,legitimate
ds-job-002,154,337.18,208.52,10.11,printing,independent,legitimate
ds-job-002,155,359.04,212.53,9.47,printing,independent,legitimate
ds-job-002,156,346.74,212.86,10.17,printing,independent,legitimate
ds-job-002,157,361.42,207.78,10.96,printing,independent,legitimate
ds-job-002,158,336.16,209.34,11.67,printing,independent,legitimate
ds-job-002,159,352.27,207.96,12.49,printing,independent,legitimate
ds-job-002,160,71.77,86.41,0.0,cooling,independent,legitimate
ds-job-002,161,53.81,135.72,0.0,cooling,independent,legitimate
ds-job-002,162,73.41,128.09,0.0,cooling,independent,legitimate
ds-job-002,163,59.01,182.21,0.0,cooling,independent,legitimate
ds-job-002,164,62.74,133.33,0.0,cooling,independent,legitimate
ds-job-002,165,90.0,93.44,0.0,cooling,independent,legitimate
ds-job-002,166,67.73,137.46,0.0,cooling,independent,legitimate
ds-job-002,167,60.43,99.13,0.0,cooling,independent,legitimate
ds-job-002,168,63.83,52.03,0.0,cooling,independent,legitimate
ds-job-002,169,64.94,125.88,0.0,cooling,independent,legitimate
ds-job-002,170,75.57,204.99,0.0,cooling,independent,legitimate
ds-job-002,171,61.75,95.87,0.0,cooling,independent,legitimate
ds-job-002,172,62.62,115.62,0.0,cooling,independent,legitimate
ds-job-002,173,68.25,118.01,0.0,cooling,independent,legitimate
ds-job-002,174,76.97,110.94,0.0,cooling,independent,legitimate
ds-job-002,175,73.12,98.64,0.0,cooling,independent,legitimate
ds-job-002,176,67.72,68.18,0.0,cooling,independent,legitimate
ds-job-003,0,50.88,25.87,0.0,idle,independent,legitimate
ds-job-003,1,44.6,25.54,0.0,idle,independent,legitimate
ds-job-003,2,52.88,22.58,0.0,idle,independent,legitimate
ds-job-003,3,53.39,23.38,0.0,idle,independent,legitimate
ds-job-003,4,217.68,104.85,0.0,heating,independent,legitimate
ds-job-003,5,206.23,149.65,0.0,heating,independent,legitimate
ds-job-003,6,210.59,136.23,0.0,heating,independent,legitimate
ds-job-003,7,191.87,130.69,0.0,heating,independent,legitimate
ds-job-003,8,213.77,141.81,0.0,heating,independent,legitimate
ds-job-003,9,181.97,115.4,0.0,heating,independent,legitimate
ds-job-003,10,228.58,141.67,0.0,heating,independent,legitimate
ds-job-003,11,212.66,75.42,0.0,heating,independent,legitimate
ds-job-003,12,214.29,87.51,0.0,heating,independent,legitimate
ds-job-003,13,193.12,135.58,0.0,heating,independent,legitimate
ds-job-003,14,233.94,96.06,0.0,heating,independent,legitimate
ds-job-003,15,198.64,107.92,0.0,heating,independent,legitimate
ds-job-003,16,204.21,98.99,0.0,heating,independent,legitimate
ds-job-003,17,378.9,209.1,10.79,printing,independent,legitimate
ds-job-003,18,333.61,210.98,11.86,printing,independent,legitimate
ds-job-003,19,350.53,209.31,10.02,printing,independent,legitimate
ds-job-003,20,332.45,210.42,11.89,printing,independent,legitimate
ds-job-003,21,333.35,209.45,11.45,printing,independent,legitimate
ds-job-003,22,360.65,206.83,11.14,printing,independent,legitimate
ds-job-003,23,364.34,209.7,11.55,printing,independent,legitimate
ds-job-003,24,340.52,205.94,9.93,printing,independent,legitimate
ds-job-003,25,333.25,209.02,10.76,printing,independent,legitimate
ds-job-003,26,344.13,210.84,12.81,printing,independent,legitimate
ds-job-003,27,343.46,207.83,9.73,printing,independent,legitimate
ds-job-003,28,347.85,211.53,11.64,printing,independent,legitimate
ds-job-003,29,356.19,211.42,12.57,printing,independent,legitimate
ds-job-003,30,347.23,204.07,9.86,printing,independent,legitimate
ds-job-003,31,356.96,207.52,10.22,printing,independent,legitimate
ds-job-003,32,353.24,203.33,15.0,printing,independent,legitimate
ds-job-003,33,342.99,210.83,12.82,printing,independent,legitimate
ds-job-003,34,343.7,212.62,12.2,printing,independent,legitimate
ds-job-003,35,359.54,204.73,12.01,printing,independent,legitimate
ds-job-003,36,328.2,208.44,13.56,printing,independent,legitimate
ds-job-003,37,338.44,210.32,13.82,printing,independent,legitimate
ds-job-003,38,350.64,212.44,12.71,printing,independent,legitimate
ds-job-003,39,341.08,207.5,12.68,printing,independent,legitimate
ds-job-003,40,344.75,211.41,10.61,printing,independent,legitimate
ds-job-003,41,327.42,207.15,11.88,printing,independent,legitimate
ds-job-003,42,347.77,206.18,11.73,printing,independent,legitimate
ds-job-003,43,382.06,208.17,11.78,printing,independent,legitimate
ds-job-003,44,354.08,210.59,11.05,printing,independent,legitimate
ds-job-003,45,338.57,211.3,9.79,printing,independent,legitimate
ds-job-003,46,357.43,206.32,9.82,printing,independent,legitimate
ds-job-003,47,347.13,213.29,12.52,printing,independent,legitimate
ds-job-003,48,345.85,208.78,12.31,printing,independent,legitimate
ds-job-003,49,360.49,207.04,11.54,printing,independent,legitimate
ds-job-003,50,324.09,210.74,10.06,printing,independent,legitimate
ds-job-003,51,352.18,208.55,9.39,printing,independent,legitimate
ds-job-003,52,362.76,214.46,10.34,printing,independent,legitimate
ds-job-003,53,334.25,213.4,10.23,printing,independent,legitimate
ds-job-003,54,363.33,205.94,9.89,printing,independent,legitimate
ds-job-003,55,371.39,212.58,10.49,printing,independent,legitimate
ds-job-003,56,306.24,206.22,9.91,printing,independent,legitimate
ds-job-003,57,320.27,206.22,9.78,printing,independent,legitimate
ds-job-003,58,350.8,211.95,11.87,printing,independent,legitimate
ds-job-003,59,351.08,208.94,13.73,printing,independent,legitimate
ds-job-003,60,328.15,208.05,11.06,printing,independent,legitimate
ds-job-003,61,348.92,207.86,10.34,printing,independent,legitimate
ds-job-003,62,379.33,210.77,11.65,printing,independent,legitimate
ds-job-003,63,330.75,209.35,11.87,printing,independent,legitimate
ds-job-003,64,342.85,212.55,12.77,printing,independent,legitimate
ds-job-003,65,340.3,210.02,9.69,printing,independent,legitimate
ds-job-003,66,353.35,210.93,11.85,printing,independent,legitimate
ds-job-003,67,366.04,209.18,10.1,printing,independent,legitimate
ds-job-003,68,340.39,203.92,10.98,printing,independent,legitimate
ds-job-003,69,363.61,209.9,9.99,printing,independent,legitimate
ds-job-003,70,323.32,210.47,11.18,printing,independent,legitimate
ds-job-003,71,337.85,209.46,12.94,printing,independent,legitimate
ds-job-003,72,359.71,212.34,12.16,printing,independent,legitimate
ds-job-003,73,345.37,207.82,10.55,printing,independent,legitimate
ds-job-003,74,382.61,208.19,9.26,printing,independent,legitimate
ds-job-003,75,340.86,207.8,10.88,printing,independent,legitimate
ds-job-003,76,385.58,212.2,10.04,printing,independent,legitimate
ds-job-003,77,312.54,212.39,12.6,printing,independent,legitimate
ds-job-003,78,379.81,206.94,10.63,printing,independent,legitimate
ds-job-003,79,343.57,206.62,11.18,printing,independent,legitimate
ds-job-003,80,368.59,204.51,13.01,printing,independent,legitimate
ds-job-003,81,73.0,122.8,0.0,cooling,independent,legitimate
ds-job-003,82,77.96,124.81,0.0,cooling,independent,legitimate
ds-job-003,83,73.59,163.8,0.0,cooling,independent,legitimate
ds-job-003,84,72.51,110.09,0.0,cooling,independent,legitimate
ds-job-003,85,48.88,66.98,0.0,cooling,independent,legitimate
ds-job-003,86,58.8,149.27,0.0,cooling,independent,legitimate
ds-job-003,87,59.28,86.2,0.0,cooling,independent,legitimate
ds-job-003,88,70.77,110.29,0.0,cooling,independent,legitimate
ds-job-003,89,66.04,49.08,0.0,cooling,independent,legitimate
ds-job-004,0,50.09,25.34,0.0,idle,independent,legitimate
ds-job-004,1,50.09,24.83,0.0,idle,independent,legitimate
ds-job-004,2,48.55,22.95,0.0,idle,independent,legitimate
ds-job-004,3,46.51,25.57,0.0,idle,independent,legitimate
ds-job-004,4,49.41,23.33,0.0,idle,independent,legitimate
ds-job-004,5,217.46,122.64,0.0,heating,independent,legitimate
ds-job-004,6,189.94,109.45,0.0,heating,independent,legitimate
ds-job-004,7,214.82,74.95,0.0,heating,independent,legitimate
ds-job-004,8,189.66,154.09,0.0,heating,independent,legitimate
ds-job-004,9,250.58,86.01,0.0,heating,independent,legitimate
ds-job-004,10,223.75,105.76,0.0,heating,independent,legitimate
ds-job-004,11,243.97,124.45,0.0,heating,independent,legitimate
ds-job-004,12,198.23,178.75,0.0,heating,independent,legitimate
ds-job-004,13,189.71,138.76,0.0,heating,independent,legitimate
ds-job-004,14,156.36,133.33,0.0,heating,independent,legitimate
ds-job-004,15,236.47,131.05,0.0,heating,independent,legitimate
ds-job-004,16,226.34,115.85,0.0,heating,independent,legitimate
ds-job-004,17,194.13,98.87,0.0,heating,independent,legitimate
ds-job-004,18,202.58,98.67,0.0,heating,independent,legitimate
ds-job-004,19,191.49,147.26,0.0,heating,independent,legitimate
ds-job-004,20,189.04,100.19,0.0,heating,independent,legitimate
ds-job-004,21,218.14,155.05,0.0,heating,independent,legitimate
ds-job-004,22,341.91,205.7,12.0,printing,independent,legitimate
ds-job-004,23,358.72,207.8,12.4,printing,independent,legitimate
ds-job-004,24,353.45,201.98,10.11,printing,independent,legitimate
ds-job-004,25,355.09,206.04,10.97,printing,independent,legitimate
ds-job-004,26,312.83,209.24,13.71,printing,independent,legitimate
ds-job-004,27,361.98,215.83,10.34,printing,independent,legitimate
ds-job-004,28,372.37,214.35,11.13,printing,independent,legitimate
ds-job-004,29,355.67,207.22,11.77,printing,independent,legitimate
ds-job-004,30,337.67,211.32,11.29,printing,independent,legitimate
ds-job-004,31,359.34,213.06,12.67,printing,independent,legitimate
ds-job-004,32,348.49,211.06,10.22,printing,independent,legitimate
ds-job-004,33,355.79,205.09,13.5,printing,independent,legitimate
ds-job-004,34,334.86,206.1,11.95,printing,independent,legitimate
ds-job-004,35,346.6,209.26,10.38,printing,independent,legitimate
ds-job-004,36,330.45,208.89,12.38,printing,independent,legitimate
ds-job-004,37,349.15,200.05,12.7,printing,independent,legitimate
ds-job-004,38,351.2,206.99,11.35,printing,independent,legitimate
ds-job-004,39,338.81,205.74,8.0,printing,independent,legitimate
ds-job-004,40,383.16,206.06,11.07,printing,independent,legitimate
ds-job-004,41,359.12,202.55,11.04,printing,independent,legitimate
ds-job-004,42,350.57,207.82,12.33,printing,independent,legitimate
ds-job-004,43,323.71,211.04,11.76,printing,independent,legitimate
ds-job-004,44,347.91,208.36,13.11,printing,independent,legitimate
ds-job-004,45,330.02,206.47,13.83,printing,independent,legitimate
ds-job-004,46,334.72,203.19,10.84,printing,independent,legitimate
ds-job-004,47,385.22,212.78,10.13,printing,independent,legitimate
ds-job-004,48,346.45,209.63,9.81,printing,independent,legitimate
ds-job-004,49,347.47,213.54,10.98,printing,independent,legitimate
ds-job-004,50,336.49,206.57,11.92,printing,independent,legitimate
ds-job-004,51,361.07,207.69,11.56,printing,independent,legitimate
ds-job-004,52,354.56,211.79,11.26,printing,independent,legitimate
ds-job-004,53,349.4,203.6,10.39,printing,independent,legitimate
ds-job-004,54,330.3,209.82,10.44,printing,independent,legitimate
ds-job-004,55,362.2,214.44,12.01,printing,independent,legitimate
ds-job-004,56,336.44,207.1,12.81,printing,independent,legitimate
ds-job-004,57,368.6,206.66,11.76,printing,independent,legitimate
ds-job-004,58,337.68,207.65,11.34,printing,independent,legitimate
ds-job-004,59,358.51,208.89,12.8,printing,independent,legitimate
ds-job-004,60,369.14,212.15,10.3,printing,independent,legitimate
ds-job-004,61,358.54,206.44,9.8,printing,independent,legitimate
ds-job-004,62,335.38,203.91,12.82,printing,independent,legitimate
ds-job-004,63,367.82,210.06,11.06,printing,independent,legitimate
ds-job-004,64,345.27,206.64,12.02,printing,independent,legitimate
ds-job-004,65,356.47,205.52,11.56,printing,independent,legitimate
ds-job-004,66,353.81,204.59,12.93,printing,independent,legitimate
ds-job-004,67,332.31,206.21,11.96,printing,independent,legitimate
ds-job-004,68,342.07,204.94,11.31,printing,independent,legitimate
ds-job-004,69,322.71,210.57,12.87,printing,independent,legitimate
ds-job-004,70,335.12,212.21,11.83,printing,independent,legitimate
ds-job-004,71,340.47,211.15,12.32,printing,independent,legitimate
ds-job-004,72,347.08,209.5,12.33,printing,independent,legitimate
ds-job-004,73,365.08,209.46,11.76,printing,independent,legitimate
ds-job-004,74,344.35,210.04,12.74,printing,independent,legitimate
ds-job-004,75,374.2,205.99,11.8,printing,independent,legitimate
ds-job-004,76,344.35,208.94,9.57,printing,independent,legitimate
ds-job-004,77,330.82,208.41,11.71,printing,independent,legitimate
ds-job-004,78,334.69,203.33,12.54,printing,independent,legitimate
ds-job-004,79,361.07,206.97,12.07,printing,independent,legitimate
ds-job-004,80,366.07,209.87,11.79,printing,independent,legitimate
ds-job-004,81,347.77,206.14,14.06,printing,independent,legitimate
ds-job-004,82,346.85,212.64,11.32,printing,independent,legitimate
ds-job-004,83,370.61,210.68,11.74,printing,independent,legitimate
ds-job-004,84,380.34,205.47,10.74,printing,independent,legitimate
ds-job-004,85,359.61,213.79,11.4,printing,independent,legitimate
ds-job-004,86,344.97,207.21,12.2,printing,independent,legitimate
ds-job-004,87,371.11,209.16,13.15,printing,independent,legitimate
ds-job-004,88,375.08,209.51,10.75,printing,independent,legitimate
ds-job-004,89,354.97,207.61,11.98,printing,independent,legitimate
ds-job-004,90,333.25,214.42,12.46,printing,independent,legitimate
ds-job-004,91,367.61,213.59,10.9,printing,independent,legitimate
ds-job-004,92,354.65,206.26,11.07,printing,independent,legitimate
ds-job-004,93,351.93,218.0,13.02,printing,independent,legitimate
ds-job-004,94,360.36,207.61,12.47,printing,independent,legitimate
ds-job-004,95,350.09,212.93,11.59,printing,independent,legitimate
ds-job-004,96,365.24,204.68,10.36,printing,independent,legitimate
ds-job-004,97,340.68,208.88,10.74,printing,independent,legitimate
ds-job-004,98,335.48,212.24,11.91,printing,independent,legitimate
ds-job-004,99,332.06,203.6,11.63,printing,independent,legitimate
ds-job-004,100,325.06,206.65,9.95,printing,independent,legitimate
ds-job-004,101,370.41,207.88,11.25,printing,independent,legitimate
ds-job-004,102,346.6,207.73,9.79,printing,independent,legitimate
ds-job-004,103,347.82,206.93,11.29,printing,independent,legitimate
ds-job-004,104,379.36,210.6,10.58,printing,independent,legitimate
ds-job-004,105,352.52,213.19,10.92,printing,independent,legitimate
ds-job-004,106,60.4,117.73,0.0,cooling,independent,legitimate
ds-job-004,107,67.89,134.73,0.0,cooling,independent,legitimate
ds-job-004,108,63.63,117.35,0.0,cooling,independent,legitimate
ds-job-004,109,66.93,72.9,0.0,cooling,independent,legitimate
ds-job-004,110,73.77,102.47,0.0,cooling,independent,legitimate
ds-job-004,111,60.13,149.43,0.0,cooling,independent,legitimate
ds-job-004,112,76.1,121.33,0.0,cooling,independent,legitimate
ds-job-004,113,67.17,148.19,0.0,cooling,independent,legitimate
ds-job-004,114,62.03,115.26,0.0,cooling,independent,legitimate
ds-job-004,115,63.27,144.59,0.0,cooling,independent,legitimate
ds-job-004,116,57.88,193.78,0.0,cooling,independent,legitimate
ds-job-005,0,49.74,26.08,0.0,idle,independent,lazy-fake
ds-job-005,1,48.7,26.51,0.0,idle,independent,lazy-fake
ds-job-005,2,46.77,25.94,0.0,idle,independent,lazy-fake
ds-job-005,3,47.84,24.31,0.0,idle,independent,lazy-fake
ds-job-005,4,50.83,25.0,0.0,heating,independent,lazy-fake
ds-job-005,5,55.89,30.0,0.0,heating,independent,lazy-fake
ds-job-005,6,49.72,23.1,0.0,heating,independent,lazy-fake
ds-job-005,7,53.36,22.31,0.0,heating,independent,lazy-fake
ds-job-005,8,50.95,23.75,0.0,heating,independent,lazy-fake
ds-job-005,9,45.15,20.05,0.0,heating,independent,lazy-fake
ds-job-005,10,48.53,27.52,0.0,heating,independent,lazy-fake
ds-job-005,11,43.74,24.18,0.0,heating,independent,lazy-fake
ds-job-005,12,51.47,22.28,0.0,heating,independent,lazy-fake
ds-job-005,13,57.87,29.4,0.0,heating,independent,lazy-fake
ds-job-005,14,49.52,24.75,0.0,heating,independent,lazy-fake
ds-job-005,15,51.83,25.81,0.0,heating,independent,lazy-fake
ds-job-005,16,48.67,24.23,0.0,heating,independent,lazy-fake
ds-job-005,17,53.91,24.48,0.0,heating,independent,lazy-fake
ds-job-005,18,42.69,22.91,0.0,printing,independent,lazy-fake
ds-job-005,19,50.69,23.96,0.0,printing,independent,lazy-fake
ds-job-005,20,54.93,26.24,0.0,printing,independent,lazy-fake
ds-job-005,21,54.16,23.41,0.0,printing,independent,lazy-fake
ds-job-005,22,48.69,25.81,0.0,printing,independent,lazy-fake
ds-job-005,23,44.44,25.42,0.0,printing,independent,lazy-fake
ds-job-005,24,50.71,27.1,0.0,printing,independent,lazy-fake
ds-job-005,25,51.94,27.4,0.0,printing,independent,lazy-fake
ds-job-005,26,50.2,27.67,0.0,printing,independent,lazy-fake
ds-job-005,27,50.85,26.52,0.0,printing,independent,lazy-fake
ds-job-005,28,50.05,26.43,0.0,printing,independent,lazy-fake
ds-job-005,29,54.33,23.32,0.0,printing,independent,lazy-fake
ds-job-005,30,50.65,24.1,0.0,printing,independent,lazy-fake
ds-job-005,31,50.88,23.86,0.0,printing,independent,lazy-fake
ds-job-005,32,44.35,26.72,0.0,printing,independent,lazy-fake
ds-job-005,33,47.96,25.99,0.0,printing,independent,lazy-fake
ds-job-005,34,50.19,27.91,0.0,printing,independent,lazy-fake
ds-job-005,35,60.0,22.74,0.0,printing,independent,lazy-fake
ds-job-005,36,54.02,23.05,0.0,printing,independent,lazy-fake
ds-job-005,37,48.49,23.36,0.0,printing,independent,lazy-fake
ds-job-005,38,56.61,25.55,0.0,printing,independent,lazy-fake
ds-job-005,39,47.78,24.7,0.0,printing,independent,lazy-fake
ds-job-005,40,46.1,25.22,0.0,printing,independent,lazy-fake
ds-job-005,41,47.36,25.1,0.0,printing,independent,lazy-fake
ds-job-005,42,45.71,28.11,0.0,printing,independent,lazy-fake
ds-job-005,43,50.84,25.9,0.0,printing,independent,lazy-fake
ds-job-005,44,54.63,25.53,0.0,printing,independent,lazy-fake
ds-job-005,45,53.64,23.6,0.0,printing,independent,lazy-fake
ds-job-005,46,52.7,23.67,0.0,printing,independent,lazy-fake
ds-job-005,47,45.28,22.28,0.0,printing,independent,lazy-fake
ds-job-005,48,51.28,25.85,0.0,printing,independent,lazy-fake
ds-job-005,49,50.27,26.86,0.0,printing,independent,lazy-fake
ds-job-005,50,53.13,25.24,0.0,printing,independent,lazy-fake
ds-job-005,51,51.65,23.78,0.0,printing,independent,lazy-fake
ds-job-005,52,58.14,26.78,0.0,printing,independent,lazy-fake
ds-job-005,53,47.98,27.88,0.0,printing,independent,lazy-fake
ds-job-005,54,47.02,26.22,0.0,printing,independent,lazy-fake
ds-job-005,55,51.97,26.41,0.0,printing,independent,lazy-fake
ds-job-005,56,51.75,23.63,0.0,printing,independent,lazy-fake
ds-job-005,57,49.35,23.03,0.0,printing,independent,lazy-fake
ds-job-005,58,50.53,24.21,0.0,printing,independent,lazy-fake
ds-job-005,59,51.01,23.72,0.0,printing,independent,lazy-fake
ds-job-005,60,45.42,25.38,0.0,printing,independent,lazy-fake
ds-job-005,61,48.92,21.46,0.0,printing,independent,lazy-fake
ds-job-005,62,52.83,27.72,0.0,printing,independent,lazy-fake
ds-job-005,63,54.54,22.54,0.0,printing,independent,lazy-fake
ds-job-005,64,57.67,25.9,0.0,printing,independent,lazy-fake
ds-job-005,65,50.06,21.24,0.0,printing,independent,lazy-fake
ds-job-005,66,46.58,23.71,0.0,printing,independent,lazy-fake
ds-job-005,67,49.54,25.98,0.0,printing,independent,lazy-fake
ds-job-005,68,48.53,28.07,0.0,printing,independent,lazy-fake
ds-job-005,69,52.82,24.96,0.0,printing,independent,lazy-fake
ds-job-005,70,50.27,27.06,0.0,printing,independent,lazy-fake
ds-job-005,71,49.45,23.62,0.0,printing,independent,lazy-fake
ds-job-005,72,46.49,25.95,0.0,printing,independent,lazy-fake
ds-job-005,73,52.35,25.88,0.0,printing,independent,lazy-fake
ds-job-005,74,51.44,25.46,0.0,printing,independent,lazy-fake
ds-job-005,75,55.79,25.11,0.0,printing,independent,lazy-fake
ds-job-005,76,48.83,27.0,0.0,printing,independent,lazy-fake
ds-job-005,77,59.05,24.17,0.0,printing,independent,lazy-fake
ds-job-005,78,51.53,22.62,0.0,printing,independent,lazy-fake
ds-job-005,79,55.86,27.66,0.0,printing,independent,lazy-fake
ds-job-005,80,48.53,25.56,0.0,printing,independent,lazy-fake
ds-job-005,81,49.55,24.84,0.0,printing,independent,lazy-fake
ds-job-005,82,50.31,23.21,0.0,printing,independent,lazy-fake
ds-job-005,83,54.81,27.7,0.0,printing,independent,lazy-fake
ds-job-005,84,48.65,25.89,0.0,printing,independent,lazy-fake
ds-job-005,85,50.12,25.43,0.0,printing,independent,lazy-fake
ds-job-005,86,41.5,21.85,0.0,printing,independent,lazy-fake
ds-job-005,87,52.84,26.02,0.0,printing,independent,lazy-fake
ds-job-005,88,45.65,23.82,0.0,printing,independent,lazy-fake
ds-job-005,89,52.44,25.43,0.0,cooling,independent,lazy-fake
ds-job-005,90,45.9,25.23,0.0,cooling,independent,lazy-fake
ds-job-005,91,50.02,24.47,0.0,cooling,independent,lazy-fake
ds-job-005,92,52.71,24.06,0.0,cooling,independent,lazy-fake
ds-job-005,93,47.12,27.08,0.0,cooling,independent,lazy-fake
ds-job-005,94,50.93,26.44,0.0,cooling,independent,lazy-fake
ds-job-005,95,49.55,28.28,0.0,cooling,independent,lazy-fake
ds-job-005,96,43.67,23.11,0.0,cooling,independent,lazy-fake
ds-job-005,97,51.86,24.66,0.0,cooling,independent,lazy-fake
ds-job-006,0,48.78,27.24,0.0,idle,independent,legitimate
ds-job-006,1,49.74,23.82,0.0,idle,independent,legitimate
ds-job-006,2,52.32,22.54,0.0,idle,independent,legitimate
ds-job-006,3,41.62,25.12,0.0,idle,independent,legitimate
ds-job-006,4,50.69,26.82,0.0,idle,independent,legitimate
ds-job-006,5,221.77,104.28,0.0,heating,independent,legitimate
ds-job-006,6,187.87,146.6,0.0,heating,independent,legitimate
ds-job-006,7,220.88,167.9,0.0,heating,independent,legitimate
ds-job-006,8,214.59,139.13,0.0,heating,independent,legitimate
ds-job-006,9,184.18,108.12,0.0,heating,independent,legitimate
ds-job-006,10,223.19,161.34,0.0,heating,independent,legitimate
ds-job-006,11,190.35,133.93,0.0,heating,independent,legitimate
ds-job-006,12,203.93,127.74,0.0,heating,independent,legitimate
ds-job-006,13,248.08,87.77,0.0,heating,independent,legitimate
ds-job-006,14,183.56,93.98,0.0,heating,independent,legitimate
ds-job-006,15,183.72,151.11,0.0,heating,independent,legitimate
ds-job-006,16,215.27,109.83,0.0,heating,independent,legitimate
ds-job-006,17,196.65,71.96,0.0,heating,independent,legitimate
ds-job-006,18,195.45,145.31,0.0,heating,independent,legitimate
ds-job-006,19,199.65,157.17,0.0,heating,independent,legitimate
ds-job-006,20,392.83,208.96,12.72,printing,independent,legitimate
ds-job-006,21,337.63,208.63,12.45,printing,independent,legitimate
ds-job-006,22,319.8,209.21,12.44,printing,independent,legitimate
ds-job-006,23,360.97,203.99,11.6,printing,independent,legitimate
ds-job-006,24,350.76,213.47,12.36,printing,independent,legitimate
ds-job-006,25,351.24,202.2,10.3,printing,independent,legitimate
ds-job-006,26,335.1,208.9,12.73,printing,independent,legitimate
ds-job-006,27,353.94,209.41,11.25,printing,independent,legitimate
ds-job-006,28,357.31,207.54,9.72,printing,independent,legitimate
ds-job-006,29,341.44,209.12,12.85,printing,independent,legitimate
ds-job-006,30,323.0,204.1,12.21,printing,independent,legitimate
ds-job-006,31,379.23,211.59,12.43,printing,independent,legitimate
ds-job-006,32,338.59,211.01,11.56,printing,independent,legitimate
ds-job-006,33,346.41,210.67,12.2,printing,independent,legitimate
ds-job-006,34,330.77,210.6,11.3,printing,independent,legitimate
ds-job-006,35,369.35,212.85,10.81,printing,independent,legitimate
ds-job-006,36,344.26,206.59,11.01,printing,independent,legitimate
ds-job-006,37,369.66,211.82,9.22,printing,independent,legitimate
ds-job-006,38,328.7,211.65,11.45,printing,independent,legitimate
ds-job-006,39,356.84,206.63,10.68,printing,independent,legitimate
ds-job-006,40,352.19,208.19,11.43,printing,independent,legitimate
ds-job-006,41,366.2,204.17,11.81,printing,independent,legitimate
ds-job-006,42,325.02,205.33,10.58,printing,independent,legitimate
ds-job-006,43,343.08,210.09,10.27,printing,independent,legitimate
ds-job-006,44,319.03,209.51,12.95,printing,independent,legitimate
ds-job-006,45,357.82,209.12,10.69,printing,independent,legitimate
ds-job-006,46,370.79,213.54,10.11,printing,independent,legitimate
ds-job-006,47,370.6,203.72,13.07,printing,independent,legitimate
ds-job-006,48,375.34,208.43,15.0,printing,independent,legitimate
ds-job-006,49,318.04,207.01,11.77,printing,independent,legitimate
ds-job-006,50,360.48,211.18,14.21,printing,independent,legitimate
ds-job-006,51,349.34,204.8,11.39,printing,independent,legitimate
ds-job-006,52,354.18,209.98,12.63,printing,independent,legitimate
ds-job-006,53,363.91,207.96,12.67,printing,independent,legitimate
ds-job-006,54,357.51,206.04,11.58,printing,independent,legitimate
ds-job-006,55,359.2,205.36,11.37,printing,independent,legitimate
ds-job-006,56,338.63,208.74,11.68,printing,independent,legitimate
ds-job-006,57,352.46,206.31,12.05,printing,independent,legitimate
ds-job-006,58,336.86,205.73,13.31,printing,independent,legitimate
ds-job-006,59,338.08,210.02,11.85,printing,independent,legitimate
ds-job-006,60,345.25,204.75,11.57,printing,independent,legitimate
ds-job-006,61,358.92,205.45,9.89,printing,independent,legitimate
ds-job-006,62,334.07,206.96,12.07,printing,independent,legitimate
ds-job-006,63,333.58,207.38,10.31,printing,independent,legitimate
ds-job-006,64,359.96,211.33,11.52,printing,independent,legitimate
ds-job-006,65,346.13,205.1,12.29,printing,independent,legitimate
ds-job-006,66,380.84,207.52,11.29,printing,independent,legitimate
ds-job-006,67,367.0,216.14,12.24,printing,independent,legitimate
ds-job-006,68,362.66,207.39,12.26,printing,independent,legitimate
ds-job-006,69,348.15,213.2,12.83,printing,independent,legitimate
ds-job-006,70,363.09,205.78,11.36,printing,independent,legitimate
ds-job-006,71,337.54,206.47,11.67,printing,independent,legitimate
ds-job-006,72,353.74,211.12,10.32,printing,independent,legitimate
ds-job-006,73,376.78,211.29,10.89,printing,independent,legitimate
ds-job-006,74,341.13,209.42,11.58,printing,independent,legitimate
ds-job-006,75,338.82,211.97,9.47,printing,independent,legitimate
ds-job-006,76,375.85,202.51,10.89,printing,independent,legitimate
ds-job-006,77,348.8,208.04,10.25,printing,independent,legitimate
ds-job-006,78,374.37,207.35,13.17,printing,independent,legitimate
ds-job-006,79,349.01,207.72,9.33,printing,independent,legitimate
ds-job-006,80,349.43,207.13,11.57,printing,independent,legitimate
ds-job-006,81,339.52,206.73,10.79,printing,independent,legitimate
ds-job-006,82,324.15,209.98,11.85,printing,independent,legitimate
ds-job-006,83,356.22,202.0,11.08,printing,independent,legitimate
ds-job-006,84,324.76,206.86,11.66,printing,independent,legitimate
ds-job-006,85,365.71,206.49,12.79,printing,independent,legitimate
ds-job-006,86,329.88,210.37,10.57,printing,independent,legitimate
ds-job-006,87,347.19,212.64,10.4,printing,independent,legitimate
ds-job-006,88,374.25,207.92,10.21,printing,independent,legitimate
ds-job-006,89,356.29,212.22,12.17,printing,independent,legitimate
ds-job-006,90,370.76,211.31,10.96,printing,independent,legitimate
ds-job-006,91,51.28,75.86,0.0,cooling,independent,legitimate
ds-job-006,92,51.01,118.56,0.0,cooling,independent,legitimate
ds-job-006,93,69.48,106.06,0.0,cooling,independent,legitimate
ds-job-006,94,68.47,90.26,0.0,cooling,independent,legitimate
ds-job-006,95,58.01,129.16,0.0,cooling,independent,legitimate
ds-job-006,96,67.34,106.66,0.0,cooling,independent,legitimate
ds-job-006,97,79.74,106.86,0.0,cooling,independent,legitimate
ds-job-006,98,67.15,114.93,0.0,cooling,independent,legitimate
ds-job-006,99,58.89,161.35,0.0,cooling,independent,legitimate
ds-job-006,100,62.17,132.85,0.0,cooling,independent,legitimate
ds-job-007,0,44.23,22.42,0.0,idle,independent,legitimate
ds-job-007,1,50.46,24.24,0.0,idle,independent,legitimate
ds-job-007,2,45.23,27.95,0.0,idle,independent,legitimate
ds-job-007,3,48.95,22.1,0.0,idle,independent,legitimate
ds-job-007,4,41.72,24.63,0.0,idle,independent,legitimate
ds-job-007,5,48.5,26.74,0.0,idle,independent,legitimate
ds-job-007,6,182.61,168.69,0.0,heating,independent,legitimate
ds-job-007,7,193.64,111.21,0.0,heating,independent,legitimate
ds-job-007,8,215.56,91.5,0.0,heating,independent,legitimate
ds-job-007,9,221.94,89.64,0.0,heating,independent,legitimate
ds-job-007,10,208.78,101.42,0.0,heating,independent,legitimate
ds-job-007,11,225.39,140.4,0.0,heating,independent,legitimate
ds-job-007,12,206.83,97.02,0.0,heating,independent,legitimate
ds-job-007,13,191.74,139.05,0.0,heating,independent,legitimate
ds-job-007,14,233.9,150.54,0.0,heating,independent,legitimate
ds-job-007,15,237.86,132.88,0.0,heating,independent,legitimate
ds-job-007,16,199.3,117.63,0.0,heating,independent,legitimate
ds-job-007,17,257.35,123.52,0.0,heating,independent,legitimate
ds-job-007,18,203.55,97.84,0.0,heating,independent,legitimate
ds-job-007,19,221.87,92.65,0.0,heating,independent,legitimate
ds-job-007,20,177.91,52.76,0.0,heating,independent,legitimate
ds-job-007,21,234.69,178.2,0.0,heating,independent,legitimate
ds-job-007,22,220.92,92.04,0.0,heating,independent,legitimate
ds-job-007,23,153.3,125.57,0.0,heating,independent,legitimate
ds-job-007,24,208.27,64.37,0.0,heating,independent,legitimate
ds-job-007,25,353.2,211.79,9.88,printing,independent,legitimate
ds-job-007,26,323.22,208.02,10.6,printing,independent,legitimate
ds-job-007,27,355.29,209.67,11.66,printing,independent,legitimate
ds-job-007,28,335.11,208.35,13.24,printing,independent,legitimate
ds-job-007,29,325.09,209.68,12.19,printing,independent,legitimate
ds-job-007,30,361.95,210.54,12.31,printing,independent,legitimate
ds-job-007,31,329.12,207.93,12.84,printing,independent,legitimate
ds-job-007,32,400.0,212.73,11.1,printing,independent,legitimate
ds-job-007,33,365.39,208.96,11.37,printing,independent,legitimate
ds-job-007,34,353.1,207.04,11.2,printing,independent,legitimate
ds-job-007,35,342.98,210.15,12.9,printing,independent,legitimate
ds-job-007,36,364.55,212.55,13.67,printing,independent,legitimate
ds-job-007,37,352.18,207.4,11.21,printing,independent,legitimate
ds-job-007,38,352.93,209.06,9.47,printing,independent,legitimate
ds-job-007,39,343.56,209.67,11.64,printing,independent,legitimate
ds-job-007,40,364.87,208.95,11.95,printing,independent,legitimate
ds-job-007,41,357.02,211.05,12.53,printing,independent,legitimate
ds-job-007,42,320.98,210.11,13.39,printing,independent,legitimate
ds-job-007,43,361.85,207.11,10.94,printing,independent,legitimate
ds-job-007,44,369.18,211.07,15.0,printing,independent,legitimate
ds-job-007,45,347.67,210.08,11.38,printing,independent,legitimate
ds-job-007,46,369.21,205.31,10.29,printing,independent,legitimate
ds-job-007,47,378.79,213.33,12.05,printing,independent,legitimate
ds-job-007,48,360.52,210.27,10.75,printing,independent,legitimate
ds-job-007,49,338.25,209.59,10.93,printing,independent,legitimate
ds-job-007,50,366.55,211.22,13.05,printing,independent,legitimate
ds-job-007,51,346.88,206.42,11.78,printing,independent,legitimate
ds-job-007,52,366.11,211.26,11.97,printing,independent,legitimate
ds-job-007,53,353.02,208.93,11.42,printing,independent,legitimate
ds-job-007,54,322.43,206.03,12.26,printing,independent,legitimate
ds-job-007,55,372.73,211.17,13.12,printing,independent,legitimate
ds-job-007,56,343.26,209.22,10.67,printing,independent,legitimate
ds-job-007,57,375.61,209.94,9.87,printing,independent,legitimate
ds-job-007,58,337.2,209.5,12.6,printing,independent,legitimate
ds-job-007,59,358.16,207.48,10.9,printing,independent,legitimate
ds-job-007,60,361.66,210.55,11.99,printing,independent,legitimate
ds-job-007,61,361.6,209.38,9.87,printing,independent,legitimate
ds-job-007,62,338.39,212.06,12.02,printing,independent,legitimate
ds-job-007,63,342.84,209.4,11.41,printing,independent,legitimate
ds-job-007,64,341.04,207.22,12.74,printing,independent,legitimate
ds-job-007,65,362.44,209.7,12.79,printing,independent,legitimate
ds-job-007,66,329.59,205.23,11.86,printing,independent,legitimate
ds-job-007,67,378.13,209.4,10.36,printing,independent,legitimate
ds-job-007,68,333.17,209.2,13.29,printing,independent,legitimate
ds-job-007,69,364.47,205.93,11.02,printing,independent,legitimate
ds-job-007,70,380.12,212.48,13.49,printing,independent,legitimate
ds-job-007,71,335.69,209.1,10.18,printing,independent,legitimate
ds-job-007,72,380.78,207.41,12.0,printing,independent,legitimate
ds-job-007,73,344.31,206.15,8.78,printing,independent,legitimate
ds-job-007,74,317.3,210.29,13.81,printing,independent,legitimate
ds-job-007,75,369.61,210.61,10.39,printing,independent,legitimate
ds-job-007,76,351.74,214.25,12.34,printing,independent,legitimate
ds-job-007,77,357.07,204.11,12.1,printing,independent,legitimate
ds-job-007,78,338.24,211.7,8.67,printing,independent,legitimate
ds-job-007,79,365.17,210.14,11.2,printing,independent,legitimate
ds-job-007,80,348.47,212.25,11.63,printing,independent,legitimate
ds-job-007,81,349.63,211.1,13.86,printing,independent,legitimate
ds-job-007,82,323.7,204.8,11.63,printing,independent,legitimate
ds-job-007,83,345.02,204.79,11.9,printing,independent,legitimate
ds-job-007,84,355.01,212.03,11.6,printing,independent,legitimate
ds-job-007,85,348.44,206.38,11.44,printing,independent,legitimate
ds-job-007,86,374.05,205.21,15.0,printing,independent,legitimate
ds-job-007,87,350.31,206.2,13.54,printing,independent,legitimate
ds-job-007,88,359.7,207.07,11.65,printing,independent,legitimate
ds-job-007,89,340.38,206.77,11.44,printing,independent,legitimate
ds-job-007,90,339.42,203.92,11.7,printing,independent,legitimate
ds-job-007,91,356.11,210.24,12.05,printing,independent,legitimate
ds-job-007,92,317.35,211.95,10.33,printing,independent,legitimate
ds-job-007,93,327.03,211.62,9.8,printing,independent,legitimate
ds-job-007,94,328.19,212.17,11.29,printing,independent,legitimate
ds-job-007,95,369.8,206.39,10.32,printing,independent,legitimate
ds-job-007,96,333.62,208.32,10.32,printing,independent,legitimate
ds-job-007,97,332.97,214.33,13.88,printing,independent,legitimate
ds-job-007,98,324.71,210.44,11.95,printing,independent,legitimate
ds-job-007,99,326.72,209.79,11.52,printing,independent,legitimate
ds-job-007,100,335.52,211.93,11.86,printing,independent,legitimate
ds-job-007,101,354.65,216.08,12.52,printing,independent,legitimate
ds-job-007,102,329.08,210.22,11.52,printing,independent,legitimate
ds-job-007,103,350.5,201.98,11.11,printing,independent,legitimate
ds-job-007,104,384.43,207.9,11.07,printing,independent,legitimate
ds-job-007,105,316.64,205.27,11.13,printing,independent,legitimate
ds-job-007,106,338.91,212.54,11.0,printing,independent,legitimate
ds-job-007,107,377.55,210.14,12.8,printing,independent,legitimate
ds-job-007,108,331.04,212.79,9.99,printing,independent,legitimate
ds-job-007,109,340.83,207.38,12.09,printing,independent,legitimate
ds-job-007,110,348.87,210.98,12.28,printing,independent,legitimate
ds-job-007,111,332.06,210.82,10.76,printing,independent,legitimate
ds-job-007,112,392.85,209.95,9.74,printing,independent,legitimate
ds-job-007,113,374.01,208.25,13.14,printing,independent,legitimate
ds-job-007,114,361.99,209.06,10.59,printing,independent,legitimate
ds-job-007,115,334.49,211.53,12.23,printing,independent,legitimate
ds-job-007,116,350.71,206.66,9.55,printing,independent,legitimate
ds-job-007,117,365.33,209.19,9.38,printing,independent,legitimate
ds-job-007,118,352.0,202.42,11.77,printing,independent,legitimate
ds-job-007,119,364.9,211.06,11.08,printing,independent,legitimate
ds-job-007,120,40.84,126.74,0.0,cooling,independent,legitimate
ds-job-007,121,70.67,137.38,0.0,cooling,independent,legitimate
ds-job-007,122,71.13,146.56,0.0,cooling,independent,legitimate
ds-job-007,123,71.47,143.66,0.0,cooling,independent,legitimate
ds-job-007,124,69.36,164.3,0.0,cooling,independent,legitimate
ds-job-007,125,62.67,102.1,0.0,cooling,independent,legitimate
ds-job-007,126,69.41,128.67,0.0,cooling,independent,legitimate
ds-job-007,127,54.66,62.99,0.0,cooling,independent,legitimate
ds-job-007,128,69.42,121.49,0.0,cooling,independent,legitimate
ds-job-007,129,81.7,103.23,0.0,cooling,independent,legitimate
ds-job-007,130,57.04,140.57,0.0,cooling,independent,legitimate
ds-job-007,131,76.76,128.13,0.0,cooling,independent,legitimate
ds-job-007,132,67.55,89.97,0.0,cooling,independent,legitimate
ds-job-008,0,50.18,24.94,0.0,idle,independent,legitimate
ds-job-008,1,49.23,22.77,0.0,idle,independent,legitimate
ds-job-008,2,49.68,24.06,0.0,idle,independent,legitimate
ds-job-008,3,56.6,26.55,0.0,idle,independent,legitimate
ds-job-008,4,56.66,24.19,0.0,idle,independent,legitimate
ds-job-008,5,48.92,23.79,0.0,idle,independent,legitimate
ds-job-008,6,51.23,22.04,0.0,idle,independent,legitimate
ds-job-008,7,49.79,24.64,0.0,idle,independent,legitimate
ds-job-008,8,166.15,108.92,0.0,heating,independent,legitimate
ds-job-008,9,224.27,140.96,0.0,heating,independent,legitimate
ds-job-008,10,223.8,99.74,0.0,heating,independent,legitimate
ds-job-008,11,163.41,144.16,0.0,heating,independent,legitimate
ds-job-008,12,213.43,132.48,0.0,heating,independent,legitimate
ds-job-008,13,195.19,150.71,0.0,heating,independent,legitimate
ds-job-008,14,182.96,186.65,0.0,heating,independent,legitimate
ds-job-008,15,192.72,79.31,0.0,heating,independent,legitimate
ds-job-008,16,209.88,139.97,0.0,heating,independent,legitimate
ds-job-008,17,166.04,88.17,0.0,heating,independent,legitimate
ds-job-008,18,199.81,123.32,0.0,heating,independent,legitimate
ds-job-008,19,227.7,118.86,0.0,heating,independent,legitimate
ds-job-008,20,215.75,97.64,0.0,heating,independent,legitimate
ds-job-008,21,173.97,168.18,0.0,heating,independent,legitimate
ds-job-008,22,207.3,95.99,0.0,heating,independent,legitimate
ds-job-008,23,190.8,87.87,0.0,heating,independent,legitimate
ds-job-008,24,177.52,163.39,0.0,heating,independent,legitimate
ds-job-008,25,191.81,170.41,0.0,heating,independent,legitimate
ds-job-008,26,179.91,156.0,0.0,heating,independent,legitimate
ds-job-008,27,170.29,155.78,0.0,heating,independent,legitimate
ds-job-008,28,237.74,105.38,0.0,heating,independent,legitimate
ds-job-008,29,227.13,122.25,0.0,heating,independent,legitimate
ds-job-008,30,228.42,86.55,0.0,heating,independent,legitimate
ds-job-008,31,203.28,118.81,0.0,heating,independent,legitimate
ds-job-008,32,237.04,140.42,0.0,heating,independent,legitimate
ds-job-008,33,323.87,210.79,10.86,printing,independent,legitimate
ds-job-008,34,352.85,211.71,10.7,printing,independent,legitimate
ds-job-008,35,340.08,214.46,11.95,printing,independent,legitimate
ds-job-008,36,355.06,208.42,11.88,printing,independent,legitimate
ds-job-008,37,352.35,213.19,10.54,printing,independent,legitimate
ds-job-008,38,346.19,204.76,12.31,printing,independent,legitimate
ds-job-008,39,363.96,200.0,10.67,printing,independent,legitimate
ds-job-008,40,338.18,210.09,11.29,printing,independent,legitimate
ds-job-008,41,349.92,205.97,13.18,printing,independent,legitimate
ds-job-008,42,358.98,213.56,10.37,printing,independent,legitimate
ds-job-008,43,342.25,212.8,11.81,printing,independent,legitimate
ds-job-008,44,345.24,210.49,9.61,printing,independent,legitimate
ds-job-008,45,357.46,211.4,13.23,printing,independent,legitimate
ds-job-008,46,362.81,207.1,10.43,printing,independent,legitimate
ds-job-008,47,324.66,211.07,11.86,printing,independent,legitimate
ds-job-008,48,351.57,208.49,10.88,printing,independent,legitimate
ds-job-008,49,338.64,209.28,11.61,printing,independent,legitimate
ds-job-008,50,372.79,207.53,11.52,printing,independent,legitimate
ds-job-008,51,342.62,206.15,12.41,printing,independent,legitimate
ds-job-008,52,376.64,208.43,13.15,printing,independent,legitimate
ds-job-008,53,346.84,207.55,9.77,printing,independent,legitimate
ds-job-008,54,350.84,210.19,12.77,printing,independent,legitimate
ds-job-008,55,371.93,205.69,11.08,printing,independent,legitimate
ds-job-008,56,356.07,210.68,12.62,printing,independent,legitimate
ds-job-008,57,339.12,206.68,11.15,printing,independent,legitimate
ds-job-008,58,358.03,206.0,12.49,printing,independent,legitimate
ds-job-008,59,353.01,210.89,11.02,printing,independent,legitimate
ds-job-008,60,377.77,206.6,11.99,printing,independent,legitimate
ds-job-008,61,347.31,211.68,9.66,printing,independent,legitimate
ds-job-008,62,357.98,209.96,12.66,printing,independent,legitimate
ds-job-008,63,345.75,209.89,10.22,printing,independent,legitimate
ds-job-008,64,347.01,209.67,10.35,printing,independent,legitimate
ds-job-008,65,361.32,206.94,10.89,printing,independent,legitimate
ds-job-008,66,364.85,213.62,11.41,printing,independent,legitimate
ds-job-008,67,323.26,207.43,11.5,printing,independent,legitimate
ds-job-008,68,340.45,209.87,10.53,printing,independent,legitimate
ds-job-008,69,361.04,210.56,11.17,printing,independent,legitimate
ds-job-008,70,374.15,206.12,10.4,printing,independent,legitimate
ds-job-008,71,366.95,208.87,10.57,printing,independent,legitimate
ds-job-008,72,347.38,212.29,11.77,printing,independent,legitimate
ds-job-008,73,377.53,211.22,11.19,printing,independent,legitimate
ds-job-008,74,370.35,210.52,9.85,printing,independent,legitimate
ds-job-008,75,352.77,205.54,12.33,printing,independent,legitimate
ds-job-008,76,344.65,206.75,12.37,printing,independent,legitimate
ds-job-008,77,308.58,207.48,10.64,printing,independent,legitimate
ds-job-008,78,378.08,209.3,9.99,printing,independent,legitimate
ds-job-008,79,363.78,207.3,9.9,printing,independent,legitimate
ds-job-008,80,356.32,205.63,12.09,printing,independent,legitimate
ds-job-008,81,347.92,208.72,13.45,printing,independent,legitimate
ds-job-008,82,331.2,209.59,12.66,printing,independent,legitimate
ds-job-008,83,360.27,215.43,11.84,printing,independent,legitimate
ds-job-008,84,352.03,208.4,12.59,printing,independent,legitimate
ds-job-008,85,341.32,215.66,11.53,printing,independent,legitimate
ds-job-008,86,339.63,209.69,10.52,printing,independent,legitimate
ds-job-008,87,355.32,209.5,10.86,printing,independent,legitimate
ds-job-008,88,353.31,207.05,12.44,printing,independent,legitimate
ds-job-008,89,357.22,207.87,10.94,printing,independent,legitimate
ds-job-008,90,360.98,202.6,9.68,printing,independent,legitimate
ds-job-008,91,350.04,213.67,11.1,printing,independent,legitimate
ds-job-008,92,361.92,208.62,12.19,printing,independent,legitimate
ds-job-008,93,336.81,206.02,12.49,printing,independent,legitimate
ds-job-008,94,303.19,212.74,10.89,printing,independent,legitimate
ds-job-008,95,336.88,209.03,11.39,printing,independent,legitimate
ds-job-008,96,334.19,209.96,13.01,printing,independent,legitimate
ds-job-008,97,361.03,205.08,11.89,printing,independent,legitimate
ds-job-008,98,354.83,204.57,9.94,printing,independent,legitimate
ds-job-008,99,341.28,208.39,11.84,printing,independent,legitimate
ds-job-008,100,352.71,205.25,11.04,printing,independent,legitimate
ds-job-008,101,345.53,208.76,12.0,printing,independent,legitimate
ds-job-008,102,358.1,206.89,13.25,printing,independent,legitimate
ds-job-008,103,364.47,205.16,11.74,printing,independent,legitimate
ds-job-008,104,327.83,208.33,10.92,printing,independent,legitimate
ds-job-008,105,376.69,204.74,11.64,printing,independent,legitimate
ds-job-008,106,329.28,208.84,11.09,printing,independent,legitimate
ds-job-008,107,337.88,207.57,13.5,printing,independent,legitimate
ds-job-008,108,378.72,204.37,12.72,printing,independent,legitimate
ds-job-008,109,357.77,205.87,12.15,printing,independent,legitimate
ds-job-008,110,347.59,210.17,13.84,printing,independent,legitimate
ds-job-008,111,338.66,211.94,11.66,printing,independent,legitimate
ds-job-008,112,335.56,207.04,10.07,printing,independent,legitimate
ds-job-008,113,356.73,204.71,12.4,printing,independent,legitimate
ds-job-008,114,362.33,210.02,10.55,printing,independent,legitimate
ds-job-008,115,384.05,206.03,9.5,printing,independent,legitimate
ds-job-008,116,354.22,207.97,10.29,printing,independent,legitimate
ds-job-008,117,362.61,211.78,10.84,printing,independent,legitimate
ds-job-008,118,344.83,206.01,13.59,printing,independent,legitimate
ds-job-008,119,361.27,206.74,10.92,printing,independent,legitimate
ds-job-008,120,356.07,206.08,10.07,printing,independent,legitimate
ds-job-008,121,380.54,212.51,9.0,printing,independent,legitimate
ds-job-008,122,361.94,207.78,10.98,printing,independent,legitimate
ds-job-008,123,356.74,203.12,10.99,printing,independent,legitimate
ds-job-008,124,370.91,200.91,10.84,printing,independent,legitimate
ds-job-008,125,328.74,206.65,10.57,printing,independent,legitimate
ds-job-008,126,366.47,204.61,11.88,printing,independent,legitimate
ds-job-008,127,378.68,205.86,11.42,printing,independent,legitimate
ds-job-008,128,356.21,206.78,10.32,printing,independent,legitimate
ds-job-008,129,338.5,209.43,8.71,printing,independent,legitimate
ds-job-008,130,347.59,204.83,10.85,printing,independent,legitimate
ds-job-008,131,352.72,209.4,8.99,printing,independent,legitimate
ds-job-008,132,348.91,209.97,10.43,printing,independent,legitimate
ds-job-008,133,348.59,212.09,11.02,printing,independent,legitimate
ds-job-008,134,331.53,206.59,10.21,printing,independent,legitimate
ds-job-008,135,350.5,206.99,12.4,printing,independent,legitimate
ds-job-008,136,322.29,210.17,11.87,printing,independent,legitimate
ds-job-008,137,350.79,211.99,13.46,printing,independent,legitimate
ds-job-008,138,343.05,207.82,9.63,printing,independent,legitimate
ds-job-008,139,353.72,207.73,10.85,printing,independent,legitimate
ds-job-008,140,344.38,213.2,10.51,printing,independent,legitimate
ds-job-008,141,342.8,211.3,12.79,printing,independent,legitimate
ds-job-008,142,349.72,208.37,11.92,printing,independent,legitimate
ds-job-008,143,369.37,211.9,10.0,printing,independent,legitimate
ds-job-008,144,378.57,210.64,14.91,printing,independent,legitimate
ds-job-008,145,361.92,203.64,11.34,printing,independent,legitimate
ds-job-008,146,333.35,211.34,10.65,printing,independent,legitimate
ds-job-008,147,333.52,209.17,10.84,printing,independent,legitimate
ds-job-008,148,348.82,208.7,8.84,printing,independent,legitimate
ds-job-008,149,353.89,205.03,10.14,printing,independent,legitimate
ds-job-008,150,342.8,208.4,11.43,printing,independent,legitimate
ds-job-008,151,326.94,211.32,12.16,printing,independent,legitimate
ds-job-008,152,383.44,214.64,9.83,printing,independent,legitimate
ds-job-008,153,364.95,209.21,11.81,printing,independent,legitimate
ds-job-008,154,61.99,102.9,0.0,cooling,independent,legitimate
ds-job-008,155,69.21,119.97,0.0,cooling,independent,legitimate
ds-job-008,156,64.43,151.01,0.0,cooling,independent,legitimate
ds-job-008,157,47.28,123.04,0.0,cooling,independent,legitimate
ds-job-008,158,52.13,81.02,0.0,cooling,independent,legitimate
ds-job-008,159,58.74,107.49,0.0,cooling,independent,legitimate
ds-job-008,160,83.92,124.82,0.0,cooling,independent,legitimate
ds-job-008,161,66.72,68.26,0.0,cooling,independent,legitimate
ds-job-008,162,65.58,116.02,0.0,cooling,independent,legitimate
ds-job-008,163,79.5,93.74,0.0,cooling,independent,legitimate
ds-job-008,164,47.14,102.29,0.0,cooling,independent,legitimate
ds-job-008,165,73.8,86.93,0.0,cooling,independent,legitimate
ds-job-008,166,76.24,103.74,0.0,cooling,independent,legitimate
ds-job-008,167,58.79,146.25,0.0,cooling,independent,legitimate
ds-job-008,168,79.32,170.14,0.0,cooling,independent,legitimate
ds-job-008,169,78.25,152.06,0.0,cooling,independent,legitimate
ds-job-008,170,72.43,121.63,0.0,cooling,independent,legitimate
ds-job-009,0,56.03,26.34,0.0,idle,independent,legitimate
ds-job-009,1,55.13,25.44,0.0,idle,independent,legitimate
ds-job-009,2,53.78,21.12,0.0,idle,independent,legitimate
ds-job-009,3,50.18,22.1,0.0,idle,independent,legitimate
ds-job-009,4,49.14,24.4,0.0,idle,independent,legitimate
ds-job-009,5,212.65,95.66,0.0,heating,independent,legitimate
ds-job-009,6,210.25,106.79,0.0,heating,independent,legitimate
ds-job-009,7,225.93,122.68,0.0,heating,independent,legitimate
ds-job-009,8,215.38,125.59,0.0,heating,independent,legitimate
ds-job-009,9,211.25,85.51,0.0,heating,independent,legitimate
ds-job-009,10,229.74,111.61,0.0,heating,independent,legitimate
ds-job-009,11,203.97,69.0,0.0,heating,independent,legitimate
ds-job-009,12,221.18,87.14,0.0,heating,independent,legitimate
ds-job-009,13,197.08,116.19,0.0,heating,independent,legitimate
ds-job-009,14,201.64,97.52,0.0,heating,independent,legitimate
ds-job-009,15,223.51,54.95,0.0,heating,independent,legitimate
ds-job-009,16,222.05,143.71,0.0,heating,independent,legitimate
ds-job-009,17,207.16,128.5,0.0,heating,independent,legitimate
ds-job-009,18,193.26,138.36,0.0,heating,independent,legitimate
ds-job-009,19,217.17,49.58,0.0,heating,independent,legitimate
ds-job-009,20,202.46,125.97,0.0,heating,independent,legitimate
ds-job-009,21,171.11,137.99,0.0,heating,independent,legitimate
ds-job-009,22,335.51,209.81,11.75,printing,independent,legitimate
ds-job-009,23,361.46,208.39,11.45,printing,independent,legitimate
ds-job-009,24,337.81,208.7,10.25,printing,independent,legitimate
ds-job-009,25,351.28,211.02,11.22,printing,independent,legitimate
ds-job-009,26,376.68,203.61,10.23,printing,independent,legitimate
ds-job-009,27,329.07,206.35,11.33,printing,independent,legitimate
ds-job-009,28,367.16,209.21,11.78,printing,independent,legitimate
ds-job-009,29,354.36,208.44,12.19,printing,independent,legitimate
ds-job-009,30,330.28,211.04,12.16,printing,independent,legitimate
ds-job-009,31,362.47,205.28,10.81,printing,independent,legitimate
ds-job-009,32,351.32,200.0,10.49,printing,independent,legitimate
ds-job-009,33,316.58,206.19,10.31,printing,independent,legitimate
ds-job-009,34,362.99,204.03,9.79,printing,independent,legitimate
ds-job-009,35,361.62,207.19,11.56,printing,independent,legitimate
ds-job-009,36,331.35,208.69,12.0,printing,independent,legitimate
ds-job-009,37,339.74,211.82,11.02,printing,independent,legitimate
ds-job-009,38,371.97,203.55,11.27,printing,independent,legitimate
ds-job-009,39,364.34,214.57,11.11,printing,independent,legitimate
ds-job-009,40,357.59,208.61,11.64,printing,independent,legitimate
ds-job-009,41,338.36,211.11,11.87,printing,independent,legitimate
ds-job-009,42,326.81,209.22,9.51,printing,independent,legitimate
ds-job-009,43,349.45,208.03,11.32,printing,independent,legitimate
ds-job-009,44,328.97,208.96,12.0,printing,independent,legitimate
ds-job-009,45,349.08,208.08,12.15,printing,independent,legitimate
ds-job-009,46,350.53,212.35,10.41,printing,independent,legitimate
ds-job-009,47,356.01,211.51,12.15,printing,independent,legitimate
ds-job-009,48,377.03,211.84,10.21,printing,independent,legitimate
ds-job-009,49,320.45,211.86,12.28,printing,independent,legitimate
ds-job-009,50,346.31,210.06,10.23,printing,independent,legitimate
ds-job-009,51,356.17,209.43,10.37,printing,independent,legitimate
ds-job-009,52,345.07,204.66,12.01,printing,independent,legitimate
ds-job-009,53,338.82,211.68,13.57,printing,independent,legitimate
ds-job-009,54,348.13,207.33,9.49,printing,independent,legitimate
ds-job-009,55,337.84,215.83,10.97,printing,independent,legitimate
ds-job-009,56,341.64,210.81,12.73,printing,independent,legitimate
ds-job-009,57,352.17,208.49,11.59,printing,independent,legitimate
ds-job-009,58,352.77,212.35,12.34,printing,independent,legitimate
ds-job-009,59,358.65,207.81,11.35,printing,independent,legitimate
ds-job-009,60,324.33,210.88,8.91,printing,independent,legitimate
ds-job-009,61,356.7,212.38,14.06,printing,independent,legitimate
ds-job-009,62,377.21,207.97,11.69,printing,independent,legitimate
ds-job-009,63,334.54,210.45,9.76,printing,independent,legitimate
ds-job-009,64,363.51,204.74,11.24,printing,independent,legitimate
ds-job-009,65,365.18,210.67,11.93,printing,independent,legitimate
ds-job-009,66,339.29,216.8,8.7,printing,independent,legitimate
ds-job-009,67,340.04,205.38,13.1,printing,independent,legitimate
ds-job-009,68,370.29,208.71,11.97,printing,independent,legitimate
ds-job-009,69,362.43,209.6,11.85,printing,independent,legitimate
ds-job-009,70,352.0,207.73,11.19,printing,independent,legitimate
ds-job-009,71,354.29,211.0,12.23,printing,independent,legitimate
ds-job-009,72,329.56,204.22,11.83,printing,independent,legitimate
ds-job-009,73,388.63,207.89,11.24,printing,independent,legitimate
ds-job-009,74,363.72,207.35,13.22,printing,independent,legitimate
ds-job-009,75,346.69,207.94,11.78,printing,independent,legitimate
ds-job-009,76,325.51,211.02,10.83,printing,independent,legitimate
ds-job-009,77,393.3,204.19,11.43,printing,independent,legitimate
ds-job-009,78,383.61,206.14,11.36,printing,independent,legitimate
ds-job-009,79,359.7,211.38,13.95,printing,independent,legitimate
ds-job-009,80,349.31,208.79,11.6,printing,independent,legitimate
ds-job-009,81,345.01,213.21,11.68,printing,independent,legitimate
ds-job-009,82,346.27,210.8,13.93,printing,independent,legitimate
ds-job-009,83,379.85,213.63,13.28,printing,independent,legitimate
ds-job-009,84,354.25,207.87,12.59,printing,independent,legitimate
ds-job-009,85,341.89,203.06,12.16,printing,independent,legitimate
ds-job-009,86,323.37,211.22,12.17,printing,independent,legitimate
ds-job-009,87,345.18,208.73,12.62,printing,independent,legitimate
ds-job-009,88,348.65,207.98,10.72,printing,independent,legitimate
ds-job-009,89,351.64,203.56,9.1,printing,independent,legitimate
ds-job-009,90,370.21,206.56,11.11,printing,independent,legitimate
ds-job-009,91,348.64,210.11,10.62,printing,independent,legitimate
ds-job-009,92,347.09,211.04,12.93,printing,independent,legitimate
ds-job-009,93,341.53,209.75,11.76,printing,independent,legitimate
ds-job-009,94,359.91,208.13,14.01,printing,independent,legitimate
ds-job-009,95,347.4,210.48,11.23,printing,independent,legitimate
ds-job-009,96,356.18,205.86,11.63,printing,independent,legitimate
ds-job-009,97,318.69,207.33,11.49,printing,independent,legitimate
ds-job-009,98,301.07,208.34,13.58,printing,independent,legitimate
ds-job-009,99,323.69,208.5,11.07,printing,independent,legitimate
ds-job-009,100,343.66,213.45,10.89,printing,independent,legitimate
ds-job-009,101,382.81,213.47,10.42,printing,independent,legitimate
ds-job-009,102,340.89,207.47,11.62,printing,independent,legitimate
ds-job-009,103,358.98,211.58,9.04,printing,independent,legitimate
ds-job-009,104,54.69,78.56,0.0,cooling,independent,legitimate
ds-job-009,105,69.9,138.92,0.0,cooling,independent,legitimate
ds-job-009,106,70.69,126.21,0.0,cooling,independent,legitimate
ds-job-009,107,62.61,113.44,0.0,cooling,independent,legitimate
ds-job-009,108,80.99,142.46,0.0,cooling,independent,legitimate
ds-job-009,109,60.21,93.12,0.0,cooling,independent,legitimate
ds-job-009,110,76.08,134.25,0.0,cooling,independent,legitimate
ds-job-009,111,54.35,93.64,0.0,cooling,independent,legitimate
ds-job-009,112,60.4,110.33,0.0,cooling,independent,legitimate
ds-job-009,113,82.05,103.1,0.0,cooling,independent,legitimate
ds-job-009,114,71.65,118.5,0.0,cooling,independent,legitimate
ds-job-010,0,58.11,26.88,0.0,idle,independent,legitimate
ds-job-010,1,52.15,25.61,0.0,idle,independent,legitimate
ds-job-010,2,51.84,27.46,0.0,idle,independent,legitimate
ds-job-010,3,47.57,27.8,0.0,idle,independent,legitimate
ds-job-010,4,48.38,25.68,0.0,idle,independent,legitimate
ds-job-010,5,219.7,92.83,0.0,heating,independent,legitimate
ds-job-010,6,176.62,141.0,0.0,heating,independent,legitimate
ds-job-010,7,218.94,154.8,0.0,heating,independent,legitimate
ds-job-010,8,165.04,123.43,0.0,heating,independent,legitimate
ds-job-010,9,177.85,156.94,0.0,heating,independent,legitimate
ds-job-010,10,208.13,112.2,0.0,heating,independent,legitimate
ds-job-010,11,176.85,97.66,0.0,heating,independent,legitimate
ds-job-010,12,162.78,144.54,0.0,heating,independent,legitimate
ds-job-010,13,220.23,111.87,0.0,heating,independent,legitimate
ds-job-010,14,196.23,117.89,0.0,heating,independent,legitimate
ds-job-010,15,191.44,106.52,0.0,heating,independent,legitimate
ds-job-010,16,208.68,102.07,0.0,heating,independent,legitimate
ds-job-010,17,164.42,151.2,0.0,heating,independent,legitimate
ds-job-010,18,229.32,112.82,0.0,heating,independent,legitimate
ds-job-010,19,180.95,141.06,0.0,heating,independent,legitimate
ds-job-010,20,228.14,167.78,0.0,heating,independent,legitimate
ds-job-010,21,352.22,210.15,11.87,printing,independent,legitimate
ds-job-010,22,328.0,208.74,14.45,printing,independent,legitimate
ds-job-010,23,343.24,207.05,10.81,printing,independent,legitimate
ds-job-010,24,341.28,209.59,9.51,printing,independent,legitimate
ds-job-010,25,345.64,204.51,13.12,printing,independent,legitimate
ds-job-010,26,377.4,207.03,11.32,printing,independent,legitimate
ds-job-010,27,356.43,213.5,11.69,printing,independent,legitimate
ds-job-010,28,338.73,209.0,10.66,printing,independent,legitimate
ds-job-010,29,363.84,209.89,10.37,printing,independent,legitimate
ds-job-010,30,377.52,212.93,10.02,printing,independent,legitimate
ds-job-010,31,354.65,210.96,12.69,printing,independent,legitimate
ds-job-010,32,356.64,206.51,12.64,printing,independent,legitimate
ds-job-010,33,368.98,204.93,11.98,printing,independent,legitimate
ds-job-010,34,358.55,210.46,11.32,printing,independent,legitimate
ds-job-010,35,359.15,207.18,10.28,printing,independent,legitimate
ds-job-010,36,349.2,211.74,10.82,printing,independent,legitimate
ds-job-010,37,359.09,209.04,13.29,printing,independent,legitimate
ds-job-010,38,336.58,208.42,10.61,printing,independent,legitimate
ds-job-010,39,353.53,204.18,13.24,printing,independent,legitimate
ds-job-010,40,360.18,206.5,10.72,printing,independent,legitimate
ds-job-010,41,371.23,207.43,12.41,printing,independent,legitimate
ds-job-010,42,364.29,207.56,12.26,printing,independent,legitimate
ds-job-010,43,338.02,212.52,8.19,printing,independent,legitimate
ds-job-010,44,303.09,211.0,12.72,printing,independent,legitimate
ds-job-010,45,365.29,210.91,11.68,printing,independent,legitimate
ds-job-010,46,355.88,206.36,11.43,printing,independent,legitimate
ds-job-010,47,350.53,205.4,12.62,printing,independent,legitimate
ds-job-010,48,360.74,207.76,13.64,printing,independent,legitimate
ds-job-010,49,325.48,214.23,10.73,printing,independent,legitimate
ds-job-010,50,322.85,209.38,10.46,printing,independent,legitimate
ds-job-010,51,356.47,217.66,10.89,printing,independent,legitimate
ds-job-010,52,321.57,212.22,10.13,printing,independent,legitimate
ds-job-010,53,350.45,206.23,13.7,printing,independent,legitimate
ds-job-010,54,371.34,202.82,11.08,printing,independent,legitimate
ds-job-010,55,328.61,208.41,10.52,printing,independent,legitimate
ds-job-010,56,338.2,212.2,12.51,printing,independent,legitimate
ds-job-010,57,347.54,208.08,11.76,printing,independent,legitimate
ds-job-010,58,364.67,213.68,9.03,printing,independent,legitimate
ds-job-010,59,348.61,213.05,11.64,printing,independent,legitimate
ds-job-010,60,354.69,210.55,12.16,printing,independent,legitimate
ds-job-010,61,318.95,207.07,10.64,printing,independent,legitimate
ds-job-010,62,349.81,207.83,12.34,printing,independent,legitimate
ds-job-010,63,357.81,209.56,9.25,printing,independent,legitimate
ds-job-010,64,344.89,208.22,11.97,printing,independent,legitimate
ds-job-010,65,362.41,210.27,10.12,printing,independent,legitimate
ds-job-010,66,373.91,210.07,10.85,printing,independent,legitimate
ds-job-010,67,340.75,200.25,9.86,printing,independent,legitimate
ds-job-010,68,331.21,214.5,12.77,printing,independent,legitimate
ds-job-010,69,353.3,209.65,11.68,printing,independent,legitimate
ds-job-010,70,356.07,207.42,10.74,printing,independent,legitimate
ds-job-010,71,355.02,207.55,11.1,printing,independent,legitimate
ds-job-010,72,364.28,202.58,11.14,printing,independent,legitimate
ds-job-010,73,381.65,207.88,12.38,printing,independent,legitimate
ds-job-010,74,379.88,207.42,11.21,printing,independent,legitimate
ds-job-010,75,350.24,211.77,12.03,printing,independent,legitimate
ds-job-010,76,348.63,210.4,11.03,printing,independent,legitimate
ds-job-010,77,315.82,209.06,11.91,printing,independent,legitimate
ds-job-010,78,364.58,206.64,11.08,printing,independent,legitimate
ds-job-010,79,334.87,209.79,11.13,printing,independent,legitimate
ds-job-010,80,340.37,211.96,11.27,printing,independent,legitimate
ds-job-010,81,327.86,204.87,11.62,printing,independent,legitimate
ds-job-010,82,377.52,210.52,9.91,printing,independent,legitimate
ds-job-010,83,366.05,208.42,12.06,printing,independent,legitimate
ds-job-010,84,354.61,211.92,13.33,printing,independent,legitimate
ds-job-010,85,390.88,207.88,12.38,printing,independent,legitimate
ds-job-010,86,337.58,210.49,11.73,printing,independent,legitimate
ds-job-010,87,341.06,206.75,12.95,printing,independent,legitimate
ds-job-010,88,361.23,203.43,12.07,printing,independent,legitimate
ds-job-010,89,332.37,208.66,11.9,printing,independent,legitimate
ds-job-010,90,335.47,207.23,11.93,printing,independent,legitimate
ds-job-010,91,365.37,211.95,12.1,printing,independent,legitimate
ds-job-010,92,370.54,203.93,11.77,printing,independent,legitimate
ds-job-010,93,344.52,208.25,11.37,printing,independent,legitimate
ds-job-010,94,335.48,210.41,11.2,printing,independent,legitimate
ds-job-010,95,327.97,207.85,11.23,printing,independent,legitimate
ds-job-010,96,337.74,209.06,11.53,printing,independent,legitimate
ds-job-010,97,58.53,133.39,0.0,cooling,independent,legitimate
ds-job-010,98,41.52,105.5,0.0,cooling,independent,legitimate
ds-job-010,99,51.0,186.36,0.0,cooling,independent,legitimate
ds-job-010,100,53.81,121.43,0.0,cooling,independent,legitimate
ds-job-010,101,73.72,105.49,0.0,cooling,independent,legitimate
ds-job-010,102,56.37,210.0,0.0,cooling,independent,legitimate
ds-job-010,103,51.87,109.78,0.0,cooling,independent,legitimate
ds-job-010,104,67.35,107.91,0.0,cooling,independent,legitimate
ds-job-010,105,51.27,73.35,0.0,cooling,independent,legitimate
ds-job-010,106,56.52,87.05,0.0,cooling,independent,legitimate
ds-job-011,0,49.15,25.46,0.0,idle,independent,legitimate
ds-job-011,1,55.53,22.88,0.0,idle,independent,legitimate
ds-job-011,2,53.48,22.22,0.0,idle,independent,legitimate
ds-job-011,3,48.84,25.72,0.0,idle,independent,legitimate
ds-job-011,4,47.86,25.71,0.0,idle,independent,legitimate
ds-job-011,5,210.0,119.67,0.0,heating,independent,legitimate
ds-job-011,6,208.12,138.57,0.0,heating,independent,legitimate
ds-job-011,7,203.08,122.06,0.0,heating,independent,legitimate
ds-job-011,8,188.14,148.04,0.0,heating,independent,legitimate
ds-job-011,9,222.52,136.35,0.0,heating,independent,legitimate
ds-job-011,10,222.24,96.8,0.0,heating,independent,legitimate
ds-job-011,11,181.99,152.88,0.0,heating,independent,legitimate
ds-job-011,12,214.36,128.93,0.0,heating,independent,legitimate
ds-job-011,13,191.22,76.98,0.0,heating,independent,legitimate
ds-job-011,14,192.27,147.02,0.0,heating,independent,legitimate
ds-job-011,15,196.77,129.34,0.0,heating,independent,legitimate
ds-job-011,16,224.37,155.8,0.0,heating,independent,legitimate
ds-job-011,17,204.43,117.88,0.0,heating,independent,legitimate
ds-job-011,18,204.77,86.53,0.0,heating,independent,legitimate
ds-job-011,19,157.56,98.03,0.0,heating,independent,legitimate
ds-job-011,20,194.55,125.77,0.0,heating,independent,legitimate
ds-job-011,21,351.04,209.12,9.98,printing,independent,legitimate
ds-job-011,22,325.93,208.86,10.85,printing,independent,legitimate
ds-job-011,23,359.6,208.07,11.98,printing,independent,legitimate
ds-job-011,24,341.81,204.77,11.74,printing,independent,legitimate
ds-job-011,25,365.3,207.33,11.66,printing,independent,legitimate
ds-job-011,26,347.42,213.06,10.57,printing,independent,legitimate
ds-job-011,27,351.24,209.77,11.65,printing,independent,legitimate
ds-job-011,28,344.34,206.31,10.15,printing,independent,legitimate
ds-job-011,29,336.99,205.48,10.88,printing,independent,legitimate
ds-job-011,30,366.16,209.69,11.1,printing,independent,legitimate
ds-job-011,31,351.4,206.3,11.44,printing,independent,legitimate
ds-job-011,32,358.12,211.81,11.15,printing,independent,legitimate
ds-job-011,33,326.48,212.16,10.45,printing,independent,legitimate
ds-job-011,34,333.49,212.85,12.11,printing,independent,legitimate
ds-job-011,35,360.14,215.15,11.15,printing,independent,legitimate
ds-job-011,36,370.85,207.04,10.81,printing,independent,legitimate
ds-job-011,37,333.0,212.25,11.83,printing,independent,legitimate
ds-job-011,38,383.25,209.51,9.8,printing,independent,legitimate
ds-job-011,39,350.51,208.34,9.37,printing,independent,legitimate
ds-job-011,40,330.61,211.63,11.09,printing,independent,legitimate
ds-job-011,41,340.15,210.4,13.42,printing,independent,legitimate
ds-job-011,42,356.25,212.94,12.0,printing,independent,legitimate
ds-job-011,43,350.39,214.75,10.52,printing,independent,legitimate
ds-job-011,44,364.71,207.84,10.05,printing,independent,legitimate
ds-job-011,45,341.69,211.31,10.4,printing,independent,legitimate
ds-job-011,46,368.15,205.58,11.03,printing,independent,legitimate
ds-job-011,47,349.5,211.05,10.96,printing,independent,legitimate
ds-job-011,48,355.08,205.18,9.5,printing,independent,legitimate
ds-job-011,49,347.83,208.12,12.47,printing,independent,legitimate
ds-job-011,50,355.05,210.04,13.25,printing,independent,legitimate
ds-job-011,51,338.89,210.7,12.98,printing,independent,legitimate
ds-job-011,52,337.89,217.99,11.47,printing,independent,legitimate
ds-job-011,53,384.84,208.83,10.98,printing,independent,legitimate
ds-job-011,54,337.84,205.54,12.99,printing,independent,legitimate
ds-job-011,55,332.11,202.13,10.77,printing,independent,legitimate
ds-job-011,56,340.92,205.09,13.59,printing,independent,legitimate
ds-job-011,57,337.38,211.59,11.23,printing,independent,legitimate
ds-job-011,58,353.06,207.17,10.62,printing,independent,legitimate
ds-job-011,59,349.72,211.26,12.32,printing,independent,legitimate
ds-job-011,60,347.97,208.31,11.81,printing,independent,legitimate
ds-job-011,61,382.44,211.3,12.36,printing,independent,legitimate
ds-job-011,62,342.06,206.51,11.1,printing,independent,legitimate
ds-job-011,63,359.05,206.35,11.18,printing,independent,legitimate
ds-job-011,64,349.15,211.46,12.13,printing,independent,legitimate
ds-job-011,65,355.17,207.02,8.84,printing,independent,legitimate
ds-job-011,66,362.86,204.55,12.24,printing,independent,legitimate
ds-job-011,67,328.5,217.1,12.97,printing,independent,legitimate
ds-job-011,68,346.33,207.4,10.34,printing,independent,legitimate
ds-job-011,69,361.39,207.54,12.06,printing,independent,legitimate
ds-job-011,70,367.75,207.2,12.57,printing,independent,legitimate
ds-job-011,71,342.39,208.59,13.6,printing,independent,legitimate
ds-job-011,72,344.7,211.13,10.94,printing,independent,legitimate
ds-job-011,73,341.91,206.57,9.97,printing,independent,legitimate
ds-job-011,74,375.86,204.57,12.75,printing,independent,legitimate
ds-job-011,75,370.5,212.92,14.3,printing,independent,legitimate
ds-job-011,76,366.51,205.29,10.3,printing,independent,legitimate
ds-job-011,77,355.99,209.25,13.23,printing,independent,legitimate
ds-job-011,78,301.61,204.57,11.32,printing,independent,legitimate
ds-job-011,79,357.49,210.05,13.8,printing,independent,legitimate
ds-job-011,80,340.64,208.35,11.63,printing,independent,legitimate
ds-job-011,81,325.63,210.21,12.11,printing,independent,legitimate
ds-job-011,82,332.48,210.18,10.83,printing,independent,legitimate
ds-job-011,83,353.06,211.01,13.9,printing,independent,legitimate
ds-job-011,84,334.2,209.38,11.21,printing,independent,legitimate
ds-job-011,85,355.51,213.13,12.38,printing,independent,legitimate
ds-job-011,86,362.43,209.21,11.64,printing,independent,legitimate
ds-job-011,87,345.14,211.71,12.6,printing,independent,legitimate
ds-job-011,88,357.18,202.68,9.81,printing,independent,legitimate
ds-job-011,89,339.73,213.2,8.48,printing,independent,legitimate
ds-job-011,90,321.9,210.77,10.52,printing,independent,legitimate
ds-job-011,91,340.79,209.5,10.65,printing,independent,legitimate
ds-job-011,92,358.47,208.81,11.15,printing,independent,legitimate
ds-job-011,93,388.76,205.46,11.93,printing,independent,legitimate
ds-job-011,94,333.55,210.69,13.01,printing,independent,legitimate
ds-job-011,95,335.92,205.49,10.61,printing,independent,legitimate
ds-job-011,96,348.84,207.25,11.04,printing,independent,legitimate
ds-job-011,97,350.72,210.23,11.6,printing,independent,legitimate
ds-job-011,98,323.01,208.62,12.69,printing,independent,legitimate
ds-job-011,99,366.98,209.55,11.12,printing,independent,legitimate
ds-job-011,100,356.35,211.53,11.83,printing,independent,legitimate
ds-job-011,101,68.71,150.1,0.0,cooling,independent,legitimate
ds-job-011,102,54.55,156.11,0.0,cooling,independent,legitimate
ds-job-011,103,61.51,110.14,0.0,cooling,independent,legitimate
ds-job-011,104,66.75,151.05,0.0,cooling,independent,legitimate
ds-job-011,105,73.01,124.21,0.0,cooling,independent,legitimate
ds-job-011,106,57.33,136.74,0.0,cooling,independent,legitimate
ds-job-011,107,69.74,41.4,0.0,cooling,independent,legitimate
ds-job-011,108,69.07,118.0,0.0,cooling,independent,legitimate
ds-job-011,109,53.47,126.14,0.0,cooling,independent,legitimate
ds-job-011,110,57.71,109.56,0.0,cooling,independent,legitimate
ds-job-011,111,62.35,138.36,0.0,cooling,independent,legitimate
ds-job-012,0,43.21,28.28,0.0,idle,independent,legitimate
ds-job-012,1,53.92,25.99,0.0,idle,independent,legitimate
ds-job-012,2,51.96,25.11,0.0,idle,independent,legitimate
ds-job-012,3,49.63,26.56,0.0,idle,independent,legitimate
ds-job-012,4,48.73,26.56,0.0,idle,independent,legitimate
ds-job-012,5,224.01,83.62,0.0,heating,independent,legitimate
ds-job-012,6,189.29,111.01,0.0,heating,independent,legitimate
ds-job-012,7,191.55,129.83,0.0,heating,independent,legitimate
ds-job-012,8,183.09,30.0,0.0,heating,independent,legitimate
ds-job-012,9,199.73,179.67,0.0,heating,independent,legitimate
ds-job-012,10,185.72,121.05,0.0,heating,independent,legitimate
ds-job-012,11,188.84,109.54,0.0,heating,independent,legitimate
ds-job-012,12,185.19,171.89,0.0,heating,independent,legitimate
ds-job-012,13,199.61,140.04,0.0,heating,independent,legitimate
ds-job-012,14,225.34,89.16,0.0,heating,independent,legitimate
ds-job-012,15,204.55,125.86,0.0,heating,independent,legitimate
ds-job-012,16,195.02,104.99,0.0,heating,independent,legitimate
ds-job-012,17,212.12,128.75,0.0,heating,independent,legitimate
ds-job-012,18,244.0,93.65,0.0,heating,independent,legitimate
ds-job-012,19,221.76,95.4,0.0,heating,independent,legitimate
ds-job-012,20,354.41,208.16,12.56,printing,independent,legitimate
ds-job-012,21,391.3,212.23,9.39,printing,independent,legitimate
ds-job-012,22,356.03,208.21,12.51,printing,independent,legitimate
ds-job-012,23,337.73,203.6,10.23,printing,independent,legitimate
ds-job-012,24,365.66,207.37,11.2,printing,independent,legitimate
ds-job-012,25,387.1,208.12,10.65,printing,independent,legitimate
ds-job-012,26,360.83,210.69,12.44,printing,independent,legitimate
ds-job-012,27,348.95,208.62,13.1,printing,independent,legitimate
ds-job-012,28,345.04,210.99,11.2,printing,independent,legitimate
ds-job-012,29,352.95,212.93,12.47,printing,independent,legitimate
ds-job-012,30,349.17,207.91,10.86,printing,independent,legitimate
ds-job-012,31,343.28,209.19,12.94,printing,independent,legitimate
ds-job-012,32,362.67,210.16,11.79,printing,independent,legitimate
ds-job-012,33,365.87,203.15,11.59,printing,independent,legitimate
ds-job-012,34,360.45,210.49,10.7,printing,independent,legitimate
ds-job-012,35,320.8,214.52,11.29,printing,independent,legitimate
ds-job-012,36,374.3,212.73,10.9,printing,independent,legitimate
ds-job-012,37,347.87,207.53,10.48,printing,independent,legitimate
ds-job-012,38,338.62,211.45,11.58,printing,independent,legitimate
ds-job-012,39,338.02,211.03,10.85,printing,independent,legitimate
ds-job-012,40,341.42,204.09,10.55,printing,independent,legitimate
ds-job-012,41,371.19,213.27,11.79,printing,independent,legitimate
ds-job-012,42,360.51,203.21,10.73,printing,independent,legitimate
ds-job-012,43,365.9,205.86,13.78,printing,independent,legitimate
ds-job-012,44,357.99,209.44,10.28,printing,independent,legitimate
ds-job-012,45,387.34,208.7,11.96,printing,independent,legitimate
ds-job-012,46,361.98,211.21,12.14,printing,independent,legitimate
ds-job-012,47,344.49,211.07,11.46,printing,independent,legitimate
ds-job-012,48,357.33,208.87,10.9,printing,independent,legitimate
ds-job-012,49,363.34,211.66,10.49,printing,independent,legitimate
ds-job-012,50,349.59,212.26,11.49,printing,independent,legitimate
ds-job-012,51,362.14,203.44,10.44,printing,independent,legitimate
ds-job-012,52,356.63,210.33,12.17,printing,independent,legitimate
ds-job-012,53,318.61,204.47,11.75,printing,independent,legitimate
ds-job-012,54,330.47,209.99,11.9,printing,independent,legitimate
ds-job-012,55,370.44,212.28,11.01,printing,independent,legitimate
ds-job-012,56,320.4,215.9,12.15,printing,independent,legitimate
ds-job-012,57,346.91,208.92,13.18,printing,independent,legitimate
ds-job-012,58,348.75,213.91,11.37,printing,independent,legitimate
ds-job-012,59,362.06,210.93,11.46,printing,independent,legitimate
ds-job-012,60,334.54,208.51,10.01,printing,independent,legitimate
ds-job-012,61,333.74,204.34,12.62,printing,independent,legitimate
ds-job-012,62,363.28,211.02,9.64,printing,independent,legitimate
ds-job-012,63,357.06,207.4,12.27,printing,independent,legitimate
ds-job-012,64,349.51,208.27,10.41,printing,independent,legitimate
ds-job-012,65,359.05,212.49,10.86,printing,independent,legitimate
ds-job-012,66,346.11,207.11,11.46,printing,independent,legitimate
ds-job-012,67,382.63,200.56,12.91,printing,independent,legitimate
ds-job-012,68,360.1,208.75,11.38,printing,independent,legitimate
ds-job-012,69,360.49,212.52,9.75,printing,independent,legitimate
ds-job-012,70,337.54,211.87,11.73,printing,independent,legitimate
ds-job-012,71,358.14,213.89,12.48,printing,independent,legitimate
ds-job-012,72,320.25,206.63,13.14,printing,independent,legitimate
ds-job-012,73,304.72,212.41,9.75,printing,independent,legitimate
ds-job-012,74,348.66,210.48,14.69,printing,independent,legitimate
ds-job-012,75,343.55,203.84,10.53,printing,independent,legitimate
ds-job-012,76,345.86,203.2,11.84,printing,independent,legitimate
ds-job-012,77,324.87,211.16,10.69,printing,independent,legitimate
ds-job-012,78,339.99,208.67,12.21,printing,independent,legitimate
ds-job-012,79,365.84,205.8,12.09,printing,independent,legitimate
ds-job-012,80,357.86,211.24,13.5,printing,independent,legitimate
ds-job-012,81,346.15,212.56,11.21,printing,independent,legitimate
ds-job-012,82,328.96,208.11,11.58,printing,independent,legitimate
ds-job-012,83,357.23,206.41,13.02,printing,independent,legitimate
ds-job-012,84,344.27,210.67,11.67,printing,independent,legitimate
ds-job-012,85,364.03,205.75,11.95,printing,independent,legitimate
ds-job-012,86,371.25,209.48,11.61,printing,independent,legitimate
ds-job-012,87,367.18,204.79,10.16,printing,independent,legitimate
ds-job-012,88,366.51,210.23,10.96,printing,independent,legitimate
ds-job-012,89,369.15,207.64,12.49,printing,independent,legitimate
ds-job-012,90,335.04,207.91,12.04,printing,independent,legitimate
ds-job-012,91,373.92,209.62,11.98,printing,independent,legitimate
ds-job-012,92,332.7,208.22,12.61,printing,independent,legitimate
ds-job-012,93,324.69,206.07,11.68,printing,independent,legitimate
ds-job-012,94,377.13,203.84,10.94,printing,independent,legitimate
ds-job-012,95,335.82,212.75,11.52,printing,independent,legitimate
ds-job-012,96,64.37,102.14,0.0,cooling,independent,legitimate
ds-job-012,97,68.87,185.27,0.0,cooling,independent,legitimate
ds-job-012,98,69.66,146.47,0.0,cooling,independent,legitimate
ds-job-012,99,73.08,170.64,0.0,cooling,independent,legitimate
ds-job-012,100,62.39,112.01,0.0,cooling,independent,legitimate
ds-job-012,101,64.42,126.02,0.0,cooling,independent,legitimate
ds-job-012,102,59.0,104.07,0.0,cooling,independent,legitimate
ds-job-012,103,68.6,119.24,0.0,cooling,independent,legitimate
ds-job-012,104,67.06,127.82,0.0,cooling,independent,legitimate
ds-job-012,105,60.9,94.0,0.0,cooling,independent,legitimate
ds-job-013,0,51.01,26.08,0.0,idle,independent,legitimate
ds-job-013,1,48.52,26.45,0.0,idle,independent,legitimate
ds-job-013,2,46.81,22.67,0.0,idle,independent,legitimate
ds-job-013,3,48.49,26.69,0.0,idle,independent,legitimate
ds-job-013,4,52.78,24.74,0.0,idle,independent,legitimate
ds-job-013,5,52.59,27.03,0.0,idle,independent,legitimate
ds-job-013,6,50.91,23.29,0.0,idle,independent,legitimate
ds-job-013,7,54.76,27.48,0.0,idle,independent,legitimate
ds-job-013,8,235.93,109.01,0.0,heating,independent,legitimate
ds-job-013,9,199.3,127.58,0.0,heating,independent,legitimate
ds-job-013,10,207.14,74.15,0.0,heating,independent,legitimate
ds-job-013,11,213.96,73.31,0.0,heating,independent,legitimate
ds-job-013,12,216.8,155.09,0.0,heating,independent,legitimate
ds-job-013,13,198.41,123.03,0.0,heating,independent,legitimate
ds-job-013,14,208.17,98.01,0.0,heating,independent,legitimate
ds-job-013,15,225.65,83.8,0.0,heating,independent,legitimate
ds-job-013,16,194.01,94.66,0.0,heating,independent,legitimate
ds-job-013,17,192.04,156.97,0.0,heating,independent,legitimate
ds-job-013,18,212.3,107.54,0.0,heating,independent,legitimate
ds-job-013,19,211.44,118.76,0.0,heating,independent,legitimate
ds-job-013,20,174.18,118.36,0.0,heating,independent,legitimate
ds-job-013,21,222.32,96.37,0.0,heating,independent,legitimate
ds-job-013,22,235.48,89.47,0.0,heating,independent,legitimate
ds-job-013,23,198.74,108.12,0.0,heating,independent,legitimate
ds-job-013,24,202.4,95.97,0.0,heating,independent,legitimate
ds-job-013,25,181.93,158.25,0.0,heating,independent,legitimate
ds-job-013,26,221.16,82.57,0.0,heating,independent,legitimate
ds-job-013,27,209.6,169.07,0.0,heating,independent,legitimate
ds-job-013,28,205.11,139.0,0.0,heating,independent,legitimate
ds-job-013,29,165.51,127.13,0.0,heating,independent,legitimate
ds-job-013,30,184.51,91.56,0.0,heating,independent,legitimate
ds-job-013,31,235.64,113.98,0.0,heating,independent,legitimate
ds-job-013,32,223.2,110.76,0.0,heating,independent,legitimate
ds-job-013,33,217.6,96.25,0.0,heating,independent,legitimate
ds-job-013,34,347.79,213.02,10.19,printing,independent,legitimate
ds-job-013,35,343.73,207.05,10.7,printing,independent,legitimate
ds-job-013,36,349.89,211.46,9.24,printing,independent,legitimate
ds-job-013,37,373.89,204.47,10.99,printing,independent,legitimate
ds-job-013,38,362.5,206.91,13.52,printing,independent,legitimate
ds-job-013,39,379.82,208.79,12.75,printing,independent,legitimate
ds-job-013,40,353.18,213.44,12.24,printing,independent,legitimate
ds-job-013,41,343.89,200.0,10.27,printing,independent,legitimate
ds-job-013,42,335.78,212.39,11.88,printing,independent,legitimate
ds-job-013,43,354.35,205.68,11.76,printing,independent,legitimate
ds-job-013,44,341.01,214.53,12.21,printing,independent,legitimate
ds-job-013,45,345.45,206.66,10.64,printing,independent,legitimate
ds-job-013,46,360.58,211.7,11.0,printing,independent,legitimate
ds-job-013,47,339.39,205.22,12.64,printing,independent,legitimate
ds-job-013,48,372.77,208.41,10.86,printing,independent,legitimate
ds-job-013,49,366.15,208.24,13.92,printing,independent,legitimate
ds-job-013,50,340.63,210.19,10.34,printing,independent,legitimate
ds-job-013,51,351.99,212.18,12.03,printing,independent,legitimate
ds-job-013,52,357.56,214.44,12.3,printing,independent,legitimate
ds-job-013,53,329.89,211.36,12.51,printing,independent,legitimate
ds-job-013,54,358.37,207.02,11.6,printing,independent,legitimate
ds-job-013,55,340.97,207.13,12.75,printing,independent,legitimate
ds-job-013,56,332.24,210.21,13.52,printing,independent,legitimate
ds-job-013,57,326.72,209.31,11.88,printing,independent,legitimate
ds-job-013,58,366.28,203.55,9.6,printing,independent,legitimate
ds-job-013,59,334.47,209.52,11.42,printing,independent,legitimate
ds-job-013,60,373.93,206.27,11.12,printing,independent,legitimate
ds-job-013,61,337.96,211.49,10.24,printing,independent,legitimate
ds-job-013,62,359.19,202.94,12.12,printing,independent,legitimate
ds-job-013,63,328.06,204.61,10.91,printing,independent,legitimate
ds-job-013,64,317.21,211.19,13.43,printing,independent,legitimate
ds-job-013,65,345.96,211.92,11.27,printing,independent,legitimate
ds-job-013,66,354.58,208.87,12.89,printing,independent,legitimate
ds-job-013,67,331.61,210.6,12.71,printing,independent,legitimate
ds-job-013,68,363.68,206.41,12.02,printing,independent,legitimate
ds-job-013,69,321.56,209.16,10.25,printing,independent,legitimate
ds-job-013,70,360.46,210.91,10.29,printing,independent,legitimate
ds-job-013,71,322.6,208.58,10.0,printing,independent,legitimate
ds-job-013,72,361.41,211.78,11.54,printing,independent,legitimate
ds-job-013,73,338.22,212.96,11.21,printing,independent,legitimate
ds-job-013,74,345.41,211.54,12.24,printing,independent,legitimate
ds-job-013,75,366.75,208.43,12.01,printing,independent,legitimate
ds-job-013,76,358.11,209.69,12.35,printing,independent,legitimate
ds-job-013,77,360.68,206.58,12.21,printing,independent,legitimate
ds-job-013,78,363.02,210.33,10.99,printing,independent,legitimate
ds-job-013,79,356.94,209.41,10.12,printing,independent,legitimate
ds-job-013,80,346.63,208.2,10.6,printing,independent,legitimate
ds-job-013,81,342.6,206.75,12.58,printing,independent,legitimate
ds-job-013,82,350.94,207.75,11.45,printing,independent,legitimate
ds-job-013,83,352.11,204.87,10.35,printing,independent,legitimate
ds-job-013,84,343.75,205.96,10.58,printing,independent,legitimate
ds-job-013,85,356.63,208.93,8.91,printing,independent,legitimate
ds-job-013,86,331.21,209.06,10.67,printing,independent,legitimate
ds-job-013,87,331.93,210.4,10.14,printing,independent,legitimate
ds-job-013,88,374.88,201.59,11.38,printing,independent,legitimate
ds-job-013,89,359.12,212.85,11.42,printing,independent,legitimate
ds-job-013,90,348.56,208.37,12.91,printing,independent,legitimate
ds-job-013,91,365.75,210.87,10.5,printing,independent,legitimate
ds-job-013,92,373.35,204.93,11.46,printing,independent,legitimate
ds-job-013,93,339.18,210.33,13.52,printing,independent,legitimate
ds-job-013,94,363.62,206.36,10.22,printing,independent,legitimate
ds-job-013,95,384.52,205.25,11.84,printing,independent,legitimate
ds-job-013,96,356.9,210.63,11.9,printing,independent,legitimate
ds-job-013,97,377.71,210.94,10.64,printing,independent,legitimate
ds-job-013,98,365.47,210.18,11.06,printing,independent,legitimate
ds-job-013,99,354.18,209.93,11.84,printing,independent,legitimate
ds-job-013,100,356.13,207.02,9.36,printing,independent,legitimate
ds-job-013,101,343.63,207.85,11.67,printing,independent,legitimate
ds-job-013,102,338.19,211.24,11.72,printing,independent,legitimate
ds-job-013,103,354.18,209.25,10.24,printing,independent,legitimate
ds-job-013,104,350.11,207.27,11.67,printing,independent,legitimate
ds-job-013,105,331.12,210.77,12.3,printing,independent,legitimate
ds-job-013,106,387.38,208.16,11.34,printing,independent,legitimate
ds-job-013,107,369.27,208.04,11.35,printing,independent,legitimate
ds-job-013,108,360.12,204.92,11.88,printing,independent,legitimate
ds-job-013,109,346.54,211.16,11.31,printing,independent,legitimate
ds-job-013,110,363.42,208.14,11.25,printing,independent,legitimate
ds-job-013,111,343.08,210.66,11.31,printing,independent,legitimate
ds-job-013,112,362.81,205.48,12.57,printing,independent,legitimate
ds-job-013,113,365.72,208.79,9.66,printing,independent,legitimate
ds-job-013,114,369.49,214.59,12.2,printing,independent,legitimate
ds-job-013,115,341.18,207.77,8.0,printing,independent,legitimate
ds-job-013,116,361.97,212.5,12.02,printing,independent,legitimate
ds-job-013,117,323.44,209.49,13.24,printing,independent,legitimate
ds-job-013,118,347.83,203.19,10.69,printing,independent,legitimate
ds-job-013,119,354.19,209.63,11.59,printing,independent,legitimate
ds-job-013,120,358.03,209.91,13.15,printing,independent,legitimate
ds-job-013,121,337.85,209.12,10.46,printing,independent,legitimate
ds-job-013,122,347.8,209.62,10.61,printing,independent,legitimate
ds-job-013,123,332.24,203.76,13.44,printing,independent,legitimate
ds-job-013,124,365.59,200.0,10.97,printing,independent,legitimate
ds-job-013,125,332.79,209.49,11.52,printing,independent,legitimate
ds-job-013,126,351.0,206.96,10.71,printing,independent,legitimate
ds-job-013,127,347.2,212.4,12.35,printing,independent,legitimate
ds-job-013,128,330.39,208.83,10.52,printing,independent,legitimate
ds-job-013,129,361.19,211.74,12.14,printing,independent,legitimate
ds-job-013,130,355.45,209.38,9.16,printing,independent,legitimate
ds-job-013,131,341.64,204.12,10.45,printing,independent,legitimate
ds-job-013,132,329.8,208.65,12.97,printing,independent,legitimate
ds-job-013,133,346.3,208.73,11.88,printing,independent,legitimate
ds-job-013,134,379.7,207.67,10.87,printing,independent,legitimate
ds-job-013,135,364.84,208.07,13.31,printing,independent,legitimate
ds-job-013,136,370.27,215.91,10.89,printing,independent,legitimate
ds-job-013,137,315.07,209.56,10.01,printing,independent,legitimate
ds-job-013,138,347.29,209.33,10.59,printing,independent,legitimate
ds-job-013,139,384.4,210.58,11.92,printing,independent,legitimate
ds-job-013,140,350.31,202.99,12.16,printing,independent,legitimate
ds-job-013,141,371.08,211.79,10.83,printing,independent,legitimate
ds-job-013,142,348.5,213.18,13.03,printing,independent,legitimate
ds-job-013,143,340.67,211.1,12.02,printing,independent,legitimate
ds-job-013,144,376.05,211.92,12.01,printing,independent,legitimate
ds-job-013,145,345.84,206.65,12.19,printing,independent,legitimate
ds-job-013,146,363.46,211.59,11.07,printing,independent,legitimate
ds-job-013,147,339.81,207.49,10.57,printing,independent,legitimate
ds-job-013,148,350.58,213.38,9.33,printing,independent,legitimate
ds-job-013,149,365.82,209.25,13.89,printing,independent,legitimate
ds-job-013,150,364.46,209.08,11.62,printing,independent,legitimate
ds-job-013,151,372.32,210.52,11.2,printing,independent,legitimate
ds-job-013,152,353.98,209.53,13.02,printing,independent,legitimate
ds-job-013,153,328.14,207.76,12.21,printing,independent,legitimate
ds-job-013,154,327.24,210.53,11.31,printing,independent,legitimate
ds-job-013,155,375.02,208.2,11.35,printing,independent,legitimate
ds-job-013,156,315.06,210.02,13.72,printing,independent,legitimate
ds-job-013,157,340.89,205.54,10.28,printing,independent,legitimate
ds-job-013,158,352.85,205.43,13.16,printing,independent,legitimate
ds-job-013,159,371.73,209.2,12.55,printing,independent,legitimate
ds-job-013,160,76.07,72.34,0.0,cooling,independent,legitimate
ds-job-013,161,66.3,137.2,0.0,cooling,independent,legitimate
ds-job-013,162,72.68,98.06,0.0,cooling,independent,legitimate
ds-job-013,163,68.67,116.82,0.0,cooling,independent,legitimate
ds-job-013,164,51.0,105.98,0.0,cooling,independent,legitimate
ds-job-013,165,69.95,129.31,0.0,cooling,independent,legitimate
ds-job-013,166,60.75,92.35,0.0,cooling,independent,legitimate
ds-job-013,167,57.96,85.59,0.0,cooling,independent,legitimate
ds-job-013,168,66.93,110.44,0.0,cooling,independent,legitimate
ds-job-013,169,61.74,51.97,0.0,cooling,independent,legitimate
ds-job-013,170,71.17,61.53,0.0,cooling,independent,legitimate
ds-job-013,171,72.38,88.67,0.0,cooling,independent,legitimate
ds-job-013,172,67.21,105.61,0.0,cooling,independent,legitimate
ds-job-013,173,62.43,98.24,0.0,cooling,independent,legitimate
ds-job-013,174,65.04,125.55,0.0,cooling,independent,legitimate
ds-job-013,175,64.89,132.41,0.0,cooling,independent,legitimate
ds-job-013,176,71.13,51.75,0.0,cooling,independent,legitimate
ds-job-014,0,48.6,24.0,0.0,idle,independent,sabotaged
ds-job-014,1,51.66,26.71,0.0,idle,independent,sabotaged
ds-job-014,2,53.91,27.11,0.0,idle,independent,sabotaged
ds-job-014,3,51.53,25.59,0.0,idle,independent,sabotaged
ds-job-014,4,53.44,27.83,0.0,idle,independent,sabotaged
ds-job-014,5,47.14,28.98,0.0,idle,independent,sabotaged
ds-job-014,6,52.52,24.85,0.0,idle,independent,sabotaged
ds-job-014,7,190.92,128.16,0.0,heating,independent,sabotaged
ds-job-014,8,209.63,110.56,0.0,heating,independent,sabotaged
ds-job-014,9,194.92,141.68,0.0,heating,independent,sabotaged
ds-job-014,10,200.88,137.71,0.0,heating,independent,sabotaged
ds-job-014,11,208.82,96.83,0.0,heating,independent,sabotaged
ds-job-014,12,206.57,186.32,0.0,heating,independent,sabotaged
ds-job-014,13,205.36,144.15,0.0,heating,independent,sabotaged
ds-job-014,14,211.64,94.55,0.0,heating,independent,sabotaged
ds-job-014,15,221.79,125.39,0.0,heating,independent,sabotaged
ds-job-014,16,209.18,108.54,0.0,heating,independent,sabotaged
ds-job-014,17,150.0,145.28,0.0,heating,independent,sabotaged
ds-job-014,18,208.05,126.01,0.0,heating,independent,sabotaged
ds-job-014,19,177.93,115.53,0.0,heating,independent,sabotaged
ds-job-014,20,228.01,88.38,0.0,heating,independent,sabotaged
ds-job-014,21,167.81,87.63,0.0,heating,independent,sabotaged
ds-job-014,22,210.81,101.14,0.0,heating,independent,sabotaged
ds-job-014,23,207.34,140.48,0.0,heating,independent,sabotaged
ds-job-014,24,184.41,119.39,0.0,heating,independent,sabotaged
ds-job-014,25,179.75,127.68,0.0,heating,independent,sabotaged
ds-job-014,26,227.28,142.12,0.0,heating,independent,sabotaged
ds-job-014,27,225.08,132.49,0.0,heating,independent,sabotaged
ds-job-014,28,332.79,210.62,9.78,printing,independent,sabotaged
ds-job-014,29,355.13,207.62,12.77,printing,independent,sabotaged
ds-job-014,30,343.87,209.03,10.8,printing,independent,sabotaged
ds-job-014,31,318.5,205.58,11.2,printing,independent,sabotaged
ds-job-014,32,347.41,205.37,11.3,printing,independent,sabotaged
ds-job-014,33,373.09,209.43,10.52,printing,independent,sabotaged
ds-job-014,34,369.01,209.72,12.43,printing,independent,sabotaged
ds-job-014,35,351.49,205.44,13.25,printing,independent,sabotaged
ds-job-014,36,357.33,208.61,13.74,printing,independent,sabotaged
ds-job-014,37,337.4,210.41,13.0,printing,independent,sabotaged
ds-job-014,38,358.65,207.22,10.89,printing,independent,sabotaged
ds-job-014,39,344.22,208.58,8.72,printing,independent,sabotaged
ds-job-014,40,326.04,210.05,11.8,printing,independent,sabotaged
ds-job-014,41,309.51,208.37,10.56,printing,independent,sabotaged
ds-job-014,42,311.12,214.31,14.12,printing,independent,sabotaged
ds-job-014,43,354.67,204.87,10.05,printing,independent,sabotaged
ds-job-014,44,341.93,211.25,8.79,printing,independent,sabotaged
ds-job-014,45,370.01,214.7,11.23,printing,independent,sabotaged
ds-job-014,46,344.71,210.86,9.65,printing,independent,sabotaged
ds-job-014,47,302.48,211.06,10.49,printing,independent,sabotaged
ds-job-014,48,366.87,208.25,12.58,printing,independent,sabotaged
ds-job-014,49,350.83,207.13,11.55,printing,independent,sabotaged
ds-job-014,50,381.94,211.06,9.94,printing,independent,sabotaged
ds-job-014,51,367.18,208.03,11.49,printing,independent,sabotaged
ds-job-014,52,336.54,209.06,11.59,printing,independent,sabotaged
ds-job-014,53,355.6,211.48,10.5,printing,independent,sabotaged
ds-job-014,54,353.29,209.98,12.72,printing,independent,sabotaged
ds-job-014,55,337.91,208.1,13.78,printing,independent,sabotaged
ds-job-014,56,358.38,213.68,11.41,printing,independent,sabotaged
ds-job-014,57,344.91,211.48,13.47,printing,independent,sabotaged
ds-job-014,58,359.49,212.48,12.25,printing,independent,sabotaged
ds-job-014,59,343.22,207.01,13.03,printing,independent,sabotaged
ds-job-014,60,333.65,210.14,11.94,printing,independent,sabotaged
ds-job-014,61,345.56,214.55,12.41,printing,independent,sabotaged
ds-job-014,62,345.55,209.21,9.69,printing,independent,sabotaged
ds-job-014,63,366.99,211.29,14.12,printing,independent,sabotaged
ds-job-014,64,336.06,210.32,13.37,printing,independent,sabotaged
ds-job-014,65,348.6,210.94,12.15,printing,independent,sabotaged
ds-job-014,66,317.6,210.79,12.58,printing,independent,sabotaged
ds-job-014,67,320.86,209.19,13.41,printing,independent,sabotaged
ds-job-014,68,336.01,211.08,12.63,printing,independent,sabotaged
ds-job-014,69,345.74,208.13,12.7,printing,independent,sabotaged
ds-job-014,70,336.72,209.3,12.01,printing,independent,sabotaged
ds-job-014,71,341.89,203.1,12.69,printing,independent,sabotaged
ds-job-014,72,362.89,209.04,11.54,printing,independent,sabotaged
ds-job-014,73,355.16,211.41,10.02,printing,independent,sabotaged
ds-job-014,74,358.21,213.3,10.45,printing,independent,sabotaged
ds-job-014,75,353.61,214.87,13.07,printing,independent,sabotaged
ds-job-014,76,358.43,209.75,11.63,printing,independent,sabotaged
ds-job-014,77,290.0,209.49,0.0,printing,independent,sabotaged
ds-job-014,78,290.0,210.41,0.0,printing,independent,sabotaged
ds-job-014,79,376.91,211.42,10.64,printing,independent,sabotaged
ds-job-014,80,356.06,210.38,10.41,printing,independent,sabotaged
ds-job-014,81,391.02,209.85,9.72,printing,independent,sabotaged
ds-job-014,82,353.72,207.17,10.54,printing,independent,sabotaged
ds-job-014,83,352.26,209.26,11.25,printing,independent,sabotaged
ds-job-014,84,342.84,213.59,9.63,printing,independent,sabotaged
ds-job-014,85,348.14,208.56,10.91,printing,independent,sabotaged
ds-job-014,86,338.87,213.81,11.75,printing,independent,sabotaged
ds-job-014,87,355.65,212.59,10.1,printing,independent,sabotaged
ds-job-014,88,341.34,211.73,10.43,printing,independent,sabotaged
ds-job-014,89,359.42,211.49,10.81,printing,independent,sabotaged
ds-job-014,90,372.85,211.8,12.44,printing,independent,sabotaged
ds-job-014,91,356.18,208.89,12.15,printing,independent,sabotaged
ds-job-014,92,324.96,209.75,10.55,printing,independent,sabotaged
ds-job-014,93,359.83,209.28,12.79,printing,independent,sabotaged
ds-job-014,94,373.71,205.63,11.84,printing,independent,sabotaged
ds-job-014,95,356.01,211.28,10.74,printing,independent,sabotaged
ds-job-014,96,353.07,206.58,11.41,printing,independent,sabotaged
ds-job-014,97,361.27,206.79,10.17,printing,independent,sabotaged
ds-job-014,98,359.66,207.5,11.09,printing,independent,sabotaged
ds-job-014,99,343.55,206.02,11.63,printing,independent,sabotaged
ds-job-014,100,334.98,207.29,10.91,printing,independent,sabotaged
ds-job-014,101,367.12,207.72,12.11,printing,independent,sabotaged
ds-job-014,102,350.52,214.31,9.77,printing,independent,sabotaged
ds-job-014,103,355.61,204.86,8.9,printing,independent,sabotaged
ds-job-014,104,331.01,204.01,11.73,printing,independent,sabotaged
ds-job-014,105,332.59,210.76,10.63,printing,independent,sabotaged
ds-job-014,106,345.65,210.51,11.34,printing,independent,sabotaged
ds-job-014,107,341.32,206.39,12.3,printing,independent,sabotaged
ds-job-014,108,328.74,210.0,8.65,printing,independent,sabotaged
ds-job-014,109,336.73,204.64,10.82,printing,independent,sabotaged
ds-job-014,110,347.65,207.91,10.85,printing,independent,sabotaged
ds-job-014,111,355.65,208.87,11.3,printing,independent,sabotaged
ds-job-014,112,370.93,215.38,12.14,printing,independent,sabotaged
ds-job-014,113,327.11,208.98,11.65,printing,independent,sabotaged
ds-job-014,114,352.1,210.98,11.21,printing,independent,sabotaged
ds-job-014,115,331.65,207.07,11.7,printing,independent,sabotaged
ds-job-014,116,356.63,207.47,10.31,printing,independent,sabotaged
ds-job-014,117,338.14,208.33,11.78,printing,independent,sabotaged
ds-job-014,118,363.0,207.89,10.71,printing,independent,sabotaged
ds-job-014,119,359.87,208.52,11.32,printing,independent,sabotaged
ds-job-014,120,378.66,207.27,11.1,printing,independent,sabotaged
ds-job-014,121,339.56,206.96,11.88,printing,independent,sabotaged
ds-job-014,122,336.64,206.68,12.24,printing,independent,sabotaged
ds-job-014,123,341.75,212.75,11.21,printing,independent,sabotaged
ds-job-014,124,344.82,203.74,9.97,printing,independent,sabotaged
ds-job-014,125,365.53,213.99,11.93,printing,independent,sabotaged
ds-job-014,126,322.93,211.5,8.75,printing,independent,sabotaged
ds-job-014,127,64.27,147.45,0.0,cooling,independent,sabotaged
ds-job-014,128,61.85,110.56,0.0,cooling,independent,sabotaged
ds-job-014,129,89.05,102.39,0.0,cooling,independent,sabotaged
ds-job-014,130,61.96,124.47,0.0,cooling,independent,sabotaged
ds-job-014,131,62.54,97.64,0.0,cooling,independent,sabotaged
ds-job-014,132,74.88,73.52,0.0,cooling,independent,sabotaged
ds-job-014,133,78.51,102.66,0.0,cooling,independent,sabotaged
ds-job-014,134,64.05,79.85,0.0,cooling,independent,sabotaged
ds-job-014,135,82.41,141.88,0.0,cooling,independent,sabotaged
ds-job-014,136,62.93,90.91,0.0,cooling,independent,sabotaged
ds-job-014,137,66.12,124.88,0.0,cooling,independent,sabotaged
ds-job-014,138,55.42,187.24,0.0,cooling,independent,sabotaged
ds-job-014,139,72.72,126.87,0.0,cooling,independent,sabotaged
ds-job-014,140,67.27,148.56,0.0,cooling,independent,sabotaged
ds-job-015,0,48.71,25.85,0.0,idle,independent,sabotaged
ds-job-015,1,54.6,26.24,0.0,idle,independent,sabotaged
ds-job-015,2,48.58,23.33,0.0,idle,independent,sabotaged
ds-job-015,3,44.11,24.92,0.0,idle,independent,sabotaged
ds-job-015,4,48.85,23.31,0.0,idle,independent,sabotaged
ds-job-015,5,46.14,29.11,0.0,idle,independent,sabotaged
ds-job-015,6,51.99,24.16,0.0,idle,independent,sabotaged
ds-job-015,7,49.49,25.7,0.0,idle,independent,sabotaged
ds-job-015,8,205.42,80.68,0.0,heating,independent,sabotaged
ds-job-015,9,193.44,106.45,0.0,heating,independent,sabotaged
ds-job-015,10,218.24,127.39,0.0,heating,independent,sabotaged
ds-job-015,11,195.33,95.48,0.0,heating,independent,sabotaged
ds-job-015,12,219.8,169.44,0.0,heating,independent,sabotaged
ds-job-015,13,209.99,137.03,0.0,heating,independent,sabotaged
ds-job-015,14,203.64,153.81,0.0,heating,independent,sabotaged
ds-job-015,15,222.44,155.41,0.0,heating,independent,sabotaged
ds-job-015,16,212.14,113.53,0.0,heating,independent,sabotaged
ds-job-015,17,196.76,92.33,0.0,heating,independent,sabotaged
ds-job-015,18,231.39,140.08,0.0,heating,independent,sabotaged
ds-job-015,19,192.35,150.25,0.0,heating,independent,sabotaged
ds-job-015,20,196.1,117.25,0.0,heating,independent,sabotaged
ds-job-015,21,186.87,121.85,0.0,heating,independent,sabotaged
ds-job-015,22,237.29,134.75,0.0,heating,independent,sabotaged
ds-job-015,23,201.85,57.2,0.0,heating,independent,sabotaged
ds-job-015,24,171.27,111.06,0.0,heating,independent,sabotaged
ds-job-015,25,216.58,149.23,0.0,heating,independent,sabotaged
ds-job-015,26,215.48,171.25,0.0,heating,independent,sabotaged
ds-job-015,27,201.21,164.1,0.0,heating,independent,sabotaged
ds-job-015,28,179.41,83.18,0.0,heating,independent,sabotaged
ds-job-015,29,214.92,160.39,0.0,heating,independent,sabotaged
ds-job-015,30,212.56,160.88,0.0,heating,independent,sabotaged
ds-job-015,31,191.91,127.96,0.0,heating,independent,sabotaged
ds-job-015,32,178.41,121.66,0.0,heating,independent,sabotaged
ds-job-015,33,218.62,121.41,0.0,heating,independent,sabotaged
ds-job-015,34,377.41,209.96,10.87,printing,independent,sabotaged
ds-job-015,35,351.14,202.96,10.62,printing,independent,sabotaged
ds-job-015,36,326.65,212.77,9.3,printing,independent,sabotaged
ds-job-015,37,340.38,208.46,12.71,printing,independent,sabotaged
ds-job-015,38,375.4,204.54,12.05,printing,independent,sabotaged
ds-job-015,39,353.72,210.3,10.77,printing,independent,sabotaged
ds-job-015,40,332.34,210.44,11.67,printing,independent,sabotaged
ds-job-015,41,358.12,201.33,10.41,printing,independent,sabotaged
ds-job-015,42,332.9,214.8,11.96,printing,independent,sabotaged
ds-job-015,43,340.97,210.93,11.53,printing,independent,sabotaged
ds-job-015,44,321.96,210.33,11.62,printing,independent,sabotaged
ds-job-015,45,354.47,212.89,11.4,printing,independent,sabotaged
ds-job-015,46,315.62,212.99,9.43,printing,independent,sabotaged
ds-job-015,47,338.15,206.52,12.58,printing,independent,sabotaged
ds-job-015,48,350.69,210.32,8.0,printing,independent,sabotaged
ds-job-015,49,353.6,213.31,10.22,printing,independent,sabotaged
ds-job-015,50,332.38,212.36,11.06,printing,independent,sabotaged
ds-job-015,51,364.15,208.96,13.95,printing,independent,sabotaged
ds-job-015,52,325.96,208.7,13.0,printing,independent,sabotaged
ds-job-015,53,350.38,208.86,11.66,printing,independent,sabotaged
ds-job-015,54,342.39,207.8,10.75,printing,independent,sabotaged
ds-job-015,55,363.22,205.92,12.15,printing,independent,sabotaged
ds-job-015,56,370.6,210.96,11.35,printing,independent,sabotaged
ds-job-015,57,344.15,208.77,11.61,printing,independent,sabotaged
ds-job-015,58,359.88,205.87,12.17,printing,independent,sabotaged
ds-job-015,59,353.25,215.05,13.16,printing,independent,sabotaged
ds-job-015,60,364.39,209.93,11.58,printing,independent,sabotaged
ds-job-015,61,371.57,210.39,9.55,printing,independent,sabotaged
ds-job-015,62,344.01,212.74,12.59,printing,independent,sabotaged
ds-job-015,63,364.83,213.56,12.55,printing,independent,sabotaged
ds-job-015,64,362.91,212.53,11.14,printing,independent,sabotaged
ds-job-015,65,357.0,204.98,11.85,printing,independent,sabotaged
ds-job-015,66,341.02,206.62,13.27,printing,independent,sabotaged
ds-job-015,67,344.59,210.13,12.02,printing,independent,sabotaged
ds-job-015,68,345.79,209.91,11.77,printing,independent,sabotaged
ds-job-015,69,370.43,208.8,12.5,printing,independent,sabotaged
ds-job-015,70,352.54,205.09,11.54,printing,independent,sabotaged
ds-job-015,71,322.76,203.91,10.2,printing,independent,sabotaged
ds-job-015,72,340.06,206.86,9.96,printing,independent,sabotaged
ds-job-015,73,364.18,208.73,13.51,printing,independent,sabotaged
ds-job-015,74,300.0,210.43,12.48,printing,independent,sabotaged
ds-job-015,75,320.84,206.98,12.4,printing,independent,sabotaged
ds-job-015,76,323.95,207.52,12.63,printing,independent,sabotaged
ds-job-015,77,338.4,211.59,12.49,printing,independent,sabotaged
ds-job-015,78,334.32,208.1,12.34,printing,independent,sabotaged
ds-job-015,79,344.53,203.71,11.15,printing,independent,sabotaged
ds-job-015,80,331.5,204.32,11.0,printing,independent,sabotaged
ds-job-015,81,356.17,203.96,12.89,printing,independent,sabotaged
ds-job-015,82,369.38,208.59,11.61,printing,independent,sabotaged
ds-job-015,83,354.87,208.04,11.23,printing,independent,sabotaged
ds-job-015,84,366.89,213.34,13.7,printing,independent,sabotaged
ds-job-015,85,360.22,212.33,14.85,printing,independent,sabotaged
ds-job-015,86,355.51,212.99,11.39,printing,independent,sabotaged
ds-job-015,87,395.55,207.52,11.88,printing,independent,sabotaged
ds-job-015,88,362.33,206.06,11.84,printing,independent,sabotaged
ds-job-015,89,331.29,211.85,11.1,printing,independent,sabotaged
ds-job-015,90,334.2,212.09,11.09,printing,independent,sabotaged
ds-job-015,91,351.07,206.49,11.73,printing,independent,sabotaged
ds-job-015,92,367.0,209.35,11.99,printing,independent,sabotaged
ds-job-015,93,347.5,206.27,9.79,printing,independent,sabotaged
ds-job-015,94,331.76,210.15,11.84,printing,independent,sabotaged
ds-job-015,95,340.14,206.45,10.57,printing,independent,sabotaged
ds-job-015,96,347.81,209.97,13.18,printing,independent,sabotaged
ds-job-015,97,290.0,207.39,0.0,printing,independent,sabotaged
ds-job-015,98,290.0,211.26,0.0,printing,independent,sabotaged
ds-job-015,99,290.0,210.22,0.0,printing,independent,sabotaged
ds-job-015,100,384.51,208.91,12.38,printing,independent,sabotaged
ds-job-015,101,360.78,209.6,11.83,printing,independent,sabotaged
ds-job-015,102,332.51,208.14,8.0,printing,independent,sabotaged
ds-job-015,103,345.24,204.46,11.99,printing,independent,sabotaged
ds-job-015,104,356.82,208.66,12.65,printing,independent,sabotaged
ds-job-015,105,343.39,210.18,11.88,printing,independent,sabotaged
ds-job-015,106,329.33,213.25,10.93,printing,independent,sabotaged
ds-job-015,107,345.48,209.54,12.79,printing,independent,sabotaged
ds-job-015,108,374.62,204.17,12.22,printing,independent,sabotaged
ds-job-015,109,307.06,212.78,12.68,printing,independent,sabotaged
ds-job-015,110,334.71,214.83,10.93,printing,independent,sabotaged
ds-job-015,111,358.13,206.89,11.13,printing,independent,sabotaged
ds-job-015,112,355.75,213.66,11.22,printing,independent,sabotaged
ds-job-015,113,361.61,207.83,11.86,printing,independent,sabotaged
ds-job-015,114,351.04,210.77,11.84,printing,independent,sabotaged
ds-job-015,115,368.52,210.04,12.09,printing,independent,sabotaged
ds-job-015,116,362.24,210.34,10.59,printing,independent,sabotaged
ds-job-015,117,334.64,213.46,13.19,printing,independent,sabotaged
ds-job-015,118,360.05,208.44,12.64,printing,independent,sabotaged
ds-job-015,119,346.42,212.98,9.9,printing,independent,sabotaged
ds-job-015,120,343.63,209.09,11.31,printing,independent,sabotaged
ds-job-015,121,367.42,210.51,12.14,printing,independent,sabotaged
ds-job-015,122,355.58,208.02,11.41,printing,independent,sabotaged
ds-job-015,123,352.36,206.48,12.47,printing,independent,sabotaged
ds-job-015,124,366.54,209.05,11.23,printing,independent,sabotaged
ds-job-015,125,343.14,210.11,10.65,printing,independent,sabotaged
ds-job-015,126,324.22,206.87,8.84,printing,independent,sabotaged
ds-job-015,127,311.83,212.2,11.99,printing,independent,sabotaged
ds-job-015,128,350.27,209.68,10.37,printing,independent,sabotaged
ds-job-015,129,347.56,210.46,10.91,printing,independent,sabotaged
ds-job-015,130,368.83,204.14,12.79,printing,independent,sabotaged
ds-job-015,131,371.87,213.36,11.53,printing,independent,sabotaged
ds-job-015,132,342.93,206.08,12.96,printing,independent,sabotaged
ds-job-015,133,347.26,210.26,9.83,printing,independent,sabotaged
ds-job-015,134,347.72,204.58,11.19,printing,independent,sabotaged
ds-job-015,135,348.2,209.81,10.96,printing,independent,sabotaged
ds-job-015,136,338.14,212.8,11.41,printing,independent,sabotaged
ds-job-015,137,372.31,206.6,12.6,printing,independent,sabotaged
ds-job-015,138,349.2,209.78,13.24,printing,independent,sabotaged
ds-job-015,139,353.21,208.52,12.19,printing,independent,sabotaged
ds-job-015,140,355.05,207.85,11.68,printing,independent,sabotaged
ds-job-015,141,358.38,209.59,11.73,printing,independent,sabotaged
ds-job-015,142,336.33,214.54,11.33,printing,independent,sabotaged
ds-job-015,143,347.85,210.43,11.73,printing,independent,sabotaged
ds-job-015,144,352.05,210.59,10.76,printing,independent,sabotaged
ds-job-015,145,365.13,205.51,11.93,printing,independent,sabotaged
ds-job-015,146,351.95,211.62,12.52,printing,independent,sabotaged
ds-job-015,147,350.34,208.9,9.97,printing,independent,sabotaged
ds-job-015,148,354.62,211.75,11.82,printing,independent,sabotaged
ds-job-015,149,349.51,205.33,11.76,printing,independent,sabotaged
ds-job-015,150,343.89,206.72,9.7,printing,independent,sabotaged
ds-job-015,151,353.78,208.98,13.95,printing,independent,sabotaged
ds-job-015,152,334.73,212.12,10.2,printing,independent,sabotaged
ds-job-015,153,378.95,211.84,12.34,printing,independent,sabotaged
ds-job-015,154,355.82,212.54,10.33,printing,independent,sabotaged
ds-job-015,155,381.15,215.12,12.35,printing,independent,sabotaged
ds-job-015,156,352.6,211.08,11.56,printing,independent,sabotaged
ds-job-015,157,336.47,211.18,9.07,printing,independent,sabotaged
ds-job-015,158,360.66,211.87,12.62,printing,independent,sabotaged
ds-job-015,159,363.46,211.62,9.93,printing,independent,sabotaged
ds-job-015,160,340.13,212.06,10.57,printing,independent,sabotaged
ds-job-015,161,64.44,203.41,0.0,cooling,independent,sabotaged
ds-job-015,162,67.65,97.92,0.0,cooling,independent,sabotaged
ds-job-015,163,60.89,119.1,0.0,cooling,independent,sabotaged
ds-job-015,164,58.96,81.62,0.0,cooling,independent,sabotaged
ds-job-015,165,63.2,133.08,0.0,cooling,independent,sabotaged
ds-job-015,166,73.41,103.3,0.0,cooling,independent,sabotaged
ds-job-015,167,71.74,112.68,0.0,cooling,independent,sabotaged
ds-job-015,168,57.45,102.8,0.0,cooling,independent,sabotaged
ds-job-015,169,57.37,134.89,0.0,cooling,independent,sabotaged
ds-job-015,170,62.29,91.16,0.0,cooling,independent,sabotaged
ds-job-015,171,77.77,128.25,0.0,cooling,independent,sabotaged
ds-job-015,172,77.37,110.08,0.0,cooling,independent,sabotaged
ds-job-015,173,66.52,59.89,0.0,cooling,independent,sabotaged
ds-job-015,174,58.65,94.37,0.0,cooling,independent,sabotaged
ds-job-015,175,53.69,149.54,0.0,cooling,independent,sabotaged
ds-job-015,176,54.48,149.16,0.0,cooling,independent,sabotaged
ds-job-015,177,59.78,118.89,0.0,cooling,independent,sabotaged
ds-job-016,0,44.85,28.07,0.0,idle,independent,legitimate
ds-job-016,1,47.92,24.86,0.0,idle,independent,legitimate
ds-job-016,2,53.21,24.09,0.0,idle,independent,legitimate
ds-job-016,3,52.32,26.0,0.0,idle,independent,legitimate
ds-job-016,4,48.78,24.14,0.0,idle,independent,legitimate
ds-job-016,5,244.47,158.0,0.0,heating,independent,legitimate
ds-job-016,6,210.8,122.86,0.0,heating,independent,legitimate
ds-job-016,7,208.39,161.5,0.0,heating,independent,legitimate
ds-job-016,8,224.08,157.17,0.0,heating,independent,legitimate
ds-job-016,9,198.22,143.78,0.0,heating,independent,legitimate
ds-job-016,10,217.02,102.75,0.0,heating,independent,legitimate
ds-job-016,11,194.09,137.58,0.0,heating,independent,legitimate
ds-job-016,12,186.76,111.54,0.0,heating,independent,legitimate
ds-job-016,13,211.69,95.29,0.0,heating,independent,legitimate
ds-job-016,14,206.8,144.6,0.0,heating,independent,legitimate
ds-job-016,15,178.88,142.45,0.0,heating,independent,legitimate
ds-job-016,16,253.48,78.72,0.0,heating,independent,legitimate
ds-job-016,17,198.97,100.26,0.0,heating,independent,legitimate
ds-job-016,18,210.62,109.82,0.0,heating,independent,legitimate
ds-job-016,19,204.12,167.99,0.0,heating,independent,legitimate
ds-job-016,20,201.76,131.05,0.0,heating,independent,legitimate
ds-job-016,21,338.15,211.42,10.59,printing,independent,legitimate
ds-job-016,22,359.74,209.4,11.77,printing,independent,legitimate
ds-job-016,23,341.96,210.45,10.29,printing,independent,legitimate
ds-job-016,24,341.05,214.11,10.56,printing,independent,legitimate
ds-job-016,25,373.13,215.72,10.95,printing,independent,legitimate
ds-job-016,26,314.59,210.33,10.57,printing,independent,legitimate
ds-job-016,27,366.86,203.67,10.31,printing,independent,legitimate
ds-job-016,28,345.29,209.68,9.95,printing,independent,legitimate
ds-job-016,29,369.89,207.53,12.46,printing,independent,legitimate
ds-job-016,30,320.87,212.76,11.45,printing,independent,legitimate
ds-job-016,31,347.56,205.27,11.82,printing,independent,legitimate
ds-job-016,32,342.66,209.48,12.48,printing,independent,legitimate
ds-job-016,33,344.56,210.43,12.16,printing,independent,legitimate
ds-job-016,34,352.29,210.36,11.77,printing,independent,legitimate
ds-job-016,35,309.7,203.37,11.15,printing,independent,legitimate
ds-job-016,36,339.44,215.35,10.85,printing,independent,legitimate
ds-job-016,37,356.31,209.71,10.76,printing,independent,legitimate
ds-job-016,38,346.99,201.1,12.17,printing,independent,legitimate
ds-job-016,39,358.06,202.39,10.88,printing,independent,legitimate
ds-job-016,40,341.98,212.48,10.66,printing,independent,legitimate
ds-job-016,41,368.02,203.59,12.54,printing,independent,legitimate
ds-job-016,42,358.81,207.63,10.46,printing,independent,legitimate
ds-job-016,43,356.42,206.8,11.35,printing,independent,legitimate
ds-job-016,44,324.11,211.75,11.43,printing,independent,legitimate
ds-job-016,45,371.29,213.43,9.4,printing,independent,legitimate
ds-job-016,46,365.71,210.49,12.18,printing,independent,legitimate
ds-job-016,47,331.93,209.67,13.78,printing,independent,legitimate
ds-job-016,48,352.63,212.25,11.26,printing,independent,legitimate
ds-job-016,49,354.35,210.55,10.16,printing,independent,legitimate
ds-job-016,50,326.49,205.88,12.1,printing,independent,legitimate
ds-job-016,51,305.71,211.31,10.65,printing,independent,legitimate
ds-job-016,52,322.9,204.98,11.2,printing,independent,legitimate
ds-job-016,53,359.91,210.3,11.96,printing,independent,legitimate
ds-job-016,54,313.82,208.49,12.01,printing,independent,legitimate
ds-job-016,55,380.58,211.54,14.17,printing,independent,legitimate
ds-job-016,56,341.8,207.38,11.78,printing,independent,legitimate
ds-job-016,57,343.94,209.44,11.34,printing,independent,legitimate
ds-job-016,58,368.65,206.16,12.72,printing,independent,legitimate
ds-job-016,59,353.71,206.72,11.65,printing,independent,legitimate
ds-job-016,60,327.82,202.73,10.23,printing,independent,legitimate
ds-job-016,61,325.4,210.35,13.54,printing,independent,legitimate
ds-job-016,62,366.19,205.14,11.18,printing,independent,legitimate
ds-job-016,63,367.34,208.45,10.98,printing,independent,legitimate
ds-job-016,64,328.77,208.82,11.78,printing,independent,legitimate
ds-job-016,65,361.1,211.11,12.26,printing,independent,legitimate
ds-job-016,66,378.21,210.56,9.8,printing,independent,legitimate
ds-job-016,67,366.36,206.99,11.34,printing,independent,legitimate
ds-job-016,68,365.55,214.03,11.09,printing,independent,legitimate
ds-job-016,69,362.26,203.46,11.35,printing,independent,legitimate
ds-job-016,70,335.4,205.8,10.43,printing,independent,legitimate
ds-job-016,71,334.77,207.84,13.11,printing,independent,legitimate
ds-job-016,72,351.57,206.23,8.63,printing,independent,legitimate
ds-job-016,73,327.65,209.78,11.39,printing,independent,legitimate
ds-job-016,74,340.02,209.19,12.49,printing,independent,legitimate
ds-job-016,75,341.05,208.62,11.75,printing,independent,legitimate
ds-job-016,76,342.95,208.27,11.8,printing,independent,legitimate
ds-job-016,77,373.79,209.72,11.76,printing,independent,legitimate
ds-job-016,78,395.04,211.77,8.97,printing,independent,legitimate
ds-job-016,79,354.68,207.48,11.67,printing,independent,legitimate
ds-job-016,80,367.27,210.06,11.01,printing,independent,legitimate
ds-job-016,81,369.24,208.43,11.78,printing,independent,legitimate
ds-job-016,82,319.18,208.31,12.74,printing,independent,legitimate
ds-job-016,83,359.01,211.32,11.06,printing,independent,legitimate
ds-job-016,84,351.92,207.76,12.46,printing,independent,legitimate
ds-job-016,85,370.21,205.52,11.66,printing,independent,legitimate
ds-job-016,86,355.82,209.52,12.34,printing,independent,legitimate
ds-job-016,87,355.62,209.33,12.42,printing,independent,legitimate
ds-job-016,88,335.9,210.21,11.48,printing,independent,legitimate
ds-job-016,89,367.44,213.57,9.8,printing,independent,legitimate
ds-job-016,90,349.98,203.74,12.48,printing,independent,legitimate
ds-job-016,91,370.08,208.5,11.53,printing,independent,legitimate
ds-job-016,92,344.43,215.41,11.01,printing,independent,legitimate
ds-job-016,93,361.31,206.72,12.72,printing,independent,legitimate
ds-job-016,94,370.91,211.84,13.15,printing,independent,legitimate
ds-job-016,95,329.93,211.57,12.28,printing,independent,legitimate
ds-job-016,96,346.65,206.89,13.23,printing,independent,legitimate
ds-job-016,97,341.87,206.94,9.62,printing,independent,legitimate
ds-job-016,98,343.09,211.81,12.27,printing,independent,legitimate
ds-job-016,99,360.63,206.66,12.19,printing,independent,legitimate
ds-job-016,100,59.83,97.59,0.0,cooling,independent,legitimate
ds-job-016,101,59.74,102.55,0.0,cooling,independent,legitimate
ds-job-016,102,62.1,76.95,0.0,cooling,independent,legitimate
ds-job-016,103,65.82,116.53,0.0,cooling,independent,legitimate
ds-job-016,104,63.95,52.89,0.0,cooling,independent,legitimate
ds-job-016,105,75.61,96.79,0.0,cooling,independent,legitimate
ds-job-016,106,61.78,86.85,0.0,cooling,independent,legitimate
ds-job-016,107,66.69,155.9,0.0,cooling,independent,legitimate
ds-job-016,108,71.08,135.45,0.0,cooling,independent,legitimate
ds-job-016,109,67.5,123.4,0.0,cooling,independent,legitimate
ds-job-016,110,57.96,59.38,0.0,cooling,independent,legitimate
ds-job-017,0,46.72,24.98,0.0,idle,independent,legitimate
ds-job-017,1,49.9,22.16,0.0,idle,independent,legitimate
ds-job-017,2,49.7,25.28,0.0,idle,independent,legitimate
ds-job-017,3,49.96,23.65,0.0,idle,independent,legitimate
ds-job-017,4,55.13,27.43,0.0,idle,independent,legitimate
ds-job-017,5,50.03,25.45,0.0,idle,independent,legitimate
ds-job-017,6,49.71,25.01,0.0,idle,independent,legitimate
ds-job-017,7,50.22,23.95,0.0,idle,independent,legitimate
ds-job-017,8,188.42,98.8,0.0,heating,independent,legitimate
ds-job-017,9,168.96,80.49,0.0,heating,independent,legitimate
ds-job-017,10,217.78,153.55,0.0,heating,independent,legitimate
ds-job-017,11,212.98,122.57,0.0,heating,independent,legitimate
ds-job-017,12,192.43,121.37,0.0,heating,independent,legitimate
ds-job-017,13,161.84,121.36,0.0,heating,independent,legitimate
ds-job-017,14,226.53,121.94,0.0,heating,independent,legitimate
ds-job-017,15,207.61,149.4,0.0,heating,independent,legitimate
ds-job-017,16,186.13,148.27,0.0,heating,independent,legitimate
ds-job-017,17,235.34,126.47,0.0,heating,independent,legitimate
ds-job-017,18,162.19,173.1,0.0,heating,independent,legitimate
ds-job-017,19,191.7,138.6,0.0,heating,independent,legitimate
ds-job-017,20,199.02,94.88,0.0,heating,independent,legitimate
ds-job-017,21,192.46,132.67,0.0,heating,independent,legitimate
ds-job-017,22,190.66,107.26,0.0,heating,independent,legitimate
ds-job-017,23,199.07,78.96,0.0,heating,independent,legitimate
ds-job-017,24,204.6,122.71,0.0,heating,independent,legitimate
ds-job-017,25,234.59,209.38,0.0,heating,independent,legitimate
ds-job-017,26,184.16,89.81,0.0,heating,independent,legitimate
ds-job-017,27,186.31,108.89,0.0,heating,independent,legitimate
ds-job-017,28,224.08,126.47,0.0,heating,independent,legitimate
ds-job-017,29,215.28,144.8,0.0,heating,independent,legitimate
ds-job-017,30,197.09,176.18,0.0,heating,independent,legitimate
ds-job-017,31,216.81,92.83,0.0,heating,independent,legitimate
ds-job-017,32,187.54,150.27,0.0,heating,independent,legitimate
ds-job-017,33,203.75,119.91,0.0,heating,independent,legitimate
ds-job-017,34,338.51,204.58,12.27,printing,independent,legitimate
ds-job-017,35,371.8,208.46,10.65,printing,independent,legitimate
ds-job-017,36,379.05,202.68,9.64,printing,independent,legitimate
ds-job-017,37,334.2,210.03,11.47,printing,independent,legitimate
ds-job-017,38,323.24,211.04,11.03,printing,independent,legitimate
ds-job-017,39,368.59,211.76,13.94,printing,independent,legitimate
ds-job-017,40,336.6,212.74,12.54,printing,independent,legitimate
ds-job-017,41,378.43,208.96,9.01,printing,independent,legitimate
ds-job-017,42,372.92,212.73,12.34,printing,independent,legitimate
ds-job-017,43,334.99,206.85,12.39,printing,independent,legitimate
ds-job-017,44,355.61,209.22,10.89,printing,independent,legitimate
ds-job-017,45,358.48,211.91,11.88,printing,independent,legitimate
ds-job-017,46,323.9,206.22,12.69,printing,independent,legitimate
ds-job-017,47,355.55,206.48,11.01,printing,independent,legitimate
ds-job-017,48,338.29,208.57,12.13,printing,independent,legitimate
ds-job-017,49,350.53,213.9,10.65,printing,independent,legitimate
ds-job-017,50,324.93,210.99,12.95,printing,independent,legitimate
ds-job-017,51,376.52,208.92,10.73,printing,independent,legitimate
ds-job-017,52,340.0,209.14,10.87,printing,independent,legitimate
ds-job-017,53,377.27,206.66,8.81,printing,independent,legitimate
ds-job-017,54,365.31,208.73,12.03,printing,independent,legitimate
ds-job-017,55,345.99,211.87,11.16,printing,independent,legitimate
ds-job-017,56,377.79,216.27,11.41,printing,independent,legitimate
ds-job-017,57,356.65,209.04,9.28,printing,independent,legitimate
ds-job-017,58,341.08,214.72,9.41,printing,independent,legitimate
ds-job-017,59,342.11,209.26,10.82,printing,independent,legitimate
ds-job-017,60,329.04,212.96,11.9,printing,independent,legitimate
ds-job-017,61,373.68,204.9,11.23,printing,independent,legitimate
ds-job-017,62,338.85,208.56,10.91,printing,independent,legitimate
ds-job-017,63,334.98,211.19,12.46,printing,independent,legitimate
ds-job-017,64,335.08,212.51,11.39,printing,independent,legitimate
ds-job-017,65,359.67,207.41,13.83,printing,independent,legitimate
ds-job-017,66,331.37,211.29,13.78,printing,independent,legitimate
ds-job-017,67,353.72,209.49,11.92,printing,independent,legitimate
ds-job-017,68,332.63,212.31,11.45,printing,independent,legitimate
ds-job-017,69,323.57,208.14,11.33,printing,independent,legitimate
ds-job-017,70,343.93,212.19,12.77,printing,independent,legitimate
ds-job-017,71,364.46,211.81,9.68,printing,independent,legitimate
ds-job-017,72,351.01,208.4,12.37,printing,independent,legitimate
ds-job-017,73,358.25,205.05,10.71,printing,independent,legitimate
ds-job-017,74,324.13,207.75,10.5,printing,independent,legitimate
ds-job-017,75,359.18,207.06,11.46,printing,independent,legitimate
ds-job-017,76,360.55,209.56,10.1,printing,independent,legitimate
ds-job-017,77,336.11,213.17,12.37,printing,independent,legitimate
ds-job-017,78,326.85,203.39,9.88,printing,independent,legitimate
ds-job-017,79,349.06,208.03,9.09,printing,independent,legitimate
ds-job-017,80,349.99,207.71,10.79,printing,independent,legitimate
ds-job-017,81,362.03,213.31,10.39,printing,independent,legitimate
ds-job-017,82,341.36,206.55,13.44,printing,independent,legitimate
ds-job-017,83,365.9,204.5,12.78,printing,independent,legitimate
ds-job-017,84,321.73,206.82,12.63,printing,independent,legitimate
ds-job-017,85,356.11,210.69,13.76,printing,independent,legitimate
ds-job-017,86,353.57,202.64,12.63,printing,independent,legitimate
ds-job-017,87,346.05,211.62,13.24,printing,independent,legitimate
ds-job-017,88,365.82,209.56,13.33,printing,independent,legitimate
ds-job-017,89,353.6,203.97,11.95,printing,independent,legitimate
ds-job-017,90,340.12,203.91,12.34,printing,independent,legitimate
ds-job-017,91,349.56,208.38,11.38,printing,independent,legitimate
ds-job-017,92,376.11,207.78,10.96,printing,independent,legitimate
ds-job-017,93,356.61,210.77,10.95,printing,independent,legitimate
ds-job-017,94,382.09,204.56,11.43,printing,independent,legitimate
ds-job-017,95,363.23,206.98,11.93,printing,independent,legitimate
ds-job-017,96,371.9,210.1,12.66,printing,independent,legitimate
ds-job-017,97,350.1,210.44,12.36,printing,independent,legitimate
ds-job-017,98,381.38,210.67,11.13,printing,independent,legitimate
ds-job-017,99,355.05,212.01,13.51,printing,independent,legitimate
ds-job-017,100,382.73,204.48,12.41,printing,independent,legitimate
ds-job-017,101,369.92,204.2,13.72,printing,independent,legitimate
ds-job-017,102,328.16,207.79,11.76,printing,independent,legitimate
ds-job-017,103,348.09,210.89,12.81,printing,independent,legitimate
ds-job-017,104,357.35,214.36,11.65,printing,independent,legitimate
ds-job-017,105,354.51,208.21,12.41,printing,independent,legitimate
ds-job-017,106,368.63,212.05,10.75,printing,independent,legitimate
ds-job-017,107,353.88,212.27,10.73,printing,independent,legitimate
ds-job-017,108,355.77,210.59,10.49,printing,independent,legitimate
ds-job-017,109,356.11,210.63,11.24,printing,independent,legitimate
ds-job-017,110,348.8,213.17,11.51,printing,independent,legitimate
ds-job-017,111,376.84,213.99,12.32,printing,independent,legitimate
ds-job-017,112,361.69,212.58,13.2,printing,independent,legitimate
ds-job-017,113,355.66,208.52,12.37,printing,independent,legitimate
ds-job-017,114,327.72,208.65,11.27,printing,independent,legitimate
ds-job-017,115,331.73,207.89,9.81,printing,independent,legitimate
ds-job-017,116,324.48,212.99,10.5,printing,independent,legitimate
ds-job-017,117,337.2,207.71,12.66,printing,independent,legitimate
ds-job-017,118,356.43,206.66,12.42,printing,independent,legitimate
ds-job-017,119,341.51,211.2,11.56,printing,independent,legitimate
ds-job-017,120,347.64,206.62,10.47,printing,independent,legitimate
ds-job-017,121,346.01,212.82,10.2,printing,independent,legitimate
ds-job-017,122,317.67,210.2,9.61,printing,independent,legitimate
ds-job-017,123,382.92,209.91,11.73,printing,independent,legitimate
ds-job-017,124,358.02,212.08,11.65,printing,independent,legitimate
ds-job-017,125,329.88,204.49,13.05,printing,independent,legitimate
ds-job-017,126,366.97,210.02,10.45,printing,independent,legitimate
ds-job-017,127,359.14,207.54,11.9,printing,independent,legitimate
ds-job-017,128,353.87,206.21,13.3,printing,independent,legitimate
ds-job-017,129,341.95,210.83,12.38,printing,independent,legitimate
ds-job-017,130,345.31,208.11,10.72,printing,independent,legitimate
ds-job-017,131,345.07,205.34,11.39,printing,independent,legitimate
ds-job-017,132,341.01,205.63,12.8,printing,independent,legitimate
ds-job-017,133,355.69,205.61,12.24,printing,independent,legitimate
ds-job-017,134,341.66,210.52,10.92,printing,independent,legitimate
ds-job-017,135,353.48,214.38,13.28,printing,independent,legitimate
ds-job-017,136,333.04,208.53,12.81,printing,independent,legitimate
ds-job-017,137,352.85,212.97,8.63,printing,independent,legitimate
ds-job-017,138,375.79,208.7,12.97,printing,independent,legitimate
ds-job-017,139,359.89,211.0,11.76,printing,independent,legitimate
ds-job-017,140,395.04,211.05,11.38,printing,independent,legitimate
ds-job-017,141,341.82,211.4,11.02,printing,independent,legitimate
ds-job-017,142,341.78,207.42,11.64,printing,independent,legitimate
ds-job-017,143,361.28,213.1,10.65,printing,independent,legitimate
ds-job-017,144,344.81,209.9,11.68,printing,independent,legitimate
ds-job-017,145,338.47,211.12,11.78,printing,independent,legitimate
ds-job-017,146,349.19,211.04,10.69,printing,independent,legitimate
ds-job-017,147,373.24,210.47,10.31,printing,independent,legitimate
ds-job-017,148,368.18,205.12,10.56,printing,independent,legitimate
ds-job-017,149,332.71,206.32,14.36,printing,independent,legitimate
ds-job-017,150,374.22,211.09,10.16,printing,independent,legitimate
ds-job-017,151,361.9,210.56,11.09,printing,independent,legitimate
ds-job-017,152,364.32,207.96,13.06,printing,independent,legitimate
ds-job-017,153,346.58,211.1,10.54,printing,independent,legitimate
ds-job-017,154,361.75,211.37,11.88,printing,independent,legitimate
ds-job-017,155,330.93,209.36,12.91,printing,independent,legitimate
ds-job-017,156,375.34,208.08,11.92,printing,independent,legitimate
ds-job-017,157,325.5,207.11,11.4,printing,independent,legitimate
ds-job-017,158,347.16,212.79,10.94,printing,independent,legitimate
ds-job-017,159,357.86,213.71,12.67,printing,independent,legitimate
ds-job-017,160,58.49,92.71,0.0,cooling,independent,legitimate
ds-job-017,161,86.79,126.8,0.0,cooling,independent,legitimate
ds-job-017,162,74.37,127.48,0.0,cooling,independent,legitimate
ds-job-017,163,67.14,109.3,0.0,cooling,independent,legitimate
ds-job-017,164,58.26,102.81,0.0,cooling,independent,legitimate
ds-job-017,165,70.07,159.24,0.0,cooling,independent,legitimate
ds-job-017,166,50.04,149.27,0.0,cooling,independent,legitimate
ds-job-017,167,81.12,139.99,0.0,cooling,independent,legitimate
ds-job-017,168,57.28,164.63,0.0,cooling,independent,legitimate
ds-job-017,169,66.5,71.61,0.0,cooling,independent,legitimate
ds-job-017,170,54.65,165.92,0.0,cooling,independent,legitimate
ds-job-017,171,58.92,135.08,0.0,cooling,independent,legitimate
ds-job-017,172,61.37,103.49,0.0,cooling,independent,legitimate
ds-job-017,173,67.52,116.95,0.0,cooling,independent,legitimate
ds-job-017,174,55.34,130.62,0.0,cooling,independent,legitimate
ds-job-017,175,67.45,106.16,0.0,cooling,independent,legitimate
ds-job-017,176,78.9,154.78,0.0,cooling,independent,legitimate
ds-job-018,0,48.1,21.89,0.0,idle,independent,legitimate
ds-job-018,1,50.4,24.21,0.0,idle,independent,legitimate
ds-job-018,2,52.64,25.65,0.0,idle,independent,legitimate
ds-job-018,3,49.48,25.76,0.0,idle,independent,legitimate
ds-job-018,4,50.06,25.39,0.0,idle,independent,legitimate
ds-job-018,5,50.84,24.66,0.0,idle,independent,legitimate
ds-job-018,6,182.72,81.63,0.0,heating,independent,legitimate
ds-job-018,7,201.31,116.53,0.0,heating,independent,legitimate
ds-job-018,8,209.12,163.89,0.0,heating,independent,legitimate
ds-job-018,9,185.45,87.96,0.0,heating,independent,legitimate
ds-job-018,10,260.0,204.04,0.0,heating,independent,legitimate
ds-job-018,11,208.41,134.26,0.0,heating,independent,legitimate
ds-job-018,12,179.72,140.13,0.0,heating,independent,legitimate
ds-job-018,13,222.64,121.62,0.0,heating,independent,legitimate
ds-job-018,14,192.67,117.08,0.0,heating,independent,legitimate
ds-job-018,15,204.14,102.68,0.0,heating,independent,legitimate
ds-job-018,16,231.51,92.46,0.0,heating,independent,legitimate
ds-job-018,17,186.77,142.08,0.0,heating,independent,legitimate
ds-job-018,18,201.64,134.61,0.0,heating,independent,legitimate
ds-job-018,19,208.35,154.06,0.0,heating,independent,legitimate
ds-job-018,20,199.38,100.98,0.0,heating,independent,legitimate
ds-job-018,21,180.28,128.2,0.0,heating,independent,legitimate
ds-job-018,22,182.72,112.92,0.0,heating,independent,legitimate
ds-job-018,23,225.02,108.54,0.0,heating,independent,legitimate
ds-job-018,24,176.98,153.24,0.0,heating,independent,legitimate
ds-job-018,25,337.0,210.23,12.11,printing,independent,legitimate
ds-job-018,26,341.02,209.29,11.33,printing,independent,legitimate
ds-job-018,27,366.06,207.2,10.46,printing,independent,legitimate
ds-job-018,28,379.34,210.0,13.0,printing,independent,legitimate
ds-job-018,29,346.28,209.75,10.29,printing,independent,legitimate
ds-job-018,30,379.14,208.71,13.28,printing,independent,legitimate
ds-job-018,31,363.7,208.98,13.31,printing,independent,legitimate
ds-job-018,32,344.89,207.87,9.97,printing,independent,legitimate
ds-job-018,33,359.86,216.13,11.02,printing,independent,legitimate
ds-job-018,34,348.11,210.38,8.58,printing,independent,legitimate
ds-job-018,35,339.45,207.0,11.13,printing,independent,legitimate
ds-job-018,36,378.48,200.37,10.96,printing,independent,legitimate
ds-job-018,37,308.86,213.19,13.08,printing,independent,legitimate
ds-job-018,38,366.1,204.36,11.94,printing,independent,legitimate
ds-job-018,39,360.38,214.02,11.42,printing,independent,legitimate
ds-job-018,40,334.66,207.47,11.95,printing,independent,legitimate
ds-job-018,41,340.83,210.56,11.54,printing,independent,legitimate
ds-job-018,42,351.97,200.0,10.96,printing,independent,legitimate
ds-job-018,43,347.06,204.5,13.68,printing,independent,legitimate
ds-job-018,44,331.68,213.8,12.94,printing,independent,legitimate
ds-job-018,45,357.01,210.13,11.57,printing,independent,legitimate
ds-job-018,46,336.9,212.95,9.86,printing,independent,legitimate
ds-job-018,47,360.27,213.01,10.97,printing,independent,legitimate
ds-job-018,48,368.2,211.75,13.23,printing,independent,legitimate
ds-job-018,49,363.04,212.08,13.63,printing,independent,legitimate
ds-job-018,50,348.78,208.75,13.34,printing,independent,legitimate
ds-job-018,51,337.66,205.54,11.16,printing,independent,legitimate
ds-job-018,52,361.12,211.05,12.72,printing,independent,legitimate
ds-job-018,53,352.44,206.22,10.24,printing,independent,legitimate
ds-job-018,54,372.86,206.57,13.91,printing,independent,legitimate
ds-job-018,55,322.93,208.41,11.87,printing,independent,legitimate
ds-job-018,56,332.9,208.49,12.17,printing,independent,legitimate
ds-job-018,57,353.27,205.41,11.44,printing,independent,legitimate
ds-job-018,58,350.88,210.73,11.54,printing,independent,legitimate
ds-job-018,59,366.12,203.67,12.12,printing,independent,legitimate
ds-job-018,60,373.11,215.99,11.62,printing,independent,legitimate
ds-job-018,61,343.28,208.15,12.4,printing,independent,legitimate
ds-job-018,62,365.32,209.9,12.21,printing,independent,legitimate
ds-job-018,63,348.41,211.27,11.79,printing,independent,legitimate
ds-job-018,64,338.78,207.67,10.06,printing,independent,legitimate
ds-job-018,65,358.4,209.39,14.06,printing,independent,legitimate
ds-job-018,66,338.01,209.78,11.52,printing,independent,legitimate
ds-job-018,67,347.12,207.74,10.24,printing,independent,legitimate
ds-job-018,68,359.34,212.73,10.85,printing,independent,legitimate
ds-job-018,69,346.18,213.93,12.37,printing,independent,legitimate
ds-job-018,70,351.6,202.09,10.97,printing,independent,legitimate
ds-job-018,71,378.88,211.08,13.26,printing,independent,legitimate
ds-job-018,72,383.28,203.85,13.89,printing,independent,legitimate
ds-job-018,73,352.55,211.31,11.11,printing,independent,legitimate
ds-job-018,74,331.69,205.71,12.89,printing,independent,legitimate
ds-job-018,75,359.09,212.21,10.11,printing,independent,legitimate
ds-job-018,76,360.57,210.63,13.39,printing,independent,legitimate
ds-job-018,77,335.95,204.63,9.74,printing,independent,legitimate
ds-job-018,78,380.9,208.16,12.86,printing,independent,legitimate
ds-job-018,79,350.8,209.03,11.28,printing,independent,legitimate
ds-job-018,80,364.48,203.83,11.86,printing,independent,legitimate
ds-job-018,81,356.15,210.69,11.79,printing,independent,legitimate
ds-job-018,82,349.0,204.31,11.32,printing,independent,legitimate
ds-job-018,83,368.77,207.35,12.08,printing,independent,legitimate
ds-job-018,84,353.73,208.5,12.46,printing,independent,legitimate
ds-job-018,85,363.32,208.63,11.92,printing,independent,legitimate
ds-job-018,86,386.71,210.91,10.97,printing,independent,legitimate
ds-job-018,87,335.69,211.99,10.21,printing,independent,legitimate
ds-job-018,88,357.19,205.55,11.64,printing,independent,legitimate
ds-job-018,89,362.94,204.02,14.04,printing,independent,legitimate
ds-job-018,90,343.55,206.11,12.49,printing,independent,legitimate
ds-job-018,91,339.85,207.08,11.99,printing,independent,legitimate
ds-job-018,92,349.62,209.81,11.82,printing,independent,legitimate
ds-job-018,93,346.41,203.36,10.18,printing,independent,legitimate
ds-job-018,94,376.02,211.26,10.6,printing,independent,legitimate
ds-job-018,95,353.62,214.23,11.04,printing,independent,legitimate
ds-job-018,96,362.54,210.26,11.24,printing,independent,legitimate
ds-job-018,97,359.0,208.13,11.83,printing,independent,legitimate
ds-job-018,98,347.36,211.72,9.51,printing,independent,legitimate
ds-job-018,99,335.42,208.01,11.07,printing,independent,legitimate
ds-job-018,100,334.23,211.85,13.11,printing,independent,legitimate
ds-job-018,101,353.96,212.41,11.47,printing,independent,legitimate
ds-job-018,102,356.65,211.43,12.87,printing,independent,legitimate
ds-job-018,103,348.89,207.72,10.57,printing,independent,legitimate
ds-job-018,104,372.96,210.3,11.99,printing,independent,legitimate
ds-job-018,105,349.36,210.52,8.28,printing,independent,legitimate
ds-job-018,106,354.55,207.89,11.4,printing,independent,legitimate
ds-job-018,107,355.39,212.25,13.92,printing,independent,legitimate
ds-job-018,108,345.17,205.09,10.27,printing,independent,legitimate
ds-job-018,109,353.17,209.93,11.02,printing,independent,legitimate
ds-job-018,110,327.03,204.47,14.5,printing,independent,legitimate
ds-job-018,111,342.77,210.08,9.81,printing,independent,legitimate
ds-job-018,112,345.53,209.77,12.73,printing,independent,legitimate
ds-job-018,113,328.13,206.79,11.4,printing,independent,legitimate
ds-job-018,114,376.02,205.48,12.04,printing,independent,legitimate
ds-job-018,115,342.57,211.44,12.44,printing,independent,legitimate
ds-job-018,116,328.17,209.23,9.11,printing,independent,legitimate
ds-job-018,117,357.01,210.7,14.24,printing,independent,legitimate
ds-job-018,118,345.75,211.93,12.07,printing,independent,legitimate
ds-job-018,119,63.98,123.01,0.0,cooling,independent,legitimate
ds-job-018,120,63.51,104.6,0.0,cooling,independent,legitimate
ds-job-018,121,72.43,118.54,0.0,cooling,independent,legitimate
ds-job-018,122,62.97,148.35,0.0,cooling,independent,legitimate
ds-job-018,123,66.85,147.52,0.0,cooling,independent,legitimate
ds-job-018,124,71.84,90.7,0.0,cooling,independent,legitimate
ds-job-018,125,71.76,167.55,0.0,cooling,independent,legitimate
ds-job-018,126,68.35,164.38,0.0,cooling,independent,legitimate
ds-job-018,127,66.97,89.38,0.0,cooling,independent,legitimate
ds-job-018,128,58.65,81.6,0.0,cooling,independent,legitimate
ds-job-018,129,69.92,148.83,0.0,cooling,independent,legitimate
ds-job-018,130,65.47,157.59,0.0,cooling,independent,legitimate
ds-job-018,131,70.99,118.25,0.0,cooling,independent,legitimate
ds-job-019,0,48.96,24.82,0.0,idle,independent,legitimate
ds-job-019,1,48.79,23.05,0.0,idle,independent,legitimate
ds-job-019,2,53.5,26.41,0.0,idle,independent,legitimate
ds-job-019,3,51.48,28.57,0.0,idle,independent,legitimate
ds-job-019,4,50.3,23.62,0.0,idle,independent,legitimate
ds-job-019,5,51.13,25.17,0.0,idle,independent,legitimate
ds-job-019,6,237.35,107.37,0.0,heating,independent,legitimate
ds-job-019,7,199.25,91.51,0.0,heating,independent,legitimate
ds-job-019,8,192.45,177.93,0.0,heating,independent,legitimate
ds-job-019,9,226.39,88.98,0.0,heating,independent,legitimate
ds-job-019,10,188.61,131.95,0.0,heating,independent,legitimate
ds-job-019,11,219.88,76.22,0.0,heating,independent,legitimate
ds-job-019,12,206.9,102.03,0.0,heating,independent,legitimate
ds-job-019,13,199.14,67.67,0.0,heating,independent,legitimate
ds-job-019,14,232.67,134.83,0.0,heating,independent,legitimate
ds-job-019,15,188.53,109.48,0.0,heating,independent,legitimate
ds-job-019,16,187.74,150.53,0.0,heating,independent,legitimate
ds-job-019,17,217.96,147.48,0.0,heating,independent,legitimate
ds-job-019,18,201.11,115.53,0.0,heating,independent,legitimate
ds-job-019,19,192.7,114.74,0.0,heating,independent,legitimate
ds-job-019,20,200.26,110.6,0.0,heating,independent,legitimate
ds-job-019,21,224.87,152.95,0.0,heating,independent,legitimate
ds-job-019,22,197.57,160.01,0.0,heating,independent,legitimate
ds-job-019,23,205.13,141.92,0.0,heating,independent,legitimate
ds-job-019,24,206.44,146.24,0.0,heating,independent,legitimate
ds-job-019,25,326.79,207.39,11.17,printing,independent,legitimate
ds-job-019,26,356.98,213.35,12.24,printing,independent,legitimate
ds-job-019,27,345.07,208.11,13.1,printing,independent,legitimate
ds-job-019,28,359.69,212.17,13.62,printing,independent,legitimate
ds-job-019,29,377.25,205.02,11.05,printing,independent,legitimate
ds-job-019,30,324.13,207.63,11.6,printing,independent,legitimate
ds-job-019,31,331.49,209.77,12.42,printing,independent,legitimate
ds-job-019,32,327.74,211.72,11.01,printing,independent,legitimate
ds-job-019,33,353.54,208.04,9.65,printing,independent,legitimate
ds-job-019,34,340.42,209.82,11.1,printing,independent,legitimate
ds-job-019,35,328.64,211.7,11.38,printing,independent,legitimate
ds-job-019,36,345.86,203.39,9.69,printing,independent,legitimate
ds-job-019,37,327.46,214.4,12.09,printing,independent,legitimate
ds-job-019,38,371.22,207.69,9.84,printing,independent,legitimate
ds-job-019,39,383.18,211.53,9.42,printing,independent,legitimate
ds-job-019,40,350.37,208.21,12.01,printing,independent,legitimate
ds-job-019,41,348.42,210.92,11.38,printing,independent,legitimate
ds-job-019,42,356.14,210.28,11.64,printing,independent,legitimate
ds-job-019,43,361.28,204.35,12.07,printing,independent,legitimate
ds-job-019,44,346.95,212.6,11.51,printing,independent,legitimate
ds-job-019,45,368.07,208.29,9.43,printing,independent,legitimate
ds-job-019,46,356.05,210.95,12.01,printing,independent,legitimate
ds-job-019,47,373.32,205.94,12.59,printing,independent,legitimate
ds-job-019,48,350.62,212.11,13.29,printing,independent,legitimate
ds-job-019,49,347.34,208.98,12.25,printing,independent,legitimate
ds-job-019,50,344.26,205.51,12.79,printing,independent,legitimate
ds-job-019,51,357.17,211.73,11.89,printing,independent,legitimate
ds-job-019,52,335.6,209.52,11.22,printing,independent,legitimate
ds-job-019,53,355.42,210.52,11.65,printing,independent,legitimate
ds-job-019,54,343.22,211.7,11.97,printing,independent,legitimate
ds-job-019,55,348.6,213.61,10.73,printing,independent,legitimate
ds-job-019,56,360.55,210.2,11.92,printing,independent,legitimate
ds-job-019,57,350.67,211.14,12.11,printing,independent,legitimate
ds-job-019,58,352.23,210.42,12.02,printing,independent,legitimate
ds-job-019,59,356.32,208.2,9.42,printing,independent,legitimate
ds-job-019,60,365.94,209.45,9.71,printing,independent,legitimate
ds-job-019,61,374.5,208.69,10.57,printing,independent,legitimate
ds-job-019,62,360.59,213.12,11.16,printing,independent,legitimate
ds-job-019,63,355.83,209.93,10.57,printing,independent,legitimate
ds-job-019,64,339.64,207.0,10.66,printing,independent,legitimate
ds-job-019,65,324.39,212.92,11.35,printing,independent,legitimate
ds-job-019,66,356.12,212.06,12.28,printing,independent,legitimate
ds-job-019,67,348.89,208.69,9.72,printing,independent,legitimate
ds-job-019,68,334.07,207.13,11.36,printing,independent,legitimate
ds-job-019,69,329.61,209.63,11.16,printing,independent,legitimate
ds-job-019,70,373.41,215.36,14.36,printing,independent,legitimate
ds-job-019,71,343.57,208.45,9.87,printing,independent,legitimate
ds-job-019,72,342.21,210.52,10.78,printing,independent,legitimate
ds-job-019,73,361.83,214.15,12.21,printing,independent,legitimate
ds-job-019,74,348.94,203.66,11.19,printing,independent,legitimate
ds-job-019,75,371.41,216.09,12.43,printing,independent,legitimate
ds-job-019,76,353.84,210.83,12.37,printing,independent,legitimate
ds-job-019,77,347.38,209.91,9.7,printing,independent,legitimate
ds-job-019,78,349.71,208.43,10.99,printing,independent,legitimate
ds-job-019,79,400.0,211.31,12.93,printing,independent,legitimate
ds-job-019,80,332.15,208.41,12.11,printing,independent,legitimate
ds-job-019,81,354.42,204.93,14.01,printing,independent,legitimate
ds-job-019,82,349.7,209.49,10.96,printing,independent,legitimate
ds-job-019,83,349.92,214.4,12.08,printing,independent,legitimate
ds-job-019,84,357.57,211.76,11.89,printing,independent,legitimate
ds-job-019,85,344.34,209.82,11.79,printing,independent,legitimate
ds-job-019,86,324.99,212.19,12.32,printing,independent,legitimate
ds-job-019,87,335.24,207.74,10.12,printing,independent,legitimate
ds-job-019,88,346.78,209.91,13.23,printing,independent,legitimate
ds-job-019,89,345.73,208.57,11.58,printing,independent,legitimate
ds-job-019,90,400.0,201.43,11.24,printing,independent,legitimate
ds-job-019,91,355.47,201.59,12.85,printing,independent,legitimate
ds-job-019,92,368.63,210.83,11.95,printing,independent,legitimate
ds-job-019,93,351.66,206.27,9.66,printing,independent,legitimate
ds-job-019,94,364.03,206.27,11.31,printing,independent,legitimate
ds-job-019,95,358.28,212.16,10.28,printing,independent,legitimate
ds-job-019,96,369.73,212.54,12.7,printing,independent,legitimate
ds-job-019,97,369.9,212.24,12.17,printing,independent,legitimate
ds-job-019,98,347.11,210.39,10.88,printing,independent,legitimate
ds-job-019,99,335.26,216.72,12.52,printing,independent,legitimate
ds-job-019,100,349.45,209.58,11.93,printing,independent,legitimate
ds-job-019,101,342.88,210.16,11.31,printing,independent,legitimate
ds-job-019,102,360.95,207.77,12.44,printing,independent,legitimate
ds-job-019,103,350.42,207.25,12.46,printing,independent,legitimate
ds-job-019,104,329.73,209.3,12.39,printing,independent,legitimate
ds-job-019,105,323.46,208.35,12.2,printing,independent,legitimate
ds-job-019,106,364.74,209.13,12.73,printing,independent,legitimate
ds-job-019,107,339.35,207.2,10.87,printing,independent,legitimate
ds-job-019,108,346.92,214.29,11.17,printing,independent,legitimate
ds-job-019,109,364.15,206.2,11.91,printing,independent,legitimate
ds-job-019,110,336.07,212.32,11.72,printing,independent,legitimate
ds-job-019,111,363.38,207.87,10.23,printing,independent,legitimate
ds-job-019,112,353.35,211.55,10.73,printing,independent,legitimate
ds-job-019,113,328.33,214.79,12.49,printing,independent,legitimate
ds-job-019,114,330.01,211.63,12.76,printing,independent,legitimate
ds-job-019,115,344.57,205.24,11.74,printing,independent,legitimate
ds-job-019,116,356.61,209.16,11.57,printing,independent,legitimate
ds-job-019,117,332.48,211.03,8.54,printing,independent,legitimate
ds-job-019,118,369.14,208.7,12.6,printing,independent,legitimate
ds-job-019,119,63.28,123.39,0.0,cooling,independent,legitimate
ds-job-019,120,55.8,143.89,0.0,cooling,independent,legitimate
ds-job-019,121,64.41,102.5,0.0,cooling,independent,legitimate
ds-job-019,122,57.72,95.02,0.0,cooling,independent,legitimate
ds-job-019,123,47.62,83.89,0.0,cooling,independent,legitimate
ds-job-019,124,74.13,61.11,0.0,cooling,independent,legitimate
ds-job-019,125,55.59,128.45,0.0,cooling,independent,legitimate
ds-job-019,126,64.55,135.37,0.0,cooling,independent,legitimate
ds-job-019,127,60.17,129.84,0.0,cooling,independent,legitimate
ds-job-019,128,61.24,133.84,0.0,cooling,independent,legitimate
ds-job-019,129,51.29,121.43,0.0,cooling,independent,legitimate
ds-job-019,130,64.52,85.94,0.0,cooling,independent,legitimate
ds-job-019,131,61.45,166.7,0.0,cooling,independent,legitimate
ds-job-020,0,50.66,25.77,0.0,idle,independent,legitimate
ds-job-020,1,45.92,23.3,0.0,idle,independent,legitimate
ds-job-020,2,47.43,25.11,0.0,idle,independent,legitimate
ds-job-020,3,49.49,23.56,0.0,idle,independent,legitimate
ds-job-020,4,49.36,26.23,0.0,idle,independent,legitimate
ds-job-020,5,50.41,25.22,0.0,idle,independent,legitimate
ds-job-020,6,54.66,23.41,0.0,idle,independent,legitimate
ds-job-020,7,206.31,154.35,0.0,heating,independent,legitimate
ds-job-020,8,224.78,135.0,0.0,heating,independent,legitimate
ds-job-020,9,221.63,123.44,0.0,heating,independent,legitimate
ds-job-020,10,204.19,61.89,0.0,heating,independent,legitimate
ds-job-020,11,173.26,136.05,0.0,heating,independent,legitimate
ds-job-020,12,210.54,107.5,0.0,heating,independent,legitimate
ds-job-020,13,198.32,150.0,0.0,heating,independent,legitimate
ds-job-020,14,220.62,134.31,0.0,heating,independent,legitimate
ds-job-020,15,221.28,101.51,0.0,heating,independent,legitimate
ds-job-020,16,188.28,144.02,0.0,heating,independent,legitimate
ds-job-020,17,205.82,100.17,0.0,heating,independent,legitimate
ds-job-020,18,172.56,119.24,0.0,heating,independent,legitimate
ds-job-020,19,181.5,86.24,0.0,heating,independent,legitimate
ds-job-020,20,171.11,119.46,0.0,heating,independent,legitimate
ds-job-020,21,207.2,80.97,0.0,heating,independent,legitimate
ds-job-020,22,217.79,210.0,0.0,heating,independent,legitimate
ds-job-020,23,213.96,140.7,0.0,heating,independent,legitimate
ds-job-020,24,197.03,104.19,0.0,heating,independent,legitimate
ds-job-020,25,220.91,138.72,0.0,heating,independent,legitimate
ds-job-020,26,162.99,81.59,0.0,heating,independent,legitimate
ds-job-020,27,204.43,125.85,0.0,heating,independent,legitimate
ds-job-020,28,199.95,109.22,0.0,heating,independent,legitimate
ds-job-020,29,223.17,94.39,0.0,heating,independent,legitimate
ds-job-020,30,336.92,211.52,11.85,printing,independent,legitimate
ds-job-020,31,383.45,210.49,11.67,printing,independent,legitimate
ds-job-020,32,340.58,213.35,8.98,printing,independent,legitimate
ds-job-020,33,351.37,208.49,11.9,printing,independent,legitimate
ds-job-020,34,340.79,209.11,10.74,printing,independent,legitimate
ds-job-020,35,345.77,209.59,12.06,printing,independent,legitimate
ds-job-020,36,343.48,209.39,9.59,printing,independent,legitimate
ds-job-020,37,335.23,212.28,11.01,printing,independent,legitimate
ds-job-020,38,335.2,210.34,11.67,printing,independent,legitimate
ds-job-020,39,363.92,211.14,9.7,printing,independent,legitimate
ds-job-020,40,350.33,212.36,11.81,printing,independent,legitimate
ds-job-020,41,374.33,208.78,13.68,printing,independent,legitimate
ds-job-020,42,375.31,211.65,11.59,printing,independent,legitimate
ds-job-020,43,328.9,212.05,11.22,printing,independent,legitimate
ds-job-020,44,360.14,210.53,10.75,printing,independent,legitimate
ds-job-020,45,355.35,212.97,12.14,printing,independent,legitimate
ds-job-020,46,356.44,210.19,11.17,printing,independent,legitimate
ds-job-020,47,364.65,203.77,10.65,printing,independent,legitimate
ds-job-020,48,353.04,210.24,12.79,printing,independent,legitimate
ds-job-020,49,335.92,209.33,13.15,printing,independent,legitimate
ds-job-020,50,323.58,211.09,14.12,printing,independent,legitimate
ds-job-020,51,375.53,205.23,10.13,printing,independent,legitimate
ds-job-020,52,338.39,211.91,13.53,printing,independent,legitimate
ds-job-020,53,356.22,210.04,12.32,printing,independent,legitimate
ds-job-020,54,327.99,206.51,11.79,printing,independent,legitimate
ds-job-020,55,349.3,208.39,13.22,printing,independent,legitimate
ds-job-020,56,355.64,208.81,10.09,printing,independent,legitimate
ds-job-020,57,354.8,206.9,9.78,printing,independent,legitimate
ds-job-020,58,382.94,208.57,12.99,printing,independent,legitimate
ds-job-020,59,378.29,207.37,12.52,printing,independent,legitimate
ds-job-020,60,353.78,207.66,11.29,printing,independent,legitimate
ds-job-020,61,359.37,205.49,12.22,printing,independent,legitimate
ds-job-020,62,371.45,211.92,12.25,printing,independent,legitimate
ds-job-020,63,338.93,212.31,10.98,printing,independent,legitimate
ds-job-020,64,354.51,209.25,11.22,printing,independent,legitimate
ds-job-020,65,352.04,202.72,11.84,printing,independent,legitimate
ds-job-020,66,354.42,211.25,10.51,printing,independent,legitimate
ds-job-020,67,362.92,208.13,12.13,printing,independent,legitimate
ds-job-020,68,346.6,211.19,10.71,printing,independent,legitimate
ds-job-020,69,330.19,211.46,11.41,printing,independent,legitimate
ds-job-020,70,366.24,205.56,12.43,printing,independent,legitimate
ds-job-020,71,349.52,214.01,12.9,printing,independent,legitimate
ds-job-020,72,354.32,211.34,12.12,printing,independent,legitimate
ds-job-020,73,337.18,204.51,11.44,printing,independent,legitimate
ds-job-020,74,355.9,202.64,10.93,printing,independent,legitimate
ds-job-020,75,341.0,212.85,10.61,printing,independent,legitimate
ds-job-020,76,331.13,212.47,11.52,printing,independent,legitimate
ds-job-020,77,348.97,205.97,11.97,printing,independent,legitimate
ds-job-020,78,355.7,202.84,10.76,printing,independent,legitimate
ds-job-020,79,372.97,210.03,10.86,printing,independent,legitimate
ds-job-020,80,341.32,214.85,11.14,printing,independent,legitimate
ds-job-020,81,331.22,210.25,10.65,printing,independent,legitimate
ds-job-020,82,355.8,213.2,12.36,printing,independent,legitimate
ds-job-020,83,345.64,211.7,12.95,printing,independent,legitimate
ds-job-020,84,359.76,211.21,12.1,printing,independent,legitimate
ds-job-020,85,341.56,208.61,10.35,printing,independent,legitimate
ds-job-020,86,350.26,211.92,11.86,printing,independent,legitimate
ds-job-020,87,381.75,211.12,12.83,printing,independent,legitimate
ds-job-020,88,331.84,212.1,12.95,printing,independent,legitimate
ds-job-020,89,341.49,212.21,10.47,printing,independent,legitimate
ds-job-020,90,387.24,215.32,11.23,printing,independent,legitimate
ds-job-020,91,348.05,205.14,11.48,printing,independent,legitimate
ds-job-020,92,337.18,215.68,11.85,printing,independent,legitimate
ds-job-020,93,357.7,206.83,12.57,printing,independent,legitimate
ds-job-020,94,329.71,209.11,10.67,printing,independent,legitimate
ds-job-020,95,381.26,214.31,13.1,printing,independent,legitimate
ds-job-020,96,339.26,206.11,9.35,printing,independent,legitimate
ds-job-020,97,333.63,207.63,11.78,printing,independent,legitimate
ds-job-020,98,365.67,205.99,10.97,printing,independent,legitimate
ds-job-020,99,357.84,206.85,11.09,printing,independent,legitimate
ds-job-020,100,346.86,206.48,13.09,printing,independent,legitimate
ds-job-020,101,326.81,212.44,9.93,printing,independent,legitimate
ds-job-020,102,350.89,203.15,11.42,printing,independent,legitimate
ds-job-020,103,330.73,204.83,8.0,printing,independent,legitimate
ds-job-020,104,346.95,214.31,13.89,printing,independent,legitimate
ds-job-020,105,342.86,209.15,13.65,printing,independent,legitimate
ds-job-020,106,359.08,204.39,10.33,printing,independent,legitimate
ds-job-020,107,323.19,209.4,10.55,printing,independent,legitimate
ds-job-020,108,325.99,208.52,11.76,printing,independent,legitimate
ds-job-020,109,313.02,209.01,10.25,printing,independent,legitimate
ds-job-020,110,349.29,210.45,11.77,printing,independent,legitimate
ds-job-020,111,338.35,205.34,9.7,printing,independent,legitimate
ds-job-020,112,360.81,208.95,11.42,printing,independent,legitimate
ds-job-020,113,339.22,210.25,12.81,printing,independent,legitimate
ds-job-020,114,358.42,213.64,12.34,printing,independent,legitimate
ds-job-020,115,367.58,205.21,11.43,printing,independent,legitimate
ds-job-020,116,353.16,207.0,12.5,printing,independent,legitimate
ds-job-020,117,355.22,213.16,12.27,printing,independent,legitimate
ds-job-020,118,337.87,207.95,11.19,printing,independent,legitimate
ds-job-020,119,353.8,211.28,9.04,printing,independent,legitimate
ds-job-020,120,350.17,209.56,13.44,printing,independent,legitimate
ds-job-020,121,361.71,208.22,13.28,printing,independent,legitimate
ds-job-020,122,335.15,210.55,10.21,printing,independent,legitimate
ds-job-020,123,380.51,204.8,10.3,printing,independent,legitimate
ds-job-020,124,339.22,210.13,10.17,printing,independent,legitimate
ds-job-020,125,329.84,210.12,11.66,printing,independent,legitimate
ds-job-020,126,338.62,211.59,12.14,printing,independent,legitimate
ds-job-020,127,317.48,208.88,11.0,printing,independent,legitimate
ds-job-020,128,379.06,204.31,11.34,printing,independent,legitimate
ds-job-020,129,352.09,206.78,10.99,printing,independent,legitimate
ds-job-020,130,364.74,209.76,10.44,printing,independent,legitimate
ds-job-020,131,369.4,203.66,10.57,printing,independent,legitimate
ds-job-020,132,354.57,207.49,13.93,printing,independent,legitimate
ds-job-020,133,375.43,211.12,12.47,printing,independent,legitimate
ds-job-020,134,336.59,211.24,11.74,printing,independent,legitimate
ds-job-020,135,355.63,209.69,12.26,printing,independent,legitimate
ds-job-020,136,300.0,209.14,12.05,printing,independent,legitimate
ds-job-020,137,300.0,207.91,12.1,printing,independent,legitimate
ds-job-020,138,350.18,206.42,9.8,printing,independent,legitimate
ds-job-020,139,322.17,207.18,11.7,printing,independent,legitimate
ds-job-020,140,357.71,213.52,12.04,printing,independent,legitimate
ds-job-020,141,340.76,212.61,10.6,printing,independent,legitimate
ds-job-020,142,40.0,62.0,0.0,cooling,independent,legitimate
ds-job-020,143,77.63,131.99,0.0,cooling,independent,legitimate
ds-job-020,144,62.77,122.32,0.0,cooling,independent,legitimate
ds-job-020,145,65.33,91.09,0.0,cooling,independent,legitimate
ds-job-020,146,73.95,139.75,0.0,cooling,independent,legitimate
ds-job-020,147,66.53,68.68,0.0,cooling,independent,legitimate
ds-job-020,148,63.58,154.38,0.0,cooling,independent,legitimate
ds-job-020,149,61.21,111.47,0.0,cooling,independent,legitimate
ds-job-020,150,60.63,143.99,0.0,cooling,independent,legitimate
ds-job-020,151,63.1,115.13,0.0,cooling,independent,legitimate
ds-job-020,152,66.96,154.84,0.0,cooling,independent,legitimate
ds-job-020,153,63.34,145.64,0.0,cooling,independent,legitimate
ds-job-020,154,74.03,73.41,0.0,cooling,independent,legitimate
ds-job-020,155,56.59,84.16,0.0,cooling,independent,legitimate
ds-job-020,156,50.55,86.11,0.0,cooling,independent,legitimate
ds-job-021,0,48.82,23.53,0.0,idle,independent,sabotaged
ds-job-021,1,49.71,25.61,0.0,idle,independent,sabotaged
ds-job-021,2,49.74,24.56,0.0,idle,independent,sabotaged
ds-job-021,3,45.39,28.51,0.0,idle,independent,sabotaged
ds-job-021,4,53.58,25.66,0.0,idle,independent,sabotaged
ds-job-021,5,56.81,24.69,0.0,idle,independent,sabotaged
ds-job-021,6,53.11,27.36,0.0,idle,independent,sabotaged
ds-job-021,7,218.22,137.39,0.0,heating,independent,sabotaged
ds-job-021,8,204.26,102.11,0.0,heating,independent,sabotaged
ds-job-021,9,182.69,96.76,0.0,heating,independent,sabotaged
ds-job-021,10,206.75,126.19,0.0,heating,independent,sabotaged
ds-job-021,11,178.18,139.18,0.0,heating,independent,sabotaged
ds-job-021,12,201.55,100.87,0.0,heating,independent,sabotaged
ds-job-021,13,221.54,110.01,0.0,heating,independent,sabotaged
ds-job-021,14,169.76,150.27,0.0,heating,independent,sabotaged
ds-job-021,15,175.28,86.73,0.0,heating,independent,sabotaged
ds-job-021,16,185.8,118.05,0.0,heating,independent,sabotaged
ds-job-021,17,211.57,163.35,0.0,heating,independent,sabotaged
ds-job-021,18,199.25,75.77,0.0,heating,independent,sabotaged
ds-job-021,19,212.15,150.5,0.0,heating,independent,sabotaged
ds-job-021,20,225.03,72.29,0.0,heating,independent,sabotaged
ds-job-021,21,205.6,137.74,0.0,heating,independent,sabotaged
ds-job-021,22,214.29,129.49,0.0,heating,independent,sabotaged
ds-job-021,23,228.76,128.58,0.0,heating,independent,sabotaged
ds-job-021,24,162.13,145.48,0.0,heating,independent,sabotaged
ds-job-021,25,205.68,137.72,0.0,heating,independent,sabotaged
ds-job-021,26,185.53,73.21,0.0,heating,independent,sabotaged
ds-job-021,27,204.84,128.65,0.0,heating,independent,sabotaged
ds-job-021,28,215.07,146.35,0.0,heating,independent,sabotaged
ds-job-021,29,185.33,84.68,0.0,heating,independent,sabotaged
ds-job-021,30,361.16,214.01,11.59,printing,independent,sabotaged
ds-job-021,31,385.98,208.06,11.63,printing,independent,sabotaged
ds-job-021,32,368.35,211.93,12.39,printing,independent,sabotaged
ds-job-021,33,352.53,208.96,13.38,printing,independent,sabotaged
ds-job-021,34,362.46,214.29,11.0,printing,independent,sabotaged
ds-job-021,35,366.9,209.19,10.88,printing,independent,sabotaged
ds-job-021,36,340.0,210.53,11.22,printing,independent,sabotaged
ds-job-021,37,338.39,204.41,13.11,printing,independent,sabotaged
ds-job-021,38,366.02,211.75,11.44,printing,independent,sabotaged
ds-job-021,39,388.45,206.73,10.41,printing,independent,sabotaged
ds-job-021,40,361.78,208.7,12.87,printing,independent,sabotaged
ds-job-021,41,343.76,203.93,10.98,printing,independent,sabotaged
ds-job-021,42,353.15,211.29,12.52,printing,independent,sabotaged
ds-job-021,43,326.85,210.39,10.63,printing,independent,sabotaged
ds-job-021,44,352.73,208.56,10.38,printing,independent,sabotaged
ds-job-021,45,371.78,205.92,8.57,printing,independent,sabotaged
ds-job-021,46,329.78,204.91,10.96,printing,independent,sabotaged
ds-job-021,47,343.27,207.87,10.59,printing,independent,sabotaged
ds-job-021,48,353.06,211.51,11.87,printing,independent,sabotaged
ds-job-021,49,377.7,213.76,12.69,printing,independent,sabotaged
ds-job-021,50,324.24,205.59,10.74,printing,independent,sabotaged
ds-job-021,51,386.26,208.4,9.52,printing,independent,sabotaged
ds-job-021,52,345.68,206.6,13.41,printing,independent,sabotaged
ds-job-021,53,372.78,211.3,9.68,printing,independent,sabotaged
ds-job-021,54,356.9,206.97,11.38,printing,independent,sabotaged
ds-job-021,55,330.98,205.57,13.98,printing,independent,sabotaged
ds-job-021,56,340.78,205.49,11.34,printing,independent,sabotaged
ds-job-021,57,351.47,211.69,9.68,printing,independent,sabotaged
ds-job-021,58,379.44,206.36,13.87,printing,independent,sabotaged
ds-job-021,59,335.05,204.23,10.61,printing,independent,sabotaged
ds-job-021,60,367.56,212.8,11.8,printing,independent,sabotaged
ds-job-021,61,374.88,213.04,12.16,printing,independent,sabotaged
ds-job-021,62,383.49,211.42,9.63,printing,independent,sabotaged
ds-job-021,63,342.04,211.34,11.77,printing,independent,sabotaged
ds-job-021,64,357.38,210.77,10.49,printing,independent,sabotaged
ds-job-021,65,359.35,203.94,12.94,printing,independent,sabotaged
ds-job-021,66,344.79,210.61,12.72,printing,independent,sabotaged
ds-job-021,67,372.42,210.04,10.04,printing,independent,sabotaged
ds-job-021,68,327.82,204.21,10.93,printing,independent,sabotaged
ds-job-021,69,345.43,208.64,11.09,printing,independent,sabotaged
ds-job-021,70,325.55,206.46,11.13,printing,independent,sabotaged
ds-job-021,71,362.53,214.75,12.99,printing,independent,sabotaged
ds-job-021,72,342.5,211.78,13.36,printing,independent,sabotaged
ds-job-021,73,349.83,207.81,12.39,printing,independent,sabotaged
ds-job-021,74,362.88,209.45,12.8,printing,independent,sabotaged
ds-job-021,75,355.77,209.95,10.02,printing,independent,sabotaged
ds-job-021,76,340.06,207.91,9.92,printing,independent,sabotaged
ds-job-021,77,327.21,202.8,9.6,printing,independent,sabotaged
ds-job-021,78,357.17,203.72,12.96,printing,independent,sabotaged
ds-job-021,79,329.2,210.97,11.14,printing,independent,sabotaged
ds-job-021,80,338.27,206.66,11.46,printing,independent,sabotaged
ds-job-021,81,351.52,215.05,11.41,printing,independent,sabotaged
ds-job-021,82,331.27,207.71,10.63,printing,independent,sabotaged
ds-job-021,83,382.48,203.56,11.64,printing,independent,sabotaged
ds-job-021,84,290.0,202.29,0.0,printing,independent,sabotaged
ds-job-021,85,290.0,208.01,0.0,printing,independent,sabotaged
ds-job-021,86,290.0,211.91,0.0,printing,independent,sabotaged
ds-job-021,87,343.99,207.21,9.95,printing,independent,sabotaged
ds-job-021,88,357.46,212.7,12.33,printing,independent,sabotaged
ds-job-021,89,380.35,203.14,12.26,printing,independent,sabotaged
ds-job-021,90,341.62,209.99,8.61,printing,independent,sabotaged
ds-job-021,91,338.62,209.89,11.33,printing,independent,sabotaged
ds-job-021,92,371.91,204.37,11.25,printing,independent,sabotaged
ds-job-021,93,375.63,213.52,10.97,printing,independent,sabotaged
ds-job-021,94,383.31,205.87,11.79,printing,independent,sabotaged
ds-job-021,95,337.43,207.49,11.5,printing,independent,sabotaged
ds-job-021,96,393.22,209.76,14.55,printing,independent,sabotaged
ds-job-021,97,360.07,209.35,11.1,printing,independent,sabotaged
ds-job-021,98,374.28,209.11,13.32,printing,independent,sabotaged
ds-job-021,99,338.56,208.43,12.43,printing,independent,sabotaged
ds-job-021,100,332.28,206.82,10.25,printing,independent,sabotaged
ds-job-021,101,354.9,204.46,11.12,printing,independent,sabotaged
ds-job-021,102,347.56,208.31,12.25,printing,independent,sabotaged
ds-job-021,103,341.25,211.94,9.88,printing,independent,sabotaged
ds-job-021,104,338.98,210.7,11.05,printing,independent,sabotaged
ds-job-021,105,373.81,202.77,10.99,printing,independent,sabotaged
ds-job-021,106,348.78,209.14,13.34,printing,independent,sabotaged
ds-job-021,107,339.75,210.58,10.79,printing,independent,sabotaged
ds-job-021,108,370.01,207.21,12.31,printing,independent,sabotaged
ds-job-021,109,394.8,208.59,12.43,printing,independent,sabotaged
ds-job-021,110,344.27,212.16,12.01,printing,independent,sabotaged
ds-job-021,111,336.09,214.33,12.47,printing,independent,sabotaged
ds-job-021,112,348.61,205.51,11.87,printing,independent,sabotaged
ds-job-021,113,345.91,210.07,11.47,printing,independent,sabotaged
ds-job-021,114,320.43,212.36,11.29,printing,independent,sabotaged
ds-job-021,115,351.29,209.29,12.05,printing,independent,sabotaged
ds-job-021,116,350.3,206.93,11.52,printing,independent,sabotaged
ds-job-021,117,373.3,207.93,10.88,printing,independent,sabotaged
ds-job-021,118,334.92,211.24,11.21,printing,independent,sabotaged
ds-job-021,119,342.11,212.96,14.12,printing,independent,sabotaged
ds-job-021,120,336.77,204.82,10.97,printing,independent,sabotaged
ds-job-021,121,334.09,207.52,10.9,printing,independent,sabotaged
ds-job-021,122,366.57,206.9,10.07,printing,independent,sabotaged
ds-job-021,123,342.49,207.93,12.59,printing,independent,sabotaged
ds-job-021,124,357.98,210.88,10.21,printing,independent,sabotaged
ds-job-021,125,348.89,210.69,12.57,printing,independent,sabotaged
ds-job-021,126,355.94,206.62,12.23,printing,independent,sabotaged
ds-job-021,127,383.8,204.27,11.5,printing,independent,sabotaged
ds-job-021,128,349.82,210.48,13.24,printing,independent,sabotaged
ds-job-021,129,381.81,208.74,14.18,printing,independent,sabotaged
ds-job-021,130,320.0,208.18,10.5,printing,independent,sabotaged
ds-job-021,131,370.83,207.1,11.59,printing,independent,sabotaged
ds-job-021,132,341.87,207.38,9.04,printing,independent,sabotaged
ds-job-021,133,323.66,205.5,11.82,printing,independent,sabotaged
ds-job-021,134,361.99,204.87,11.19,printing,independent,sabotaged
ds-job-021,135,360.91,206.98,11.44,printing,independent,sabotaged
ds-job-021,136,318.83,206.5,12.09,printing,independent,sabotaged
ds-job-021,137,338.54,211.16,12.95,printing,independent,sabotaged
ds-job-021,138,349.18,204.69,13.53,printing,independent,sabotaged
ds-job-021,139,74.59,137.98,0.0,cooling,independent,sabotaged
ds-job-021,140,55.19,101.36,0.0,cooling,independent,sabotaged
ds-job-021,141,63.28,118.93,0.0,cooling,independent,sabotaged
ds-job-021,142,77.13,115.41,0.0,cooling,independent,sabotaged
ds-job-021,143,56.45,48.46,0.0,cooling,independent,sabotaged
ds-job-021,144,65.09,77.74,0.0,cooling,independent,sabotaged
ds-job-021,145,71.72,110.79,0.0,cooling,independent,sabotaged
ds-job-021,146,58.06,176.96,0.0,cooling,independent,sabotaged
ds-job-021,147,53.21,67.75,0.0,cooling,independent,sabotaged
ds-job-021,148,60.3,127.72,0.0,cooling,independent,sabotaged
ds-job-021,149,76.3,144.33,0.0,cooling,independent,sabotaged
ds-job-021,150,59.83,120.9,0.0,cooling,independent,sabotaged
ds-job-021,151,73.13,121.79,0.0,cooling,independent,sabotaged
ds-job-021,152,51.1,98.24,0.0,cooling,independent,sabotaged
ds-job-021,153,71.89,52.89,0.0,cooling,independent,sabotaged
ds-job-022,0,51.18,25.07,0.0,idle,independent,legitimate
ds-job-022,1,49.58,26.29,0.0,idle,independent,legitimate
ds-job-022,2,50.83,25.53,0.0,idle,independent,legitimate
ds-job-022,3,47.68,28.24,0.0,idle,independent,legitimate
ds-job-022,4,219.71,118.18,0.0,heating,independent,legitimate
ds-job-022,5,175.91,139.21,0.0,heating,independent,legitimate
ds-job-022,6,200.14,157.7,0.0,heating,independent,legitimate
ds-job-022,7,202.74,94.34,0.0,heating,independent,legitimate
ds-job-022,8,197.84,170.01,0.0,heating,independent,legitimate
ds-job-022,9,175.33,88.37,0.0,heating,independent,legitimate
ds-job-022,10,243.76,139.43,0.0,heating,independent,legitimate
ds-job-022,11,200.78,117.26,0.0,heating,independent,legitimate
ds-job-022,12,227.83,103.58,0.0,heating,independent,legitimate
ds-job-022,13,181.2,138.13,0.0,heating,independent,legitimate
ds-job-022,14,213.42,139.84,0.0,heating,independent,legitimate
ds-job-022,15,201.89,128.85,0.0,heating,independent,legitimate
ds-job-022,16,239.75,179.78,0.0,heating,independent,legitimate
ds-job-022,17,346.36,211.78,11.89,printing,independent,legitimate
ds-job-022,18,364.3,208.4,12.9,printing,independent,legitimate
ds-job-022,19,332.02,211.47,11.47,printing,independent,legitimate
ds-job-022,20,364.84,213.07,13.23,printing,independent,legitimate
ds-job-022,21,356.71,210.1,11.12,printing,independent,legitimate
ds-job-022,22,372.1,208.3,11.85,printing,independent,legitimate
ds-job-022,23,343.72,210.01,12.74,printing,independent,legitimate
ds-job-022,24,376.72,210.99,11.64,printing,independent,legitimate
ds-job-022,25,362.03,205.31,11.86,printing,independent,legitimate
ds-job-022,26,347.69,205.98,10.89,printing,independent,legitimate
ds-job-022,27,373.54,206.19,12.35,printing,independent,legitimate
ds-job-022,28,358.72,214.64,12.63,printing,independent,legitimate
ds-job-022,29,341.23,204.32,10.7,printing,independent,legitimate
ds-job-022,30,375.0,204.51,10.17,printing,independent,legitimate
ds-job-022,31,357.9,210.05,9.0,printing,independent,legitimate
ds-job-022,32,369.02,208.62,12.6,printing,independent,legitimate
ds-job-022,33,351.57,215.02,12.79,printing,independent,legitimate
ds-job-022,34,342.07,208.37,13.41,printing,independent,legitimate
ds-job-022,35,337.76,200.0,11.93,printing,independent,legitimate
ds-job-022,36,322.81,203.79,12.86,printing,independent,legitimate
ds-job-022,37,353.52,217.12,10.72,printing,independent,legitimate
ds-job-022,38,349.11,207.19,11.3,printing,independent,legitimate
ds-job-022,39,322.5,207.89,10.48,printing,independent,legitimate
ds-job-022,40,321.83,208.77,10.54,printing,independent,legitimate
ds-job-022,41,382.38,207.94,11.11,printing,independent,legitimate
ds-job-022,42,362.92,205.43,11.41,printing,independent,legitimate
ds-job-022,43,346.6,213.89,11.31,printing,independent,legitimate
ds-job-022,44,346.7,204.85,12.2,printing,independent,legitimate
ds-job-022,45,345.89,208.43,10.1,printing,independent,legitimate
ds-job-022,46,340.2,210.98,11.43,printing,independent,legitimate
ds-job-022,47,320.82,210.41,11.57,printing,independent,legitimate
ds-job-022,48,328.1,208.2,12.51,printing,independent,legitimate
ds-job-022,49,340.64,214.32,11.98,printing,independent,legitimate
ds-job-022,50,321.02,207.4,10.93,printing,independent,legitimate
ds-job-022,51,351.8,212.35,13.3,printing,independent,legitimate
ds-job-022,52,338.16,204.05,11.02,printing,independent,legitimate
ds-job-022,53,353.24,210.54,10.02,printing,independent,legitimate
ds-job-022,54,343.87,207.64,12.81,printing,independent,legitimate
ds-job-022,55,344.62,216.61,12.34,printing,independent,legitimate
ds-job-022,56,324.5,209.0,13.05,printing,independent,legitimate
ds-job-022,57,347.61,209.79,10.43,printing,independent,legitimate
ds-job-022,58,342.34,217.16,10.48,printing,independent,legitimate
ds-job-022,59,352.88,203.94,12.09,printing,independent,legitimate
ds-job-022,60,333.94,206.9,11.35,printing,independent,legitimate
ds-job-022,61,375.72,213.52,11.08,printing,independent,legitimate
ds-job-022,62,362.13,214.66,12.58,printing,independent,legitimate
ds-job-022,63,321.24,208.03,10.69,printing,independent,legitimate
ds-job-022,64,367.39,208.25,9.97,printing,independent,legitimate
ds-job-022,65,370.45,209.64,10.95,printing,independent,legitimate
ds-job-022,66,356.53,211.18,12.97,printing,independent,legitimate
ds-job-022,67,334.77,209.19,12.3,printing,independent,legitimate
ds-job-022,68,374.04,204.68,11.82,printing,independent,legitimate
ds-job-022,69,330.81,207.79,12.9,printing,independent,legitimate
ds-job-022,70,339.28,208.99,11.82,printing,independent,legitimate
ds-job-022,71,337.66,214.71,12.86,printing,independent,legitimate
ds-job-022,72,364.31,205.56,8.41,printing,independent,legitimate
ds-job-022,73,350.42,209.91,10.1,printing,independent,legitimate
ds-job-022,74,357.97,208.48,11.91,printing,independent,legitimate
ds-job-022,75,337.52,208.9,12.78,printing,independent,legitimate
ds-job-022,76,351.85,212.41,12.3,printing,independent,legitimate
ds-job-022,77,363.82,215.42,12.93,printing,independent,legitimate
ds-job-022,78,363.39,209.33,11.26,printing,independent,legitimate
ds-job-022,79,328.52,204.15,12.76,printing,independent,legitimate
ds-job-022,80,349.43,210.26,11.8,printing,independent,legitimate
ds-job-022,81,363.59,212.56,10.77,printing,independent,legitimate
ds-job-022,82,322.67,208.35,11.69,printing,independent,legitimate
ds-job-022,83,56.92,113.27,0.0,cooling,independent,legitimate
ds-job-022,84,72.2,91.79,0.0,cooling,independent,legitimate
ds-job-022,85,56.64,139.21,0.0,cooling,independent,legitimate
ds-job-022,86,64.65,116.29,0.0,cooling,independent,legitimate
ds-job-022,87,65.85,108.28,0.0,cooling,independent,legitimate
ds-job-022,88,67.53,133.95,0.0,cooling,independent,legitimate
ds-job-022,89,66.43,157.74,0.0,cooling,independent,legitimate
ds-job-022,90,76.56,105.47,0.0,cooling,independent,legitimate
ds-job-022,91,63.31,36.02,0.0,cooling,independent,legitimate
ds-job-023,0,46.65,23.19,0.0,idle,independent,lazy-fake
ds-job-023,1,48.48,24.56,0.0,idle,independent,lazy-fake
ds-job-023,2,49.61,25.91,0.0,idle,independent,lazy-fake
ds-job-023,3,55.13,24.46,0.0,idle,independent,lazy-fake
ds-job-023,4,51.66,22.5,0.0,idle,independent,lazy-fake
ds-job-023,5,46.26,23.66,0.0,idle,independent,lazy-fake
ds-job-023,6,53.47,25.24,0.0,heating,independent,lazy-fake
ds-job-023,7,49.97,23.59,0.0,heating,independent,lazy-fake
ds-job-023,8,53.62,23.87,0.0,heating,independent,lazy-fake
ds-job-023,9,47.91,28.08,0.0,heating,independent,lazy-fake
ds-job-023,10,52.02,25.26,0.0,heating,independent,lazy-fake
ds-job-023,11,43.44,26.35,0.0,heating,independent,lazy-fake
ds-job-023,12,51.74,22.59,0.0,heating,independent,lazy-fake
ds-job-023,13,50.91,26.19,0.0,heating,independent,lazy-fake
ds-job-023,14,57.03,28.48,0.0,heating,independent,lazy-fake
ds-job-023,15,49.28,25.78,0.0,heating,independent,lazy-fake
ds-job-023,16,50.25,27.2,0.0,heating,independent,lazy-fake
ds-job-023,17,49.94,24.82,0.0,heating,independent,lazy-fake
ds-job-023,18,49.77,26.56,0.0,heating,independent,lazy-fake
ds-job-023,19,55.78,24.68,0.0,heating,independent,lazy-fake
ds-job-023,20,52.65,23.69,0.0,heating,independent,lazy-fake
ds-job-023,21,44.11,26.92,0.0,heating,independent,lazy-fake
ds-job-023,22,44.88,21.55,0.0,heating,independent,lazy-fake
ds-job-023,23,51.14,24.71,0.0,heating,independent,lazy-fake
ds-job-023,24,52.24,25.33,0.0,heating,independent,lazy-fake
ds-job-023,25,50.94,26.58,0.0,printing,independent,lazy-fake
ds-job-023,26,48.67,27.32,0.0,printing,independent,lazy-fake
ds-job-023,27,50.19,24.87,0.0,printing,independent,lazy-fake
ds-job-023,28,49.99,25.69,0.0,printing,independent,lazy-fake
ds-job-023,29,51.0,28.08,0.0,printing,independent,lazy-fake
ds-job-023,30,55.51,25.33,0.0,printing,independent,lazy-fake
ds-job-023,31,50.29,23.83,0.0,printing,independent,lazy-fake
ds-job-023,32,49.96,27.94,0.0,printing,independent,lazy-fake
ds-job-023,33,50.39,24.52,0.0,printing,independent,lazy-fake
ds-job-023,34,51.34,25.58,0.0,printing,independent,lazy-fake
ds-job-023,35,50.0,22.96,0.0,printing,independent,lazy-fake
ds-job-023,36,49.62,21.58,0.0,printing,independent,lazy-fake
ds-job-023,37,51.2,22.49,0.0,printing,independent,lazy-fake
ds-job-023,38,51.21,24.72,0.0,printing,independent,lazy-fake
ds-job-023,39,56.73,22.92,0.0,printing,independent,lazy-fake
ds-job-023,40,53.97,26.88,0.0,printing,independent,lazy-fake
ds-job-023,41,50.03,25.53,0.0,printing,independent,lazy-fake
ds-job-023,42,47.84,26.54,0.0,printing,independent,lazy-fake
ds-job-023,43,49.72,25.72,0.0,printing,independent,lazy-fake
ds-job-023,44,55.68,27.73,0.0,printing,independent,lazy-fake
ds-job-023,45,54.92,25.52,0.0,printing,independent,lazy-fake
ds-job-023,46,49.74,26.51,0.0,printing,independent,lazy-fake
ds-job-023,47,50.28,22.65,0.0,printing,independent,lazy-fake
ds-job-023,48,51.91,25.77,0.0,printing,independent,lazy-fake
ds-job-023,49,47.82,25.37,0.0,printing,independent,lazy-fake
ds-job-023,50,49.12,22.97,0.0,printing,independent,lazy-fake
ds-job-023,51,55.23,26.25,0.0,printing,independent,lazy-fake
ds-job-023,52,51.78,25.29,0.0,printing,independent,lazy-fake
ds-job-023,53,47.11,24.7,0.0,printing,independent,lazy-fake
ds-job-023,54,54.51,24.16,0.0,printing,independent,lazy-fake
ds-job-023,55,53.14,23.44,0.0,printing,independent,lazy-fake
ds-job-023,56,50.29,21.96,0.0,printing,independent,lazy-fake
ds-job-023,57,51.26,26.76,0.0,printing,independent,lazy-fake
ds-job-023,58,49.23,22.91,0.0,printing,independent,lazy-fake
ds-job-023,59,50.58,28.06,0.0,printing,independent,lazy-fake
ds-job-023,60,46.25,25.86,0.0,printing,independent,lazy-fake
ds-job-023,61,52.86,23.01,0.0,printing,independent,lazy-fake
ds-job-023,62,50.52,25.87,0.0,printing,independent,lazy-fake
ds-job-023,63,52.5,22.7,0.0,printing,independent,lazy-fake
ds-job-023,64,50.25,20.0,0.0,printing,independent,lazy-fake
ds-job-023,65,49.98,24.06,0.0,printing,independent,lazy-fake
ds-job-023,66,51.91,26.5,0.0,printing,independent,lazy-fake
ds-job-023,67,51.65,22.47,0.0,printing,independent,lazy-fake
ds-job-023,68,49.26,26.28,0.0,printing,independent,lazy-fake
ds-job-023,69,44.66,25.86,0.0,printing,independent,lazy-fake
ds-job-023,70,46.72,23.15,0.0,printing,independent,lazy-fake
ds-job-023,71,49.58,27.08,0.0,printing,independent,lazy-fake
ds-job-023,72,45.95,26.74,0.0,printing,independent,lazy-fake
ds-job-023,73,45.62,24.6,0.0,printing,independent,lazy-fake
ds-job-023,74,49.32,26.78,0.0,printing,independent,lazy-fake
ds-job-023,75,50.28,24.42,0.0,printing,independent,lazy-fake
ds-job-023,76,47.07,26.39,0.0,printing,independent,lazy-fake
ds-job-023,77,47.57,25.42,0.0,printing,independent,lazy-fake
ds-job-023,78,49.8,25.01,0.0,printing,independent,lazy-fake
ds-job-023,79,55.39,25.3,0.0,printing,independent,lazy-fake
ds-job-023,80,47.42,23.13,0.0,printing,independent,lazy-fake
ds-job-023,81,54.82,24.21,0.0,printing,independent,lazy-fake
ds-job-023,82,48.1,25.11,0.0,printing,independent,lazy-fake
ds-job-023,83,47.68,23.77,0.0,printing,independent,lazy-fake
ds-job-023,84,50.01,24.98,0.0,printing,independent,lazy-fake
ds-job-023,85,50.14,24.23,0.0,printing,independent,lazy-fake
ds-job-023,86,52.8,27.55,0.0,printing,independent,lazy-fake
ds-job-023,87,44.46,22.44,0.0,printing,independent,lazy-fake
ds-job-023,88,50.72,25.74,0.0,printing,independent,lazy-fake
ds-job-023,89,50.56,26.72,0.0,printing,independent,lazy-fake
ds-job-023,90,46.04,27.1,0.0,printing,independent,lazy-fake
ds-job-023,91,49.17,24.07,0.0,printing,independent,lazy-fake
ds-job-023,92,50.18,23.93,0.0,printing,independent,lazy-fake
ds-job-023,93,58.67,23.84,0.0,printing,independent,lazy-fake
ds-job-023,94,52.46,26.33,0.0,printing,independent,lazy-fake
ds-job-023,95,50.6,25.67,0.0,printing,independent,lazy-fake
ds-job-023,96,49.59,23.47,0.0,printing,independent,lazy-fake
ds-job-023,97,49.81,24.09,0.0,printing,independent,lazy-fake
ds-job-023,98,55.68,28.39,0.0,printing,independent,lazy-fake
ds-job-023,99,50.53,27.29,0.0,printing,independent,lazy-fake
ds-job-023,100,54.6,24.07,0.0,printing,independent,lazy-fake
ds-job-023,101,47.39,26.15,0.0,printing,independent,lazy-fake
ds-job-023,102,46.71,25.27,0.0,printing,independent,lazy-fake
ds-job-023,103,45.89,27.75,0.0,printing,independent,lazy-fake
ds-job-023,104,45.93,22.53,0.0,printing,independent,lazy-fake
ds-job-023,105,50.74,23.94,0.0,printing,independent,lazy-fake
ds-job-023,106,45.09,25.83,0.0,printing,independent,lazy-fake
ds-job-023,107,50.19,24.08,0.0,printing,independent,lazy-fake
ds-job-023,108,49.32,26.38,0.0,printing,independent,lazy-fake
ds-job-023,109,46.32,25.82,0.0,printing,independent,lazy-fake
ds-job-023,110,52.3,24.07,0.0,printing,independent,lazy-fake
ds-job-023,111,48.18,28.74,0.0,printing,independent,lazy-fake
ds-job-023,112,47.91,27.29,0.0,printing,independent,lazy-fake
ds-job-023,113,46.41,25.42,0.0,printing,independent,lazy-fake
ds-job-023,114,50.44,24.76,0.0,printing,independent,lazy-fake
ds-job-023,115,42.04,25.26,0.0,cooling,independent,lazy-fake
ds-job-023,116,54.14,25.31,0.0,cooling,independent,lazy-fake
ds-job-023,117,47.89,23.29,0.0,cooling,independent,lazy-fake
ds-job-023,118,53.27,23.83,0.0,cooling,independent,lazy-fake
ds-job-023,119,49.24,24.14,0.0,cooling,independent,lazy-fake
ds-job-023,120,48.76,27.99,0.0,cooling,independent,lazy-fake
ds-job-023,121,50.08,25.51,0.0,cooling,independent,lazy-fake
ds-job-023,122,47.31,25.78,0.0,cooling,independent,lazy-fake
ds-job-023,123,45.77,21.48,0.0,cooling,independent,lazy-fake
ds-job-023,124,48.8,23.9,0.0,cooling,independent,lazy-fake
ds-job-023,125,48.43,25.21,0.0,cooling,independent,lazy-fake
ds-job-023,126,46.83,24.07,0.0,cooling,independent,lazy-fake
ds-job-024,0,49.25,23.4,0.0,idle,independent,lazy-fake
ds-job-024,1,51.3,25.65,0.0,idle,independent,lazy-fake
ds-job-024,2,51.74,24.76,0.0,idle,independent,lazy-fake
ds-job-024,3,52.4,24.08,0.0,idle,independent,lazy-fake
ds-job-024,4,49.49,23.92,0.0,idle,independent,lazy-fake
ds-job-024,5,51.74,23.11,0.0,idle,independent,lazy-fake
ds-job-024,6,48.1,26.52,0.0,idle,independent,lazy-fake
ds-job-024,7,47.94,24.11,0.0,heating,independent,lazy-fake
ds-job-024,8,50.45,24.45,0.0,heating,independent,lazy-fake
ds-job-024,9,47.54,23.73,0.0,heating,independent,lazy-fake
ds-job-024,10,55.24,27.89,0.0,heating,independent,lazy-fake
ds-job-024,11,40.0,23.08,0.0,heating,independent,lazy-fake
ds-job-024,12,47.52,25.66,0.0,heating,independent,lazy-fake
ds-job-024,13,47.06,24.99,0.0,heating,independent,lazy-fake
ds-job-024,14,53.03,24.12,0.0,heating,independent,lazy-fake
ds-job-024,15,48.06,24.14,0.0,heating,independent,lazy-fake
ds-job-024,16,51.99,22.95,0.0,heating,independent,lazy-fake
ds-job-024,17,46.71,25.82,0.0,heating,independent,lazy-fake
ds-job-024,18,51.64,24.56,0.0,heating,independent,lazy-fake
ds-job-024,19,49.73,22.38,0.0,heating,independent,lazy-fake
ds-job-024,20,51.32,27.6,0.0,heating,independent,lazy-fake
ds-job-024,21,50.34,24.98,0.0,heating,independent,lazy-fake
ds-job-024,22,50.66,25.15,0.0,heating,independent,lazy-fake
ds-job-024,23,47.38,25.71,0.0,heating,independent,lazy-fake
ds-job-024,24,50.28,25.36,0.0,heating,independent,lazy-fake
ds-job-024,25,48.73,25.21,0.0,heating,independent,lazy-fake
ds-job-024,26,48.93,26.9,0.0,heating,independent,lazy-fake
ds-job-024,27,54.08,22.99,0.0,heating,independent,lazy-fake
ds-job-024,28,50.85,22.37,0.0,heating,independent,lazy-fake
ds-job-024,29,48.62,23.65,0.0,printing,independent,lazy-fake
ds-job-024,30,52.23,25.91,0.0,printing,independent,lazy-fake
ds-job-024,31,47.41,23.91,0.0,printing,independent,lazy-fake
ds-job-024,32,50.44,21.44,0.0,printing,independent,lazy-fake
ds-job-024,33,50.92,25.43,0.0,printing,independent,lazy-fake
ds-job-024,34,50.0,26.54,0.0,printing,independent,lazy-fake
ds-job-024,35,47.0,27.26,0.0,printing,independent,lazy-fake
ds-job-024,36,52.82,23.69,0.0,printing,independent,lazy-fake
ds-job-024,37,49.91,29.43,0.0,printing,independent,lazy-fake
ds-job-024,38,51.21,26.99,0.0,printing,independent,lazy-fake
ds-job-024,39,51.36,25.7,0.0,printing,independent,lazy-fake
ds-job-024,40,40.0,24.17,0.0,printing,independent,lazy-fake
ds-job-024,41,49.76,25.64,0.0,printing,independent,lazy-fake
ds-job-024,42,59.15,22.7,0.0,printing,independent,lazy-fake
ds-job-024,43,45.88,24.92,0.0,printing,independent,lazy-fake
ds-job-024,44,52.31,23.87,0.0,printing,independent,lazy-fake
ds-job-024,45,51.85,25.9,0.0,printing,independent,lazy-fake
ds-job-024,46,51.82,29.21,0.0,printing,independent,lazy-fake
ds-job-024,47,45.34,27.15,0.0,printing,independent,lazy-fake
ds-job-024,48,51.77,23.01,0.0,printing,independent,lazy-fake
ds-job-024,49,50.46,25.55,0.0,printing,independent,lazy-fake
ds-job-024,50,49.57,24.11,0.0,printing,independent,lazy-fake
ds-job-024,51,47.63,24.15,0.0,printing,independent,lazy-fake
ds-job-024,52,48.94,21.37,0.0,printing,independent,lazy-fake
ds-job-024,53,55.83,26.25,0.0,printing,independent,lazy-fake
ds-job-024,54,54.01,22.78,0.0,printing,independent,lazy-fake
ds-job-024,55,47.38,24.64,0.0,printing,independent,lazy-fake
ds-job-024,56,47.04,24.93,0.0,printing,independent,lazy-fake
ds-job-024,57,48.83,24.63,0.0,printing,independent,lazy-fake
ds-job-024,58,53.11,25.48,0.0,printing,independent,lazy-fake
ds-job-024,59,49.1,27.95,0.0,printing,independent,lazy-fake
ds-job-024,60,54.06,27.1,0.0,printing,independent,lazy-fake
ds-job-024,61,48.93,22.95,0.0,printing,independent,lazy-fake
ds-job-024,62,47.64,25.02,0.0,printing,independent,lazy-fake
ds-job-024,63,48.35,24.27,0.0,printing,independent,lazy-fake
ds-job-024,64,54.15,24.12,0.0,printing,independent,lazy-fake
ds-job-024,65,50.51,23.71,0.0,printing,independent,lazy-fake
ds-job-024,66,49.65,23.8,0.0,printing,independent,lazy-fake
ds-job-024,67,55.85,25.48,0.0,printing,independent,lazy-fake
ds-job-024,68,47.71,24.07,0.0,printing,independent,lazy-fake
ds-job-024,69,51.45,26.55,0.0,printing,independent,lazy-fake
ds-job-024,70,46.99,22.51,0.0,printing,independent,lazy-fake
ds-job-024,71,43.69,25.18,0.0,printing,independent,lazy-fake
ds-job-024,72,45.53,23.85,0.0,printing,independent,lazy-fake
ds-job-024,73,49.34,22.65,0.0,printing,independent,lazy-fake
ds-job-024,74,49.03,27.99,0.0,printing,independent,lazy-fake
ds-job-024,75,54.19,26.1,0.0,printing,independent,lazy-fake
ds-job-024,76,52.55,25.32,0.0,printing,independent,lazy-fake
ds-job-024,77,51.07,25.45,0.0,printing,independent,lazy-fake
ds-job-024,78,46.97,25.36,0.0,printing,independent,lazy-fake
ds-job-024,79,48.44,26.32,0.0,printing,independent,lazy-fake
ds-job-024,80,48.02,26.83,0.0,printing,independent,lazy-fake
ds-job-024,81,49.96,22.37,0.0,printing,independent,lazy-fake
ds-job-024,82,46.58,25.14,0.0,printing,independent,lazy-fake
ds-job-024,83,48.46,23.65,0.0,printing,independent,lazy-fake
ds-job-024,84,49.25,26.58,0.0,printing,independent,lazy-fake
ds-job-024,85,50.71,26.39,0.0,printing,independent,lazy-fake
ds-job-024,86,54.94,25.82,0.0,printing,independent,lazy-fake
ds-job-024,87,54.47,21.46,0.0,printing,independent,lazy-fake
ds-job-024,88,49.7,27.56,0.0,printing,independent,lazy-fake
ds-job-024,89,44.13,26.56,0.0,printing,independent,lazy-fake
ds-job-024,90,46.86,23.9,0.0,printing,independent,lazy-fake
ds-job-024,91,51.94,26.26,0.0,printing,independent,lazy-fake
ds-job-024,92,50.29,25.69,0.0,printing,independent,lazy-fake
ds-job-024,93,49.76,24.7,0.0,printing,independent,lazy-fake
ds-job-024,94,50.73,26.07,0.0,printing,independent,lazy-fake
ds-job-024,95,49.71,24.1,0.0,printing,independent,lazy-fake
ds-job-024,96,53.24,26.68,0.0,printing,independent,lazy-fake
ds-job-024,97,50.37,23.56,0.0,printing,independent,lazy-fake
ds-job-024,98,53.63,24.97,0.0,printing,independent,lazy-fake
ds-job-024,99,47.48,27.58,0.0,printing,independent,lazy-fake
ds-job-024,100,53.81,27.35,0.0,printing,independent,lazy-fake
ds-job-024,101,51.04,26.01,0.0,printing,independent,lazy-fake
ds-job-024,102,51.54,26.4,0.0,printing,independent,lazy-fake
ds-job-024,103,47.85,23.99,0.0,printing,independent,lazy-fake
ds-job-024,104,52.53,24.44,0.0,printing,independent,lazy-fake
ds-job-024,105,45.55,26.09,0.0,printing,independent,lazy-fake
ds-job-024,106,47.01,24.95,0.0,printing,independent,lazy-fake
ds-job-024,107,47.11,26.32,0.0,printing,independent,lazy-fake
ds-job-024,108,52.11,24.31,0.0,printing,independent,lazy-fake
ds-job-024,109,49.98,22.57,0.0,printing,independent,lazy-fake
ds-job-024,110,47.52,24.77,0.0,printing,independent,lazy-fake
ds-job-024,111,49.51,23.12,0.0,printing,independent,lazy-fake
ds-job-024,112,45.88,24.96,0.0,printing,independent,lazy-fake
ds-job-024,113,52.04,24.32,0.0,printing,independent,lazy-fake
ds-job-024,114,51.62,25.59,0.0,printing,independent,lazy-fake
ds-job-024,115,54.22,24.22,0.0,printing,independent,lazy-fake
ds-job-024,116,50.85,22.66,0.0,printing,independent,lazy-fake
ds-job-024,117,49.06,24.67,0.0,printing,independent,lazy-fake
ds-job-024,118,52.44,23.14,0.0,printing,independent,lazy-fake
ds-job-024,119,50.74,24.2,0.0,printing,independent,lazy-fake
ds-job-024,120,46.18,23.66,0.0,printing,independent,lazy-fake
ds-job-024,121,47.38,25.23,0.0,printing,independent,lazy-fake
ds-job-024,122,51.93,26.49,0.0,printing,independent,lazy-fake
ds-job-024,123,50.03,24.7,0.0,printing,independent,lazy-fake
ds-job-024,124,48.53,23.58,0.0,printing,independent,lazy-fake
ds-job-024,125,49.54,26.26,0.0,printing,independent,lazy-fake
ds-job-024,126,56.12,25.96,0.0,printing,independent,lazy-fake
ds-job-024,127,50.11,23.7,0.0,printing,independent,lazy-fake
ds-job-024,128,49.06,23.78,0.0,printing,independent,lazy-fake
ds-job-024,129,47.97,22.17,0.0,printing,independent,lazy-fake
ds-job-024,130,50.31,23.81,0.0,printing,independent,lazy-fake
ds-job-024,131,48.46,27.65,0.0,printing,independent,lazy-fake
ds-job-024,132,52.36,25.59,0.0,printing,independent,lazy-fake
ds-job-024,133,52.5,24.6,0.0,printing,independent,lazy-fake
ds-job-024,134,50.27,27.85,0.0,printing,independent,lazy-fake
ds-job-024,135,50.63,26.52,0.0,cooling,independent,lazy-fake
ds-job-024,136,48.67,23.41,0.0,cooling,independent,lazy-fake
ds-job-024,137,45.07,24.31,0.0,cooling,independent,lazy-fake
ds-job-024,138,49.57,27.31,0.0,cooling,independent,lazy-fake
ds-job-024,139,51.22,25.33,0.0,cooling,independent,lazy-fake
ds-job-024,140,52.16,24.28,0.0,cooling,independent,lazy-fake
ds-job-024,141,51.32,24.59,0.0,cooling,independent,lazy-fake
ds-job-024,142,47.04,21.96,0.0,cooling,independent,lazy-fake
ds-job-024,143,54.02,22.33,0.0,cooling,independent,lazy-fake
ds-job-024,144,48.26,22.06,0.0,cooling,independent,lazy-fake
ds-job-024,145,55.6,25.98,0.0,cooling,independent,lazy-fake
ds-job-024,146,46.26,24.27,0.0,cooling,independent,lazy-fake
ds-job-024,147,44.74,25.12,0.0,cooling,independent,lazy-fake
ds-job-024,148,47.34,25.94,0.0,cooling,independent,lazy-fake
ds-job-025,0,52.33,24.84,0.0,idle,independent,legitimate
ds-job-025,1,49.28,25.44,0.0,idle,independent,legitimate
ds-job-025,2,46.97,25.13,0.0,idle,independent,legitimate
ds-job-025,3,50.84,25.11,0.0,idle,independent,legitimate
ds-job-025,4,217.24,135.72,0.0,heating,independent,legitimate
ds-job-025,5,208.49,145.66,0.0,heating,independent,legitimate
ds-job-025,6,203.71,83.12,0.0,heating,independent,legitimate
ds-job-025,7,227.25,121.68,0.0,heating,independent,legitimate
ds-job-025,8,228.75,115.1,0.0,heating,independent,legitimate
ds-job-025,9,188.9,89.97,0.0,heating,independent,legitimate
ds-job-025,10,189.2,72.36,0.0,heating,independent,legitimate
ds-job-025,11,189.48,154.64,0.0,heating,independent,legitimate
ds-job-025,12,200.73,85.24,0.0,heating,independent,legitimate
ds-job-025,13,228.28,82.67,0.0,heating,independent,legitimate
ds-job-025,14,196.6,79.91,0.0,heating,independent,legitimate
ds-job-025,15,205.4,107.22,0.0,heating,independent,legitimate
ds-job-025,16,195.79,167.61,0.0,heating,independent,legitimate
ds-job-025,17,212.21,123.51,0.0,heating,independent,legitimate
ds-job-025,18,379.85,209.36,11.0,printing,independent,legitimate
ds-job-025,19,365.6,213.78,12.5,printing,independent,legitimate
ds-job-025,20,348.85,204.53,11.02,printing,independent,legitimate
ds-job-025,21,316.72,210.73,14.67,printing,independent,legitimate
ds-job-025,22,334.02,209.71,10.77,printing,independent,legitimate
ds-job-025,23,354.22,209.17,12.52,printing,independent,legitimate
ds-job-025,24,353.54,209.39,9.65,printing,independent,legitimate
ds-job-025,25,349.14,207.15,10.96,printing,independent,legitimate
ds-job-025,26,351.23,210.61,11.81,printing,independent,legitimate
ds-job-025,27,312.77,208.8,12.54,printing,independent,legitimate
ds-job-025,28,345.51,211.21,12.32,printing,independent,legitimate
ds-job-025,29,359.23,203.95,10.57,printing,independent,legitimate
ds-job-025,30,338.24,209.22,12.52,printing,independent,legitimate
ds-job-025,31,346.36,213.68,11.04,printing,independent,legitimate
ds-job-025,32,360.01,211.15,9.89,printing,independent,legitimate
ds-job-025,33,330.22,209.31,12.82,printing,independent,legitimate
ds-job-025,34,339.31,211.62,13.08,printing,independent,legitimate
ds-job-025,35,350.74,210.4,12.12,printing,independent,legitimate
ds-job-025,36,356.15,208.91,10.3,printing,independent,legitimate
ds-job-025,37,357.84,209.89,12.14,printing,independent,legitimate
ds-job-025,38,360.79,208.81,10.92,printing,independent,legitimate
ds-job-025,39,350.55,211.56,11.32,printing,independent,legitimate
ds-job-025,40,335.92,208.41,12.48,printing,independent,legitimate
ds-job-025,41,318.29,211.86,12.4,printing,independent,legitimate
ds-job-025,42,339.92,206.89,9.36,printing,independent,legitimate
ds-job-025,43,329.85,208.76,9.41,printing,independent,legitimate
ds-job-025,44,340.87,207.44,10.68,printing,independent,legitimate
ds-job-025,45,340.74,212.08,10.56,printing,independent,legitimate
ds-job-025,46,333.05,209.93,11.32,printing,independent,legitimate
ds-job-025,47,328.67,208.35,10.5,printing,independent,legitimate
ds-job-025,48,311.68,208.72,13.79,printing,independent,legitimate
ds-job-025,49,345.97,205.97,13.82,printing,independent,legitimate
ds-job-025,50,365.43,214.0,12.07,printing,independent,legitimate
ds-job-025,51,347.85,210.08,11.25,printing,independent,legitimate
ds-job-025,52,339.09,210.63,9.06,printing,independent,legitimate
ds-job-025,53,336.59,215.5,10.3,printing,independent,legitimate
ds-job-025,54,358.8,211.88,12.95,printing,independent,legitimate
ds-job-025,55,350.88,211.51,12.21,printing,independent,legitimate
ds-job-025,56,349.67,204.46,12.34,printing,independent,legitimate
ds-job-025,57,343.83,206.68,11.0,printing,independent,legitimate
ds-job-025,58,343.0,206.35,11.18,printing,independent,legitimate
ds-job-025,59,340.61,208.26,9.26,printing,independent,legitimate
ds-job-025,60,340.41,206.49,12.82,printing,independent,legitimate
ds-job-025,61,357.69,210.33,10.5,printing,independent,legitimate
ds-job-025,62,333.88,211.11,12.38,printing,independent,legitimate
ds-job-025,63,351.1,208.07,10.05,printing,independent,legitimate
ds-job-025,64,344.9,211.8,10.67,printing,independent,legitimate
ds-job-025,65,354.73,206.52,12.2,printing,independent,legitimate
ds-job-025,66,327.09,206.62,10.97,printing,independent,legitimate
ds-job-025,67,337.62,208.3,9.81,printing,independent,legitimate
ds-job-025,68,337.71,211.08,9.15,printing,independent,legitimate
ds-job-025,69,330.79,212.16,11.58,printing,independent,legitimate
ds-job-025,70,356.11,210.82,10.55,printing,independent,legitimate
ds-job-025,71,382.76,215.81,12.56,printing,independent,legitimate
ds-job-025,72,362.03,207.98,10.48,printing,independent,legitimate
ds-job-025,73,321.96,213.58,11.57,printing,independent,legitimate
ds-job-025,74,384.98,202.84,13.08,printing,independent,legitimate
ds-job-025,75,348.41,209.99,9.97,printing,independent,legitimate
ds-job-025,76,356.14,206.9,11.28,printing,independent,legitimate
ds-job-025,77,363.7,202.22,9.25,printing,independent,legitimate
ds-job-025,78,365.25,206.07,12.77,printing,independent,legitimate
ds-job-025,79,335.47,211.49,9.42,printing,independent,legitimate
ds-job-025,80,361.52,207.09,13.11,printing,independent,legitimate
ds-job-025,81,367.46,210.49,11.55,printing,independent,legitimate
ds-job-025,82,358.22,206.33,10.26,printing,independent,legitimate
ds-job-025,83,353.18,209.03,11.13,printing,independent,legitimate
ds-job-025,84,350.47,204.66,12.02,printing,independent,legitimate
ds-job-025,85,356.97,214.28,11.84,printing,independent,legitimate
ds-job-025,86,319.12,208.84,10.33,printing,independent,legitimate
ds-job-025,87,359.67,204.81,12.6,printing,independent,legitimate
ds-job-025,88,68.33,86.27,0.0,cooling,independent,legitimate
ds-job-025,89,67.39,115.4,0.0,cooling,independent,legitimate
ds-job-025,90,57.18,78.29,0.0,cooling,independent,legitimate
ds-job-025,91,65.13,133.25,0.0,cooling,independent,legitimate
ds-job-025,92,60.64,109.48,0.0,cooling,independent,legitimate
ds-job-025,93,54.76,123.55,0.0,cooling,independent,legitimate
ds-job-025,94,67.15,87.15,0.0,cooling,independent,legitimate
ds-job-025,95,68.72,112.23,0.0,cooling,independent,legitimate
ds-job-025,96,77.02,144.84,0.0,cooling,independent,legitimate
ds-job-026,0,45.96,23.61,0.0,idle,independent,legitimate
ds-job-026,1,49.34,22.45,0.0,idle,independent,legitimate
ds-job-026,2,54.34,25.44,0.0,idle,independent,legitimate
ds-job-026,3,51.15,23.55,0.0,idle,independent,legitimate
ds-job-026,4,57.58,26.06,0.0,idle,independent,legitimate
ds-job-026,5,49.77,24.71,0.0,idle,independent,legitimate
ds-job-026,6,53.79,24.37,0.0,idle,independent,legitimate
ds-job-026,7,48.82,26.97,0.0,idle,independent,legitimate
ds-job-026,8,235.17,49.51,0.0,heating,independent,legitimate
ds-job-026,9,213.16,128.71,0.0,heating,independent,legitimate
ds-job-026,10,212.45,146.28,0.0,heating,independent,legitimate
ds-job-026,11,228.69,115.29,0.0,heating,independent,legitimate
ds-job-026,12,220.0,95.63,0.0,heating,independent,legitimate
ds-job-026,13,180.58,122.71,0.0,heating,independent,legitimate
ds-job-026,14,211.25,130.63,0.0,heating,independent,legitimate
ds-job-026,15,232.94,97.38,0.0,heating,independent,legitimate
ds-job-026,16,205.75,97.75,0.0,heating,independent,legitimate
ds-job-026,17,214.3,144.91,0.0,heating,independent,legitimate
ds-job-026,18,193.65,106.88,0.0,heating,independent,legitimate
ds-job-026,19,226.2,123.23,0.0,heating,independent,legitimate
ds-job-026,20,197.79,94.68,0.0,heating,independent,legitimate
ds-job-026,21,242.7,183.33,0.0,heating,independent,legitimate
ds-job-026,22,253.79,145.46,0.0,heating,independent,legitimate
ds-job-026,23,218.43,137.24,0.0,heating,independent,legitimate
ds-job-026,24,260.0,105.24,0.0,heating,independent,legitimate
ds-job-026,25,227.11,89.38,0.0,heating,independent,legitimate
ds-job-026,26,216.28,130.53,0.0,heating,independent,legitimate
ds-job-026,27,191.75,116.78,0.0,heating,independent,legitimate
ds-job-026,28,210.74,149.77,0.0,heating,independent,legitimate
ds-job-026,29,210.46,127.14,0.0,heating,independent,legitimate
ds-job-026,30,217.41,103.59,0.0,heating,independent,legitimate
ds-job-026,31,214.38,151.64,0.0,heating,independent,legitimate
ds-job-026,32,200.39,89.29,0.0,heating,independent,legitimate
ds-job-026,33,363.41,201.69,12.56,printing,independent,legitimate
ds-job-026,34,329.11,209.33,11.38,printing,independent,legitimate
ds-job-026,35,315.23,210.23,12.34,printing,independent,legitimate
ds-job-026,36,352.79,215.21,13.32,printing,independent,legitimate
ds-job-026,37,361.77,209.57,12.24,printing,independent,legitimate
ds-job-026,38,362.7,208.81,10.86,printing,independent,legitimate
ds-job-026,39,335.91,211.92,10.47,printing,independent,legitimate
ds-job-026,40,341.12,204.7,12.1,printing,independent,legitimate
ds-job-026,41,338.34,206.2,12.51,printing,independent,legitimate
ds-job-026,42,338.62,212.3,10.95,printing,independent,legitimate
ds-job-026,43,344.54,208.86,12.07,printing,independent,legitimate
ds-job-026,44,346.7,213.85,11.42,printing,independent,legitimate
ds-job-026,45,354.29,211.24,11.14,printing,independent,legitimate
ds-job-026,46,360.7,211.93,10.54,printing,independent,legitimate
ds-job-026,47,385.93,212.11,12.47,printing,independent,legitimate
ds-job-026,48,348.83,211.79,10.82,printing,independent,legitimate
ds-job-026,49,359.75,210.0,13.07,printing,independent,legitimate
ds-job-026,50,352.58,208.72,12.5,printing,independent,legitimate
ds-job-026,51,362.0,209.21,11.66,printing,independent,legitimate
ds-job-026,52,344.41,207.61,12.7,printing,independent,legitimate
ds-job-026,53,365.73,210.8,11.95,printing,independent,legitimate
ds-job-026,54,327.83,204.72,12.29,printing,independent,legitimate
ds-job-026,55,374.46,203.85,9.41,printing,independent,legitimate
ds-job-026,56,358.11,208.98,11.72,printing,independent,legitimate
ds-job-026,57,351.38,203.73,11.69,printing,independent,legitimate
ds-job-026,58,341.76,203.15,10.97,printing,independent,legitimate
ds-job-026,59,351.44,206.69,12.92,printing,independent,legitimate
ds-job-026,60,372.88,207.31,11.04,printing,independent,legitimate
ds-job-026,61,370.08,210.43,9.42,printing,independent,legitimate
ds-job-026,62,351.47,207.86,11.11,printing,independent,legitimate
ds-job-026,63,352.58,212.04,11.52,printing,independent,legitimate
ds-job-026,64,361.65,211.87,11.68,printing,independent,legitimate
ds-job-026,65,323.75,209.6,8.59,printing,independent,legitimate
ds-job-026,66,332.46,205.91,11.77,printing,independent,legitimate
ds-job-026,67,331.3,206.17,10.41,printing,independent,legitimate
ds-job-026,68,350.25,203.23,12.77,printing,independent,legitimate
ds-job-026,69,351.08,208.3,10.99,printing,independent,legitimate
ds-job-026,70,336.68,208.17,12.27,printing,independent,legitimate
ds-job-026,71,343.71,208.52,13.0,printing,independent,legitimate
ds-job-026,72,356.39,210.83,13.41,printing,independent,legitimate
ds-job-026,73,313.2,206.07,9.64,printing,independent,legitimate
ds-job-026,74,340.9,208.75,10.34,printing,independent,legitimate
ds-job-026,75,343.66,209.48,11.06,printing,independent,legitimate
ds-job-026,76,369.1,210.46,13.01,printing,independent,legitimate
ds-job-026,77,367.13,215.07,9.72,printing,independent,legitimate
ds-job-026,78,381.38,204.22,11.77,printing,independent,legitimate
ds-job-026,79,342.68,212.05,10.9,printing,independent,legitimate
ds-job-026,80,372.7,209.0,11.21,printing,independent,legitimate
ds-job-026,81,370.77,205.36,13.27,printing,independent,legitimate
ds-job-026,82,339.31,211.75,11.69,printing,independent,legitimate
ds-job-026,83,328.28,203.36,11.49,printing,independent,legitimate
ds-job-026,84,340.07,208.72,12.37,printing,independent,legitimate
ds-job-026,85,355.02,210.03,11.21,printing,independent,legitimate
ds-job-026,86,350.46,204.43,13.09,printing,independent,legitimate
ds-job-026,87,356.04,208.4,12.18,printing,independent,legitimate
ds-job-026,88,332.32,205.07,10.06,printing,independent,legitimate
ds-job-026,89,375.66,212.13,12.28,printing,independent,legitimate
ds-job-026,90,343.98,213.67,11.48,printing,independent,legitimate
ds-job-026,91,377.66,201.92,12.19,printing,independent,legitimate
ds-job-026,92,365.95,210.68,11.38,printing,independent,legitimate
ds-job-026,93,338.26,213.16,10.75,printing,independent,legitimate
ds-job-026,94,346.43,207.72,12.75,printing,independent,legitimate
ds-job-026,95,342.18,207.08,9.26,printing,independent,legitimate
ds-job-026,96,338.49,213.01,12.65,printing,independent,legitimate
ds-job-026,97,335.26,209.93,10.03,printing,independent,legitimate
ds-job-026,98,333.21,212.42,11.58,printing,independent,legitimate
ds-job-026,99,331.57,204.95,11.64,printing,independent,legitimate
ds-job-026,100,344.48,213.29,12.39,printing,independent,legitimate
ds-job-026,101,316.3,208.88,10.18,printing,independent,legitimate
ds-job-026,102,317.69,215.71,10.64,printing,independent,legitimate
ds-job-026,103,304.83,212.94,9.34,printing,independent,legitimate
ds-job-026,104,356.7,207.84,13.29,printing,independent,legitimate
ds-job-026,105,360.75,204.4,11.28,printing,independent,legitimate
ds-job-026,106,366.97,210.28,11.94,printing,independent,legitimate
ds-job-026,107,347.97,209.5,11.17,printing,independent,legitimate
ds-job-026,108,352.05,212.78,11.04,printing,independent,legitimate
ds-job-026,109,354.35,209.82,11.86,printing,independent,legitimate
ds-job-026,110,333.92,208.02,12.71,printing,independent,legitimate
ds-job-026,111,351.55,208.41,12.31,printing,independent,legitimate
ds-job-026,112,360.52,214.44,8.63,printing,independent,legitimate
ds-job-026,113,353.34,206.23,11.58,printing,independent,legitimate
ds-job-026,114,328.25,207.28,9.82,printing,independent,legitimate
ds-job-026,115,366.12,208.01,11.63,printing,independent,legitimate
ds-job-026,116,332.93,210.99,10.06,printing,independent,legitimate
ds-job-026,117,361.79,213.06,10.99,printing,independent,legitimate
ds-job-026,118,357.38,206.56,12.08,printing,independent,legitimate
ds-job-026,119,356.2,209.79,11.51,printing,independent,legitimate
ds-job-026,120,377.54,207.79,11.84,printing,independent,legitimate
ds-job-026,121,342.49,209.56,11.01,printing,independent,legitimate
ds-job-026,122,340.04,211.28,12.55,printing,independent,legitimate
ds-job-026,123,345.67,211.39,12.13,printing,independent,legitimate
ds-job-026,124,355.87,210.12,9.55,printing,independent,legitimate
ds-job-026,125,336.59,209.69,12.89,printing,independent,legitimate
ds-job-026,126,341.95,210.03,11.95,printing,independent,legitimate
ds-job-026,127,371.01,210.7,12.08,printing,independent,legitimate
ds-job-026,128,381.91,214.11,10.76,printing,independent,legitimate
ds-job-026,129,368.31,206.16,10.5,printing,independent,legitimate
ds-job-026,130,351.84,207.0,11.35,printing,independent,legitimate
ds-job-026,131,310.31,212.47,11.33,printing,independent,legitimate
ds-job-026,132,323.56,206.64,13.07,printing,independent,legitimate
ds-job-026,133,345.6,213.52,11.78,printing,independent,legitimate
ds-job-026,134,349.68,205.11,10.43,printing,independent,legitimate
ds-job-026,135,361.46,211.63,12.05,printing,independent,legitimate
ds-job-026,136,354.15,212.07,11.89,printing,independent,legitimate
ds-job-026,137,352.45,208.72,13.19,printing,independent,legitimate
ds-job-026,138,342.28,209.7,10.81,printing,independent,legitimate
ds-job-026,139,359.29,213.12,9.22,printing,independent,legitimate
ds-job-026,140,357.14,203.23,12.31,printing,independent,legitimate
ds-job-026,141,357.5,206.39,10.02,printing,independent,legitimate
ds-job-026,142,363.06,208.71,10.28,printing,independent,legitimate
ds-job-026,143,335.83,209.23,13.2,printing,independent,legitimate
ds-job-026,144,365.05,205.41,11.94,printing,independent,legitimate
ds-job-026,145,340.74,205.84,12.85,printing,independent,legitimate
ds-job-026,146,335.99,206.06,8.38,printing,independent,legitimate
ds-job-026,147,369.47,215.83,13.36,printing,independent,legitimate
ds-job-026,148,338.21,215.5,10.54,printing,independent,legitimate
ds-job-026,149,328.69,207.53,11.58,printing,independent,legitimate
ds-job-026,150,341.48,206.5,11.01,printing,independent,legitimate
ds-job-026,151,342.92,206.69,12.59,printing,independent,legitimate
ds-job-026,152,72.57,141.07,0.0,cooling,independent,legitimate
ds-job-026,153,71.29,98.15,0.0,cooling,independent,legitimate
ds-job-026,154,53.1,148.39,0.0,cooling,independent,legitimate
ds-job-026,155,85.72,132.61,0.0,cooling,independent,legitimate
ds-job-026,156,71.82,127.1,0.0,cooling,independent,legitimate
ds-job-026,157,64.57,121.4,0.0,cooling,independent,legitimate
ds-job-026,158,63.29,126.97,0.0,cooling,independent,legitimate
ds-job-026,159,70.82,99.31,0.0,cooling,independent,legitimate
ds-job-026,160,55.27,143.63,0.0,cooling,independent,legitimate
ds-job-026,161,71.38,147.51,0.0,cooling,independent,legitimate
ds-job-026,162,70.52,93.86,0.0,cooling,independent,legitimate
ds-job-026,163,67.93,130.95,0.0,cooling,independent,legitimate
ds-job-026,164,60.79,145.85,0.0,cooling,independent,legitimate
ds-job-026,165,71.93,142.37,0.0,cooling,independent,legitimate
ds-job-026,166,64.06,88.09,0.0,cooling,independent,legitimate
ds-job-026,167,59.35,130.76,0.0,cooling,independent,legitimate
ds-job-027,0,52.76,23.15,0.0,idle,independent,legitimate
ds-job-027,1,56.9,24.1,0.0,idle,independent,legitimate
ds-job-027,2,51.86,25.29,0.0,idle,independent,legitimate
ds-job-027,3,46.79,26.28,0.0,idle,independent,legitimate
ds-job-027,4,218.84,123.47,0.0,heating,independent,legitimate
ds-job-027,5,220.21,78.01,0.0,heating,independent,legitimate
ds-job-027,6,210.62,158.91,0.0,heating,independent,legitimate
ds-job-027,7,214.89,103.13,0.0,heating,independent,legitimate
ds-job-027,8,201.34,126.4,0.0,heating,independent,legitimate
ds-job-027,9,240.23,135.51,0.0,heating,independent,legitimate
ds-job-027,10,202.06,164.47,0.0,heating,independent,legitimate
ds-job-027,11,212.01,109.32,0.0,heating,independent,legitimate
ds-job-027,12,203.21,113.06,0.0,heating,independent,legitimate
ds-job-027,13,197.58,103.71,0.0,heating,independent,legitimate
ds-job-027,14,222.46,179.68,0.0,heating,independent,legitimate
ds-job-027,15,233.63,92.47,0.0,heating,independent,legitimate
ds-job-027,16,192.12,155.71,0.0,heating,independent,legitimate
ds-job-027,17,212.13,174.84,0.0,heating,independent,legitimate
ds-job-027,18,361.74,210.08,11.46,printing,independent,legitimate
ds-job-027,19,351.64,204.53,12.67,printing,independent,legitimate
ds-job-027,20,387.15,205.9,10.2,printing,independent,legitimate
ds-job-027,21,356.33,205.98,11.34,printing,independent,legitimate
ds-job-027,22,334.63,214.38,14.33,printing,independent,legitimate
ds-job-027,23,362.78,206.49,11.35,printing,independent,legitimate
ds-job-027,24,348.81,214.12,11.51,printing,independent,legitimate
ds-job-027,25,350.56,208.45,12.99,printing,independent,legitimate
ds-job-027,26,335.52,209.48,11.33,printing,independent,legitimate
ds-job-027,27,356.0,209.09,10.95,printing,independent,legitimate
ds-job-027,28,368.96,205.42,9.64,printing,independent,legitimate
ds-job-027,29,362.9,208.37,11.46,printing,independent,legitimate
ds-job-027,30,352.59,206.44,12.89,printing,independent,legitimate
ds-job-027,31,334.69,205.58,10.63,printing,independent,legitimate
ds-job-027,32,348.93,209.51,11.51,printing,independent,legitimate
ds-job-027,33,359.66,209.03,10.63,printing,independent,legitimate
ds-job-027,34,349.63,209.68,11.21,printing,independent,legitimate
ds-job-027,35,354.75,213.61,12.72,printing,independent,legitimate
ds-job-027,36,330.41,210.73,10.89,printing,independent,legitimate
ds-job-027,37,365.99,208.72,10.35,printing,independent,legitimate
ds-job-027,38,343.85,209.98,11.88,printing,independent,legitimate
ds-job-027,39,371.96,211.3,12.67,printing,independent,legitimate
ds-job-027,40,369.54,208.42,10.19,printing,independent,legitimate
ds-job-027,41,339.97,208.27,12.79,printing,independent,legitimate
ds-job-027,42,363.98,206.76,10.2,printing,independent,legitimate
ds-job-027,43,355.32,208.72,9.76,printing,independent,legitimate
ds-job-027,44,348.84,205.88,10.46,printing,independent,legitimate
ds-job-027,45,373.27,206.97,11.16,printing,independent,legitimate
ds-job-027,46,352.34,210.03,10.9,printing,independent,legitimate
ds-job-027,47,375.17,207.19,11.8,printing,independent,legitimate
ds-job-027,48,366.43,210.94,9.85,printing,independent,legitimate
ds-job-027,49,353.1,209.37,11.14,printing,independent,legitimate
ds-job-027,50,366.8,214.07,11.2,printing,independent,legitimate
ds-job-027,51,343.24,211.25,10.66,printing,independent,legitimate
ds-job-027,52,348.98,211.88,10.4,printing,independent,legitimate
ds-job-027,53,358.29,207.96,11.17,printing,independent,legitimate
ds-job-027,54,344.36,208.54,9.92,printing,independent,legitimate
ds-job-027,55,349.5,207.18,11.15,printing,independent,legitimate
ds-job-027,56,328.15,205.9,11.03,printing,independent,legitimate
ds-job-027,57,372.09,203.61,10.97,printing,independent,legitimate
ds-job-027,58,345.91,202.74,10.12,printing,independent,legitimate
ds-job-027,59,366.09,208.35,12.19,printing,independent,legitimate
ds-job-027,60,351.65,207.23,11.68,printing,independent,legitimate
ds-job-027,61,366.42,209.02,10.49,printing,independent,legitimate
ds-job-027,62,328.36,208.96,11.28,printing,independent,legitimate
ds-job-027,63,375.07,210.91,12.96,printing,independent,legitimate
ds-job-027,64,400.0,211.3,11.08,printing,independent,legitimate
ds-job-027,65,357.81,210.07,10.84,printing,independent,legitimate
ds-job-027,66,325.52,204.09,10.57,printing,independent,legitimate
ds-job-027,67,322.2,207.92,11.52,printing,independent,legitimate
ds-job-027,68,388.38,204.6,11.09,printing,independent,legitimate
ds-job-027,69,314.63,206.45,11.18,printing,independent,legitimate
ds-job-027,70,387.73,210.82,11.26,printing,independent,legitimate
ds-job-027,71,346.56,211.33,10.13,printing,independent,legitimate
ds-job-027,72,366.2,210.47,12.0,printing,independent,legitimate
ds-job-027,73,346.56,216.63,10.93,printing,independent,legitimate
ds-job-027,74,358.11,208.25,10.33,printing,independent,legitimate
ds-job-027,75,329.15,213.63,12.7,printing,independent,legitimate
ds-job-027,76,347.53,207.26,10.82,printing,independent,legitimate
ds-job-027,77,349.99,208.93,13.63,printing,independent,legitimate
ds-job-027,78,368.2,207.38,13.31,printing,independent,legitimate
ds-job-027,79,344.84,208.8,13.2,printing,independent,legitimate
ds-job-027,80,346.39,209.78,11.34,printing,independent,legitimate
ds-job-027,81,322.58,206.91,12.11,printing,independent,legitimate
ds-job-027,82,317.98,208.76,12.04,printing,independent,legitimate
ds-job-027,83,363.94,212.28,11.24,printing,independent,legitimate
ds-job-027,84,346.56,210.5,11.28,printing,independent,legitimate
ds-job-027,85,374.4,207.68,11.45,printing,independent,legitimate
ds-job-027,86,56.85,93.84,0.0,cooling,independent,legitimate
ds-job-027,87,59.1,108.31,0.0,cooling,independent,legitimate
ds-job-027,88,77.89,168.58,0.0,cooling,independent,legitimate
ds-job-027,89,79.74,126.45,0.0,cooling,independent,legitimate
ds-job-027,90,65.15,150.28,0.0,cooling,independent,legitimate
ds-job-027,91,60.81,88.38,0.0,cooling,independent,legitimate
ds-job-027,92,67.9,131.04,0.0,cooling,independent,legitimate
ds-job-027,93,61.0,137.0,0.0,cooling,independent,legitimate
ds-job-027,94,60.5,97.56,0.0,cooling,independent,legitimate
ds-job-028,0,49.75,23.67,0.0,idle,independent,legitimate
ds-job-028,1,47.3,24.12,0.0,idle,independent,legitimate
ds-job-028,2,49.81,26.04,0.0,idle,independent,legitimate
ds-job-028,3,48.33,27.35,0.0,idle,independent,legitimate
ds-job-028,4,51.0,22.67,0.0,idle,independent,legitimate
ds-job-028,5,49.17,23.69,0.0,idle,independent,legitimate
ds-job-028,6,51.44,25.64,0.0,idle,independent,legitimate
ds-job-028,7,216.77,144.04,0.0,heating,independent,legitimate
ds-job-028,8,221.13,169.36,0.0,heating,independent,legitimate
ds-job-028,9,227.94,91.8,0.0,heating,independent,legitimate
ds-job-028,10,209.79,100.82,0.0,heating,independent,legitimate
ds-job-028,11,215.0,118.29,0.0,heating,independent,legitimate
ds-job-028,12,184.91,89.77,0.0,heating,independent,legitimate
ds-job-028,13,195.48,121.54,0.0,heating,independent,legitimate
ds-job-028,14,180.3,125.67,0.0,heating,independent,legitimate
ds-job-028,15,201.46,120.95,0.0,heating,independent,legitimate
ds-job-028,16,204.89,137.81,0.0,heating,independent,legitimate
ds-job-028,17,170.97,116.27,0.0,heating,independent,legitimate
ds-job-028,18,189.61,133.2,0.0,heating,independent,legitimate
ds-job-028,19,216.19,152.44,0.0,heating,independent,legitimate
ds-job-028,20,202.23,113.58,0.0,heating,independent,legitimate
ds-job-028,21,206.24,188.64,0.0,heating,independent,legitimate
ds-job-028,22,224.42,85.46,0.0,heating,independent,legitimate
ds-job-028,23,207.57,123.92,0.0,heating,independent,legitimate
ds-job-028,24,211.63,107.91,0.0,heating,independent,legitimate
ds-job-028,25,190.48,95.22,0.0,heating,independent,legitimate
ds-job-028,26,212.51,156.18,0.0,heating,independent,legitimate
ds-job-028,27,193.87,136.49,0.0,heating,independent,legitimate
ds-job-028,28,196.2,138.37,0.0,heating,independent,legitimate
ds-job-028,29,385.41,209.93,13.1,printing,independent,legitimate
ds-job-028,30,330.89,209.51,11.48,printing,independent,legitimate
ds-job-028,31,326.98,208.44,12.09,printing,independent,legitimate
ds-job-028,32,343.52,207.71,9.79,printing,independent,legitimate
ds-job-028,33,319.19,209.36,10.49,printing,independent,legitimate
ds-job-028,34,357.12,206.34,11.32,printing,independent,legitimate
ds-job-028,35,356.82,208.47,11.97,printing,independent,legitimate
ds-job-028,36,337.24,201.79,11.24,printing,independent,legitimate
ds-job-028,37,353.64,210.15,11.14,printing,independent,legitimate
ds-job-028,38,353.48,206.29,10.71,printing,independent,legitimate
ds-job-028,39,342.12,211.79,13.11,printing,independent,legitimate
ds-job-028,40,348.49,211.38,12.44,printing,independent,legitimate
ds-job-028,41,350.5,208.83,12.22,printing,independent,legitimate
ds-job-028,42,360.02,211.85,11.9,printing,independent,legitimate
ds-job-028,43,363.35,210.17,12.69,printing,independent,legitimate
ds-job-028,44,324.76,215.52,11.52,printing,independent,legitimate
ds-job-028,45,339.86,213.44,9.28,printing,independent,legitimate
ds-job-028,46,343.66,206.74,12.25,printing,independent,legitimate
ds-job-028,47,360.1,207.96,12.18,printing,independent,legitimate
ds-job-028,48,341.8,209.63,13.14,printing,independent,legitimate
ds-job-028,49,361.22,206.97,8.45,printing,independent,legitimate
ds-job-028,50,360.2,212.67,12.13,printing,independent,legitimate
ds-job-028,51,368.68,210.64,11.97,printing,independent,legitimate
ds-job-028,52,342.85,213.6,10.98,printing,independent,legitimate
ds-job-028,53,374.19,203.85,10.86,printing,independent,legitimate
ds-job-028,54,345.98,210.08,12.11,printing,independent,legitimate
ds-job-028,55,349.44,208.57,10.47,printing,independent,legitimate
ds-job-028,56,360.21,210.57,10.23,printing,independent,legitimate
ds-job-028,57,369.78,206.82,10.8,printing,independent,legitimate
ds-job-028,58,345.11,209.54,9.1,printing,independent,legitimate
ds-job-028,59,336.84,205.6,11.51,printing,independent,legitimate
ds-job-028,60,350.23,204.45,11.22,printing,independent,legitimate
ds-job-028,61,353.46,214.66,10.56,printing,independent,legitimate
ds-job-028,62,349.47,207.64,11.34,printing,independent,legitimate
ds-job-028,63,353.06,205.7,10.74,printing,independent,legitimate
ds-job-028,64,348.93,208.99,11.89,printing,independent,legitimate
ds-job-028,65,337.36,214.81,11.26,printing,independent,legitimate
ds-job-028,66,353.99,210.06,11.74,printing,independent,legitimate
ds-job-028,67,345.91,209.45,11.85,printing,independent,legitimate
ds-job-028,68,360.64,212.21,13.4,printing,independent,legitimate
ds-job-028,69,329.41,206.23,11.14,printing,independent,legitimate
ds-job-028,70,323.29,206.12,11.09,printing,independent,legitimate
ds-job-028,71,312.02,206.5,11.66,printing,independent,legitimate
ds-job-028,72,384.2,204.4,10.33,printing,independent,legitimate
ds-job-028,73,362.08,208.79,10.5,printing,independent,legitimate
ds-job-028,74,346.96,210.03,9.08,printing,independent,legitimate
ds-job-028,75,344.76,210.36,9.63,printing,independent,legitimate
ds-job-028,76,334.98,208.48,10.2,printing,independent,legitimate
ds-job-028,77,351.72,207.4,11.71,printing,independent,legitimate
ds-job-028,78,353.34,210.46,13.41,printing,independent,legitimate
ds-job-028,79,315.35,208.46,12.57,printing,independent,legitimate
ds-job-028,80,373.88,210.92,10.85,printing,independent,legitimate
ds-job-028,81,343.39,205.57,9.99,printing,independent,legitimate
ds-job-028,82,355.31,215.14,10.09,printing,independent,legitimate
ds-job-028,83,339.77,209.09,10.1,printing,independent,legitimate
ds-job-028,84,336.89,207.55,11.32,printing,independent,legitimate
ds-job-028,85,352.06,211.94,11.34,printing,independent,legitimate
ds-job-028,86,381.02,213.22,10.72,printing,independent,legitimate
ds-job-028,87,342.2,207.88,11.6,printing,independent,legitimate
ds-job-028,88,352.71,210.2,13.44,printing,independent,legitimate
ds-job-028,89,348.9,209.45,10.93,printing,independent,legitimate
ds-job-028,90,333.18,208.99,10.36,printing,independent,legitimate
ds-job-028,91,340.57,209.36,11.22,printing,independent,legitimate
ds-job-028,92,335.07,204.81,10.92,printing,independent,legitimate
ds-job-028,93,343.7,204.69,12.9,printing,independent,legitimate
ds-job-028,94,321.88,203.8,10.34,printing,independent,legitimate
ds-job-028,95,366.18,212.71,8.66,printing,independent,legitimate
ds-job-028,96,366.19,213.42,12.79,printing,independent,legitimate
ds-job-028,97,330.52,210.13,13.06,printing,independent,legitimate
ds-job-028,98,303.82,210.58,11.99,printing,independent,legitimate
ds-job-028,99,347.36,207.85,11.36,printing,independent,legitimate
ds-job-028,100,346.72,204.53,10.63,printing,independent,legitimate
ds-job-028,101,390.13,208.18,11.51,printing,independent,legitimate
ds-job-028,102,364.04,212.9,9.78,printing,independent,legitimate
ds-job-028,103,318.94,206.88,12.12,printing,independent,legitimate
ds-job-028,104,361.78,208.94,11.22,printing,independent,legitimate
ds-job-028,105,373.44,206.98,8.0,printing,independent,legitimate
ds-job-028,106,352.02,208.89,10.76,printing,independent,legitimate
ds-job-028,107,343.27,207.15,13.08,printing,independent,legitimate
ds-job-028,108,345.45,213.5,11.58,printing,independent,legitimate
ds-job-028,109,370.12,204.43,10.02,printing,independent,legitimate
ds-job-028,110,361.24,213.02,12.08,printing,independent,legitimate
ds-job-028,111,361.8,214.01,10.62,printing,independent,legitimate
ds-job-028,112,347.83,208.85,10.99,printing,independent,legitimate
ds-job-028,113,314.08,209.67,13.35,printing,independent,legitimate
ds-job-028,114,381.83,203.43,11.2,printing,independent,legitimate
ds-job-028,115,351.61,211.42,12.87,printing,independent,legitimate
ds-job-028,116,341.36,214.41,11.45,printing,independent,legitimate
ds-job-028,117,310.56,206.17,11.11,printing,independent,legitimate
ds-job-028,118,330.81,207.17,10.12,printing,independent,legitimate
ds-job-028,119,331.78,210.55,11.98,printing,independent,legitimate
ds-job-028,120,326.34,203.93,12.21,printing,independent,legitimate
ds-job-028,121,329.03,204.58,11.05,printing,independent,legitimate
ds-job-028,122,365.08,208.37,11.8,printing,independent,legitimate
ds-job-028,123,305.94,208.17,13.38,printing,independent,legitimate
ds-job-028,124,334.01,205.17,10.71,printing,independent,legitimate
ds-job-028,125,349.37,213.07,11.42,printing,independent,legitimate
ds-job-028,126,352.2,210.69,12.52,printing,independent,legitimate
ds-job-028,127,359.14,203.04,11.2,printing,independent,legitimate
ds-job-028,128,362.19,206.44,10.48,printing,independent,legitimate
ds-job-028,129,343.31,213.69,11.18,printing,independent,legitimate
ds-job-028,130,341.3,208.96,10.87,printing,independent,legitimate
ds-job-028,131,340.8,210.04,11.28,printing,independent,legitimate
ds-job-028,132,347.72,206.36,11.97,printing,independent,legitimate
ds-job-028,133,357.01,209.34,10.84,printing,independent,legitimate
ds-job-028,134,358.69,212.28,11.27,printing,independent,legitimate
ds-job-028,135,340.31,208.89,11.04,printing,independent,legitimate
ds-job-028,136,53.72,142.82,0.0,cooling,independent,legitimate
ds-job-028,137,71.31,153.68,0.0,cooling,independent,legitimate
ds-job-028,138,57.86,73.79,0.0,cooling,independent,legitimate
ds-job-028,139,69.88,137.24,0.0,cooling,independent,legitimate
ds-job-028,140,66.7,89.47,0.0,cooling,independent,legitimate
ds-job-028,141,69.98,119.89,0.0,cooling,independent,legitimate
ds-job-028,142,64.87,79.36,0.0,cooling,independent,legitimate
ds-job-028,143,73.79,135.2,0.0,cooling,independent,legitimate
ds-job-028,144,63.95,91.08,0.0,cooling,independent,legitimate
ds-job-028,145,58.67,109.16,0.0,cooling,independent,legitimate
ds-job-028,146,55.76,135.07,0.0,cooling,independent,legitimate
ds-job-028,147,72.26,141.06,0.0,cooling,independent,legitimate
ds-job-028,148,68.61,116.33,0.0,cooling,independent,legitimate
ds-job-028,149,60.0,192.8,0.0,cooling,independent,legitimate
ds-job-028,150,74.35,125.74,0.0,cooling,independent,legitimate
ds-job-029,0,51.08,27.67,0.0,idle,independent,sabotaged
ds-job-029,1,47.72,27.78,0.0,idle,independent,sabotaged
ds-job-029,2,47.54,26.63,0.0,idle,independent,sabotaged
ds-job-029,3,53.2,24.37,0.0,idle,independent,sabotaged
ds-job-029,4,45.64,26.81,0.0,idle,independent,sabotaged
ds-job-029,5,48.26,25.55,0.0,idle,independent,sabotaged
ds-job-029,6,50.56,25.29,0.0,idle,independent,sabotaged
ds-job-029,7,49.0,26.96,0.0,idle,independent,sabotaged
ds-job-029,8,194.9,150.89,0.0,heating,independent,sabotaged
ds-job-029,9,242.52,145.96,0.0,heating,independent,sabotaged
ds-job-029,10,185.15,167.85,0.0,heating,independent,sabotaged
ds-job-029,11,208.23,180.0,0.0,heating,independent,sabotaged
ds-job-029,12,191.26,136.6,0.0,heating,independent,sabotaged
ds-job-029,13,165.33,103.5,0.0,heating,independent,sabotaged
ds-job-029,14,223.15,144.41,0.0,heating,independent,sabotaged
ds-job-029,15,214.25,138.06,0.0,heating,independent,sabotaged
ds-job-029,16,208.65,66.15,0.0,heating,independent,sabotaged
ds-job-029,17,199.31,102.47,0.0,heating,independent,sabotaged
ds-job-029,18,218.33,154.28,0.0,heating,independent,sabotaged
ds-job-029,19,222.06,122.64,0.0,heating,independent,sabotaged
ds-job-029,20,198.2,142.19,0.0,heating,independent,sabotaged
ds-job-029,21,197.81,109.19,0.0,heating,independent,sabotaged
ds-job-029,22,176.0,98.36,0.0,heating,independent,sabotaged
ds-job-029,23,180.89,82.53,0.0,heating,independent,sabotaged
ds-job-029,24,230.74,109.04,0.0,heating,independent,sabotaged
ds-job-029,25,211.92,131.4,0.0,heating,independent,sabotaged
ds-job-029,26,181.72,136.44,0.0,heating,independent,sabotaged
ds-job-029,27,231.73,102.26,0.0,heating,independent,sabotaged
ds-job-029,28,223.36,126.46,0.0,heating,independent,sabotaged
ds-job-029,29,199.09,117.25,0.0,heating,independent,sabotaged
ds-job-029,30,181.48,188.97,0.0,heating,independent,sabotaged
ds-job-029,31,240.22,91.0,0.0,heating,independent,sabotaged
ds-job-029,32,174.08,126.73,0.0,heating,independent,sabotaged
ds-job-029,33,358.31,212.96,10.72,printing,independent,sabotaged
ds-job-029,34,357.93,208.29,12.8,printing,independent,sabotaged
ds-job-029,35,358.5,208.5,10.17,printing,independent,sabotaged
ds-job-029,36,358.47,212.98,10.76,printing,independent,sabotaged
ds-job-029,37,365.54,215.33,11.49,printing,independent,sabotaged
ds-job-029,38,345.8,207.36,10.55,printing,independent,sabotaged
ds-job-029,39,386.7,214.28,13.17,printing,independent,sabotaged
ds-job-029,40,329.24,213.9,11.85,printing,independent,sabotaged
ds-job-029,41,332.18,208.53,11.48,printing,independent,sabotaged
ds-job-029,42,356.11,209.23,8.86,printing,independent,sabotaged
ds-job-029,43,320.01,209.43,11.47,printing,independent,sabotaged
ds-job-029,44,348.78,209.38,11.57,printing,independent,sabotaged
ds-job-029,45,394.14,215.15,12.97,printing,independent,sabotaged
ds-job-029,46,347.52,205.43,10.44,printing,independent,sabotaged
ds-job-029,47,376.16,205.64,10.47,printing,independent,sabotaged
ds-job-029,48,335.66,205.26,10.83,printing,independent,sabotaged
ds-job-029,49,350.21,206.97,11.79,printing,independent,sabotaged
ds-job-029,50,354.28,205.79,11.76,printing,independent,sabotaged
ds-job-029,51,350.3,215.46,13.2,printing,independent,sabotaged
ds-job-029,52,338.62,209.68,11.22,printing,independent,sabotaged
ds-job-029,53,358.77,207.2,13.22,printing,independent,sabotaged
ds-job-029,54,367.1,208.62,13.02,printing,independent,sabotaged
ds-job-029,55,383.71,212.44,11.46,printing,independent,sabotaged
ds-job-029,56,345.27,213.35,9.41,printing,independent,sabotaged
ds-job-029,57,367.28,208.08,12.42,printing,independent,sabotaged
ds-job-029,58,380.46,208.99,12.74,printing,independent,sabotaged
ds-job-029,59,326.78,206.8,11.12,printing,independent,sabotaged
ds-job-029,60,335.19,208.61,10.96,printing,independent,sabotaged
ds-job-029,61,322.16,212.01,12.71,printing,independent,sabotaged
ds-job-029,62,349.38,206.38,12.79,printing,independent,sabotaged
ds-job-029,63,361.11,210.89,11.64,printing,independent,sabotaged
ds-job-029,64,362.32,201.79,12.44,printing,independent,sabotaged
ds-job-029,65,366.03,213.17,12.5,printing,independent,sabotaged
ds-job-029,66,366.8,207.98,9.16,printing,independent,sabotaged
ds-job-029,67,362.41,209.45,13.28,printing,independent,sabotaged
ds-job-029,68,354.75,205.24,13.23,printing,independent,sabotaged
ds-job-029,69,358.08,211.26,10.29,printing,independent,sabotaged
ds-job-029,70,361.34,208.09,9.8,printing,independent,sabotaged
ds-job-029,71,360.21,207.17,11.35,printing,independent,sabotaged
ds-job-029,72,333.65,208.26,12.65,printing,independent,sabotaged
ds-job-029,73,369.71,204.7,11.62,printing,independent,sabotaged
ds-job-029,74,350.23,208.64,11.35,printing,independent,sabotaged
ds-job-029,75,339.43,205.7,11.65,printing,independent,sabotaged
ds-job-029,76,337.99,210.32,11.51,printing,independent,sabotaged
ds-job-029,77,357.16,209.22,11.87,printing,independent,sabotaged
ds-job-029,78,351.6,208.12,11.09,printing,independent,sabotaged
ds-job-029,79,355.58,207.37,13.44,printing,independent,sabotaged
ds-job-029,80,349.86,212.01,10.99,printing,independent,sabotaged
ds-job-029,81,331.66,209.11,11.83,printing,independent,sabotaged
ds-job-029,82,365.5,209.08,11.45,printing,independent,sabotaged
ds-job-029,83,369.14,214.3,10.0,printing,independent,sabotaged
ds-job-029,84,356.6,211.22,10.89,printing,independent,sabotaged
ds-job-029,85,338.04,205.02,13.08,printing,independent,sabotaged
ds-job-029,86,344.82,210.13,12.62,printing,independent,sabotaged
ds-job-029,87,357.8,212.39,12.33,printing,independent,sabotaged
ds-job-029,88,355.28,211.97,10.89,printing,independent,sabotaged
ds-job-029,89,348.94,212.79,10.14,printing,independent,sabotaged
ds-job-029,90,332.26,209.9,10.18,printing,independent,sabotaged
ds-job-029,91,356.78,207.57,10.37,printing,independent,sabotaged
ds-job-029,92,356.26,207.28,12.73,printing,independent,sabotaged
ds-job-029,93,290.0,209.67,0.0,printing,independent,sabotaged
ds-job-029,94,290.0,211.67,0.0,printing,independent,sabotaged
ds-job-029,95,290.0,210.73,0.0,printing,independent,sabotaged
ds-job-029,96,354.32,206.21,10.36,printing,independent,sabotaged
ds-job-029,97,388.41,217.38,11.03,printing,independent,sabotaged
ds-job-029,98,323.39,209.14,9.9,printing,independent,sabotaged
ds-job-029,99,334.77,211.48,11.58,printing,independent,sabotaged
ds-job-029,100,347.44,210.01,13.51,printing,independent,sabotaged
ds-job-029,101,372.08,206.98,11.52,printing,independent,sabotaged
ds-job-029,102,349.91,207.54,10.96,printing,independent,sabotaged
ds-job-029,103,367.97,209.68,12.1,printing,independent,sabotaged
ds-job-029,104,390.33,205.77,9.05,printing,independent,sabotaged
ds-job-029,105,332.72,210.52,11.46,printing,independent,sabotaged
ds-job-029,106,343.29,211.3,9.71,printing,independent,sabotaged
ds-job-029,107,340.83,206.65,12.91,printing,independent,sabotaged
ds-job-029,108,375.84,202.5,11.88,printing,independent,sabotaged
ds-job-029,109,360.34,207.94,11.03,printing,independent,sabotaged
ds-job-029,110,355.27,208.09,11.89,printing,independent,sabotaged
ds-job-029,111,341.35,201.1,12.97,printing,independent,sabotaged
ds-job-029,112,346.33,205.87,12.49,printing,independent,sabotaged
ds-job-029,113,334.81,206.95,13.1,printing,independent,sabotaged
ds-job-029,114,370.85,208.49,12.24,printing,independent,sabotaged
ds-job-029,115,316.01,206.42,11.29,printing,independent,sabotaged
ds-job-029,116,400.0,209.33,11.94,printing,independent,sabotaged
ds-job-029,117,347.39,215.59,12.55,printing,independent,sabotaged
ds-job-029,118,371.68,212.02,10.03,printing,independent,sabotaged
ds-job-029,119,343.61,211.78,11.58,printing,independent,sabotaged
ds-job-029,120,320.97,211.89,11.99,printing,independent,sabotaged
ds-job-029,121,350.47,208.9,9.91,printing,independent,sabotaged
ds-job-029,122,341.59,207.49,11.42,printing,independent,sabotaged
ds-job-029,123,356.99,205.84,14.33,printing,independent,sabotaged
ds-job-029,124,348.29,213.89,12.92,printing,independent,sabotaged
ds-job-029,125,333.84,206.48,10.41,printing,independent,sabotaged
ds-job-029,126,347.37,206.54,10.78,printing,independent,sabotaged
ds-job-029,127,353.97,207.98,12.58,printing,independent,sabotaged
ds-job-029,128,317.17,212.8,10.66,printing,independent,sabotaged
ds-job-029,129,326.88,204.36,10.34,printing,independent,sabotaged
ds-job-029,130,374.52,206.75,13.48,printing,independent,sabotaged
ds-job-029,131,339.62,209.88,12.38,printing,independent,sabotaged
ds-job-029,132,353.32,203.76,13.16,printing,independent,sabotaged
ds-job-029,133,356.0,213.52,10.94,printing,independent,sabotaged
ds-job-029,134,355.33,209.42,9.83,printing,independent,sabotaged
ds-job-029,135,335.48,206.64,10.08,printing,independent,sabotaged
ds-job-029,136,330.24,212.6,11.62,printing,independent,sabotaged
ds-job-029,137,363.92,209.23,9.85,printing,independent,sabotaged
ds-job-029,138,367.47,210.65,11.17,printing,independent,sabotaged
ds-job-029,139,382.28,212.59,12.26,printing,independent,sabotaged
ds-job-029,140,367.92,210.27,9.56,printing,independent,sabotaged
ds-job-029,141,377.66,211.45,12.39,printing,independent,sabotaged
ds-job-029,142,365.71,214.05,10.1,printing,independent,sabotaged
ds-job-029,143,353.1,205.81,12.01,printing,independent,sabotaged
ds-job-029,144,323.03,212.36,11.84,printing,independent,sabotaged
ds-job-029,145,343.88,206.2,9.71,printing,independent,sabotaged
ds-job-029,146,344.65,213.45,11.96,printing,independent,sabotaged
ds-job-029,147,338.32,202.61,11.12,printing,independent,sabotaged
ds-job-029,148,360.49,212.43,12.31,printing,independent,sabotaged
ds-job-029,149,323.61,213.11,12.86,printing,independent,sabotaged
ds-job-029,150,366.89,210.21,12.05,printing,independent,sabotaged
ds-job-029,151,351.05,203.77,12.82,printing,independent,sabotaged
ds-job-029,152,310.68,211.63,12.41,printing,independent,sabotaged
ds-job-029,153,376.11,210.28,10.66,printing,independent,sabotaged
ds-job-029,154,66.63,85.49,0.0,cooling,independent,sabotaged
ds-job-029,155,72.48,124.85,0.0,cooling,independent,sabotaged
ds-job-029,156,80.59,65.57,0.0,cooling,independent,sabotaged
ds-job-029,157,65.28,65.94,0.0,cooling,independent,sabotaged
ds-job-029,158,87.02,98.22,0.0,cooling,independent,sabotaged
ds-job-029,159,73.65,104.75,0.0,cooling,independent,sabotaged
ds-job-029,160,49.26,147.85,0.0,cooling,independent,sabotaged
ds-job-029,161,72.77,116.13,0.0,cooling,independent,sabotaged
ds-job-029,162,69.37,119.51,0.0,cooling,independent,sabotaged
ds-job-029,163,61.99,134.21,0.0,cooling,independent,sabotaged
ds-job-029,164,55.26,104.24,0.0,cooling,independent,sabotaged
ds-job-029,165,75.77,101.8,0.0,cooling,independent,sabotaged
ds-job-029,166,63.24,147.54,0.0,cooling,independent,sabotaged
ds-job-029,167,81.9,127.62,0.0,cooling,independent,sabotaged
ds-job-029,168,73.81,98.98,0.0,cooling,independent,sabotaged
ds-job-029,169,65.37,156.65,0.0,cooling,independent,sabotaged
ds-job-029,170,47.11,105.81,0.0,cooling,independent,sabotaged
ds-job-030,0,46.31,26.39,0.0,idle,independent,legitimate
ds-job-030,1,48.98,23.42,0.0,idle,independent,legitimate
ds-job-030,2,47.94,23.64,0.0,idle,independent,legitimate
ds-job-030,3,51.68,24.49,0.0,idle,independent,legitimate
ds-job-030,4,52.53,24.85,0.0,idle,independent,legitimate
ds-job-030,5,50.08,23.93,0.0,idle,independent,legitimate
ds-job-030,6,51.83,26.92,0.0,idle,independent,legitimate
ds-job-030,7,215.92,180.3,0.0,heating,independent,legitimate
ds-job-030,8,222.39,152.01,0.0,heating,independent,legitimate
ds-job-030,9,211.01,164.59,0.0,heating,independent,legitimate
ds-job-030,10,156.23,96.45,0.0,heating,independent,legitimate
ds-job-030,11,200.61,126.46,0.0,heating,independent,legitimate
ds-job-030,12,221.0,69.83,0.0,heating,independent,legitimate
ds-job-030,13,205.07,131.24,0.0,heating,independent,legitimate
ds-job-030,14,176.65,117.93,0.0,heating,independent,legitimate
ds-job-030,15,216.57,86.64,0.0,heating,independent,legitimate
ds-job-030,16,179.46,123.66,0.0,heating,independent,legitimate
ds-job-030,17,203.63,88.03,0.0,heating,independent,legitimate
ds-job-030,18,220.61,111.14,0.0,heating,independent,legitimate
ds-job-030,19,200.96,150.17,0.0,heating,independent,legitimate
ds-job-030,20,201.69,122.52,0.0,heating,independent,legitimate
ds-job-030,21,185.68,109.62,0.0,heating,independent,legitimate
ds-job-030,22,199.67,98.73,0.0,heating,independent,legitimate
ds-job-030,23,176.27,210.0,0.0,heating,independent,legitimate
ds-job-030,24,199.79,112.69,0.0,heating,independent,legitimate
ds-job-030,25,226.4,72.11,0.0,heating,independent,legitimate
ds-job-030,26,212.89,185.74,0.0,heating,independent,legitimate
ds-job-030,27,210.36,148.39,0.0,heating,independent,legitimate
ds-job-030,28,238.67,88.81,0.0,heating,independent,legitimate
ds-job-030,29,228.46,162.11,0.0,heating,independent,legitimate
ds-job-030,30,378.62,210.38,11.71,printing,independent,legitimate
ds-job-030,31,355.62,208.11,11.73,printing,independent,legitimate
ds-job-030,32,331.88,210.36,10.76,printing,independent,legitimate
ds-job-030,33,381.13,202.92,11.29,printing,independent,legitimate
ds-job-030,34,357.98,209.14,11.08,printing,independent,legitimate
ds-job-030,35,357.08,209.17,13.62,printing,independent,legitimate
ds-job-030,36,370.16,205.95,12.96,printing,independent,legitimate
ds-job-030,37,330.96,208.01,12.73,printing,independent,legitimate
ds-job-030,38,337.34,209.62,13.76,printing,independent,legitimate
ds-job-030,39,338.16,210.47,12.43,printing,independent,legitimate
ds-job-030,40,384.62,209.58,12.23,printing,independent,legitimate
ds-job-030,41,345.99,207.24,13.23,printing,independent,legitimate
ds-job-030,42,342.61,208.46,11.35,printing,independent,legitimate
ds-job-030,43,331.07,206.98,11.65,printing,independent,legitimate
ds-job-030,44,321.5,213.81,10.96,printing,independent,legitimate
ds-job-030,45,326.06,210.14,11.69,printing,independent,legitimate
ds-job-030,46,348.87,207.14,10.95,printing,independent,legitimate
ds-job-030,47,348.15,209.24,11.58,printing,independent,legitimate
ds-job-030,48,374.75,210.51,11.9,printing,independent,legitimate
ds-job-030,49,346.59,208.98,11.13,printing,independent,legitimate
ds-job-030,50,349.07,214.44,11.87,printing,independent,legitimate
ds-job-030,51,358.72,213.6,11.39,printing,independent,legitimate
ds-job-030,52,325.51,207.31,12.36,printing,independent,legitimate
ds-job-030,53,383.84,207.09,10.01,printing,independent,legitimate
ds-job-030,54,329.67,209.47,9.61,printing,independent,legitimate
ds-job-030,55,345.44,206.63,14.14,printing,independent,legitimate
ds-job-030,56,345.66,213.79,11.59,printing,independent,legitimate
ds-job-030,57,330.53,208.92,12.67,printing,independent,legitimate
ds-job-030,58,332.85,209.35,11.83,printing,independent,legitimate
ds-job-030,59,363.89,209.28,10.07,printing,independent,legitimate
ds-job-030,60,317.78,206.88,11.8,printing,independent,legitimate
ds-job-030,61,333.01,208.13,11.51,printing,independent,legitimate
ds-job-030,62,339.14,209.25,8.52,printing,independent,legitimate
ds-job-030,63,377.05,205.72,12.34,printing,independent,legitimate
ds-job-030,64,374.14,204.04,13.2,printing,independent,legitimate
ds-job-030,65,354.23,212.55,10.16,printing,independent,legitimate
ds-job-030,66,358.55,208.96,11.61,printing,independent,legitimate
ds-job-030,67,341.72,209.4,12.65,printing,independent,legitimate
ds-job-030,68,339.0,211.5,11.67,printing,independent,legitimate
ds-job-030,69,315.87,206.48,11.38,printing,independent,legitimate
ds-job-030,70,353.26,208.4,10.83,printing,independent,legitimate
ds-job-030,71,372.25,205.27,12.51,printing,independent,legitimate
ds-job-030,72,313.69,209.98,12.0,printing,independent,legitimate
ds-job-030,73,341.54,215.21,11.82,printing,independent,legitimate
ds-job-030,74,353.92,214.69,10.86,printing,independent,legitimate
ds-job-030,75,363.46,211.38,11.02,printing,independent,legitimate
ds-job-030,76,353.0,208.84,11.78,printing,independent,legitimate
ds-job-030,77,350.45,208.67,12.34,printing,independent,legitimate
ds-job-030,78,354.58,208.36,12.64,printing,independent,legitimate
ds-job-030,79,349.58,213.79,11.26,printing,independent,legitimate
ds-job-030,80,371.69,205.82,9.85,printing,independent,legitimate
ds-job-030,81,341.64,204.36,11.64,printing,independent,legitimate
ds-job-030,82,349.11,210.48,10.7,printing,independent,legitimate
ds-job-030,83,342.45,209.94,10.85,printing,independent,legitimate
ds-job-030,84,341.57,203.56,9.92,printing,independent,legitimate
ds-job-030,85,300.0,208.53,10.18,printing,independent,legitimate
ds-job-030,86,342.61,205.51,11.08,printing,independent,legitimate
ds-job-030,87,329.79,212.96,10.18,printing,independent,legitimate
ds-job-030,88,360.64,208.08,11.13,printing,independent,legitimate
ds-job-030,89,353.92,207.83,12.14,printing,independent,legitimate
ds-job-030,90,343.27,212.68,11.63,printing,independent,legitimate
ds-job-030,91,327.14,208.76,11.14,printing,independent,legitimate
ds-job-030,92,363.56,208.28,12.95,printing,independent,legitimate
ds-job-030,93,323.98,218.0,10.64,printing,independent,legitimate
ds-job-030,94,352.31,214.76,12.19,printing,independent,legitimate
ds-job-030,95,346.31,213.89,12.42,printing,independent,legitimate
ds-job-030,96,372.41,209.58,12.73,printing,independent,legitimate
ds-job-030,97,345.36,206.15,9.91,printing,independent,legitimate
ds-job-030,98,353.32,209.53,13.56,printing,independent,legitimate
ds-job-030,99,360.08,209.54,12.11,printing,independent,legitimate
ds-job-030,100,318.43,208.49,11.08,printing,independent,legitimate
ds-job-030,101,379.37,212.01,12.04,printing,independent,legitimate
ds-job-030,102,355.93,211.05,11.89,printing,independent,legitimate
ds-job-030,103,373.55,202.91,9.01,printing,independent,legitimate
ds-job-030,104,357.9,210.67,11.75,printing,independent,legitimate
ds-job-030,105,368.26,204.27,10.69,printing,independent,legitimate
ds-job-030,106,334.94,209.95,10.54,printing,independent,legitimate
ds-job-030,107,320.82,210.04,12.43,printing,independent,legitimate
ds-job-030,108,329.39,210.12,9.54,printing,independent,legitimate
ds-job-030,109,342.76,207.7,10.78,printing,independent,legitimate
ds-job-030,110,334.83,207.3,12.48,printing,independent,legitimate
ds-job-030,111,351.01,214.94,10.76,printing,independent,legitimate
ds-job-030,112,331.37,204.79,10.18,printing,independent,legitimate
ds-job-030,113,346.74,204.32,11.19,printing,independent,legitimate
ds-job-030,114,316.3,206.69,12.93,printing,independent,legitimate
ds-job-030,115,334.5,201.77,13.54,printing,independent,legitimate
ds-job-030,116,345.93,203.7,12.3,printing,independent,legitimate
ds-job-030,117,336.59,205.21,11.0,printing,independent,legitimate
ds-job-030,118,337.22,210.91,9.51,printing,independent,legitimate
ds-job-030,119,351.38,209.32,11.84,printing,independent,legitimate
ds-job-030,120,356.97,214.13,9.34,printing,independent,legitimate
ds-job-030,121,331.67,211.38,12.12,printing,independent,legitimate
ds-job-030,122,315.89,205.09,12.72,printing,independent,legitimate
ds-job-030,123,349.76,206.06,11.96,printing,independent,legitimate
ds-job-030,124,350.92,214.74,10.75,printing,independent,legitimate
ds-job-030,125,360.78,201.82,12.04,printing,independent,legitimate
ds-job-030,126,348.43,204.24,12.15,printing,independent,legitimate
ds-job-030,127,356.35,210.92,10.81,printing,independent,legitimate
ds-job-030,128,327.56,207.96,11.85,printing,independent,legitimate
ds-job-030,129,362.27,208.1,11.16,printing,independent,legitimate
ds-job-030,130,358.99,207.42,10.05,printing,independent,legitimate
ds-job-030,131,337.19,213.07,11.65,printing,independent,legitimate
ds-job-030,132,356.43,209.05,11.88,printing,independent,legitimate
ds-job-030,133,351.02,211.84,10.12,printing,independent,legitimate
ds-job-030,134,335.14,210.88,13.45,printing,independent,legitimate
ds-job-030,135,345.62,209.25,11.9,printing,independent,legitimate
ds-job-030,136,363.27,214.87,12.25,printing,independent,legitimate
ds-job-030,137,348.43,210.62,10.46,printing,independent,legitimate
ds-job-030,138,360.83,212.06,11.27,printing,independent,legitimate
ds-job-030,139,331.38,209.61,13.14,printing,independent,legitimate
ds-job-030,140,368.37,211.39,11.81,printing,independent,legitimate
ds-job-030,141,354.73,208.92,11.54,printing,independent,legitimate
ds-job-030,142,359.36,209.33,11.63,printing,independent,legitimate
ds-job-030,143,63.56,144.2,0.0,cooling,independent,legitimate
ds-job-030,144,79.77,120.81,0.0,cooling,independent,legitimate
ds-job-030,145,68.0,164.05,0.0,cooling,independent,legitimate
ds-job-030,146,65.28,119.36,0.0,cooling,independent,legitimate
ds-job-030,147,69.0,85.49,0.0,cooling,independent,legitimate
ds-job-030,148,75.95,133.03,0.0,cooling,independent,legitimate
ds-job-030,149,73.5,110.13,0.0,cooling,independent,legitimate
ds-job-030,150,60.16,139.35,0.0,cooling,independent,legitimate
ds-job-030,151,43.37,103.45,0.0,cooling,independent,legitimate
ds-job-030,152,55.9,100.42,0.0,cooling,independent,legitimate
ds-job-030,153,65.39,115.46,0.0,cooling,independent,legitimate
ds-job-030,154,68.52,127.18,0.0,cooling,independent,legitimate
ds-job-030,155,74.13,69.26,0.0,cooling,independent,legitimate
ds-job-030,156,57.89,118.98,0.0,cooling,independent,legitimate
ds-job-030,157,67.39,86.84,0.0,cooling,independent,legitimate
ds-job-031,0,47.03,26.89,0.0,idle,independent,legitimate
ds-job-031,1,49.26,25.78,0.0,idle,independent,legitimate
ds-job-031,2,51.71,24.87,0.0,idle,independent,legitimate
ds-job-031,3,49.69,25.89,0.0,idle,independent,legitimate
ds-job-031,4,53.35,23.22,0.0,idle,independent,legitimate
ds-job-031,5,52.22,25.58,0.0,idle,independent,legitimate
ds-job-031,6,48.55,22.18,0.0,idle,independent,legitimate
ds-job-031,7,51.16,26.85,0.0,idle,independent,legitimate
ds-job-031,8,181.82,109.65,0.0,heating,independent,legitimate
ds-job-031,9,161.56,156.26,0.0,heating,independent,legitimate
ds-job-031,10,189.26,149.0,0.0,heating,independent,legitimate
ds-job-031,11,176.48,121.27,0.0,heating,independent,legitimate
ds-job-031,12,221.47,147.88,0.0,heating,independent,legitimate
ds-job-031,13,222.67,153.27,0.0,heating,independent,legitimate
ds-job-031,14,201.46,108.88,0.0,heating,independent,legitimate
ds-job-031,15,223.58,97.52,0.0,heating,independent,legitimate
ds-job-031,16,208.48,110.74,0.0,heating,independent,legitimate
ds-job-031,17,215.97,130.1,0.0,heating,independent,legitimate
ds-job-031,18,206.28,117.65,0.0,heating,independent,legitimate
ds-job-031,19,168.91,145.02,0.0,heating,independent,legitimate
ds-job-031,20,229.28,128.01,0.0,heating,independent,legitimate
ds-job-031,21,203.84,84.25,0.0,heating,independent,legitimate
ds-job-031,22,190.2,65.8,0.0,heating,independent,legitimate
ds-job-031,23,185.2,115.21,0.0,heating,independent,legitimate
ds-job-031,24,231.85,91.74,0.0,heating,independent,legitimate
ds-job-031,25,170.54,143.89,0.0,heating,independent,legitimate
ds-job-031,26,172.66,130.73,0.0,heating,independent,legitimate
ds-job-031,27,197.77,129.94,0.0,heating,independent,legitimate
ds-job-031,28,194.33,67.62,0.0,heating,independent,legitimate
ds-job-031,29,195.72,112.4,0.0,heating,independent,legitimate
ds-job-031,30,179.25,115.1,0.0,heating,independent,legitimate
ds-job-031,31,210.93,98.53,0.0,heating,independent,legitimate
ds-job-031,32,211.73,138.3,0.0,heating,independent,legitimate
ds-job-031,33,215.21,189.9,0.0,heating,independent,legitimate
ds-job-031,34,349.35,205.02,12.57,printing,independent,legitimate
ds-job-031,35,343.32,208.46,11.41,printing,independent,legitimate
ds-job-031,36,382.46,206.53,9.17,printing,independent,legitimate
ds-job-031,37,324.98,205.45,10.65,printing,independent,legitimate
ds-job-031,38,373.62,211.79,10.94,printing,independent,legitimate
ds-job-031,39,375.35,209.17,10.03,printing,independent,legitimate
ds-job-031,40,328.78,214.22,12.64,printing,independent,legitimate
ds-job-031,41,321.96,210.59,12.77,printing,independent,legitimate
ds-job-031,42,370.33,208.73,11.5,printing,independent,legitimate
ds-job-031,43,351.01,208.91,11.18,printing,independent,legitimate
ds-job-031,44,363.54,211.98,9.66,printing,independent,legitimate
ds-job-031,45,331.71,212.47,13.42,printing,independent,legitimate
ds-job-031,46,332.29,211.61,12.29,printing,independent,legitimate
ds-job-031,47,374.68,209.02,12.53,printing,independent,legitimate
ds-job-031,48,364.85,208.35,13.59,printing,independent,legitimate
ds-job-031,49,339.8,209.29,12.24,printing,independent,legitimate
ds-job-031,50,365.17,206.76,10.73,printing,independent,legitimate
ds-job-031,51,348.37,210.16,10.78,printing,independent,legitimate
ds-job-031,52,362.55,206.94,10.39,printing,independent,legitimate
ds-job-031,53,345.59,206.22,11.78,printing,independent,legitimate
ds-job-031,54,333.34,210.56,12.74,printing,independent,legitimate
ds-job-031,55,352.74,210.11,11.96,printing,independent,legitimate
ds-job-031,56,369.96,208.32,10.37,printing,independent,legitimate
ds-job-031,57,376.01,210.7,13.48,printing,independent,legitimate
ds-job-031,58,347.03,211.93,9.95,printing,independent,legitimate
ds-job-031,59,361.08,205.84,13.59,printing,independent,legitimate
ds-job-031,60,337.35,210.41,13.51,printing,independent,legitimate
ds-job-031,61,357.1,202.21,12.16,printing,independent,legitimate
ds-job-031,62,340.45,206.1,13.38,printing,independent,legitimate
ds-job-031,63,322.71,208.29,9.89,printing,independent,legitimate
ds-job-031,64,383.31,214.77,11.61,printing,independent,legitimate
ds-job-031,65,360.6,208.64,10.78,printing,independent,legitimate
ds-job-031,66,348.75,211.8,11.57,printing,independent,legitimate
ds-job-031,67,336.35,209.83,11.82,printing,independent,legitimate
ds-job-031,68,350.12,211.3,12.19,printing,independent,legitimate
ds-job-031,69,369.84,203.2,11.94,printing,independent,legitimate
ds-job-031,70,348.94,207.27,12.02,printing,independent,legitimate
ds-job-031,71,360.99,207.37,10.35,printing,independent,legitimate
ds-job-031,72,315.0,205.86,10.39,printing,independent,legitimate
ds-job-031,73,356.71,208.68,13.65,printing,independent,legitimate
ds-job-031,74,360.66,209.12,13.5,printing,independent,legitimate
ds-job-031,75,396.62,208.16,12.85,printing,independent,legitimate
ds-job-031,76,347.77,206.8,12.19,printing,independent,legitimate
ds-job-031,77,365.99,209.87,13.5,printing,independent,legitimate
ds-job-031,78,311.88,211.86,10.87,printing,independent,legitimate
ds-job-031,79,347.79,203.96,11.01,printing,independent,legitimate
ds-job-031,80,352.83,207.85,11.53,printing,independent,legitimate
ds-job-031,81,367.64,204.25,11.18,printing,independent,legitimate
ds-job-031,82,371.9,210.7,11.71,printing,independent,legitimate
ds-job-031,83,375.46,214.14,12.07,printing,independent,legitimate
ds-job-031,84,325.58,207.77,12.48,printing,independent,legitimate
ds-job-031,85,352.16,207.8,10.66,printing,independent,legitimate
ds-job-031,86,333.67,207.28,13.06,printing,independent,legitimate
ds-job-031,87,347.88,209.36,13.05,printing,independent,legitimate
ds-job-031,88,347.44,212.93,10.68,printing,independent,legitimate
ds-job-031,89,357.45,211.52,13.26,printing,independent,legitimate
ds-job-031,90,345.29,209.53,12.0,printing,independent,legitimate
ds-job-031,91,359.42,210.39,12.27,printing,independent,legitimate
ds-job-031,92,363.1,209.86,11.15,printing,independent,legitimate
ds-job-031,93,353.95,206.77,13.0,printing,independent,legitimate
ds-job-031,94,337.94,211.87,11.58,printing,independent,legitimate
ds-job-031,95,351.11,210.96,9.91,printing,independent,legitimate
ds-job-031,96,373.33,210.65,11.25,printing,independent,legitimate
ds-job-031,97,352.81,207.95,10.54,printing,independent,legitimate
ds-job-031,98,342.14,204.07,10.78,printing,independent,legitimate
ds-job-031,99,344.02,214.45,13.44,printing,independent,legitimate
ds-job-031,100,347.46,208.66,11.24,printing,independent,legitimate
ds-job-031,101,348.49,211.89,10.58,printing,independent,legitimate
ds-job-031,102,337.01,205.22,10.83,printing,independent,legitimate
ds-job-031,103,324.49,204.24,12.5,printing,independent,legitimate
ds-job-031,104,349.55,209.62,10.57,printing,independent,legitimate
ds-job-031,105,364.35,215.16,11.03,printing,independent,legitimate
ds-job-031,106,367.53,208.97,11.77,printing,independent,legitimate
ds-job-031,107,387.02,209.04,11.51,printing,independent,legitimate
ds-job-031,108,356.68,208.08,12.98,printing,independent,legitimate
ds-job-031,109,337.79,202.99,11.27,printing,independent,legitimate
ds-job-031,110,384.99,209.29,11.25,printing,independent,legitimate
ds-job-031,111,347.54,204.87,10.24,printing,independent,legitimate
ds-job-031,112,334.8,210.4,11.11,printing,independent,legitimate
ds-job-031,113,351.66,207.01,11.21,printing,independent,legitimate
ds-job-031,114,331.2,209.95,11.4,printing,independent,legitimate
ds-job-031,115,335.55,215.69,11.72,printing,independent,legitimate
ds-job-031,116,347.48,207.33,12.95,printing,independent,legitimate
ds-job-031,117,327.67,204.77,12.37,printing,independent,legitimate
ds-job-031,118,340.55,207.76,12.04,printing,independent,legitimate
ds-job-031,119,372.03,210.79,11.95,printing,independent,legitimate
ds-job-031,120,346.75,204.18,10.96,printing,independent,legitimate
ds-job-031,121,356.48,202.81,12.27,printing,independent,legitimate
ds-job-031,122,362.4,202.72,12.67,printing,independent,legitimate
ds-job-031,123,328.42,207.54,10.21,printing,independent,legitimate
ds-job-031,124,339.56,212.77,11.36,printing,independent,legitimate
ds-job-031,125,363.82,214.07,11.89,printing,independent,legitimate
ds-job-031,126,379.21,203.61,10.08,printing,independent,legitimate
ds-job-031,127,362.03,207.54,12.15,printing,independent,legitimate
ds-job-031,128,345.32,205.12,10.79,printing,independent,legitimate
ds-job-031,129,384.3,210.2,9.5,printing,independent,legitimate
ds-job-031,130,370.38,207.87,11.93,printing,independent,legitimate
ds-job-031,131,342.41,209.69,9.17,printing,independent,legitimate
ds-job-031,132,351.46,214.34,11.55,printing,independent,legitimate
ds-job-031,133,373.49,211.1,11.28,printing,independent,legitimate
ds-job-031,134,330.73,206.92,10.26,printing,independent,legitimate
ds-job-031,135,366.72,207.24,12.4,printing,independent,legitimate
ds-job-031,136,371.77,206.45,11.37,printing,independent,legitimate
ds-job-031,137,355.65,205.57,10.69,printing,independent,legitimate
ds-job-031,138,340.71,206.84,10.52,printing,independent,legitimate
ds-job-031,139,344.41,205.86,12.19,printing,independent,legitimate
ds-job-031,140,368.36,207.2,13.21,printing,independent,legitimate
ds-job-031,141,357.97,206.77,11.22,printing,independent,legitimate
ds-job-031,142,369.62,200.71,11.9,printing,independent,legitimate
ds-job-031,143,358.58,206.65,11.43,printing,independent,legitimate
ds-job-031,144,354.86,209.43,11.18,printing,independent,legitimate
ds-job-031,145,350.22,206.7,11.81,printing,independent,legitimate
ds-job-031,146,321.64,211.12,9.64,printing,independent,legitimate
ds-job-031,147,347.88,209.05,13.43,printing,independent,legitimate
ds-job-031,148,343.6,212.85,10.25,printing,independent,legitimate
ds-job-031,149,350.03,207.33,11.5,printing,independent,legitimate
ds-job-031,150,323.85,216.59,12.17,printing,independent,legitimate
ds-job-031,151,340.89,207.35,12.55,printing,independent,legitimate
ds-job-031,152,342.48,208.44,12.06,printing,independent,legitimate
ds-job-031,153,315.2,212.39,11.29,printing,independent,legitimate
ds-job-031,154,350.19,209.66,12.91,printing,independent,legitimate
ds-job-031,155,343.14,209.23,11.27,printing,independent,legitimate
ds-job-031,156,347.35,208.99,13.76,printing,independent,legitimate
ds-job-031,157,370.7,210.26,10.91,printing,independent,legitimate
ds-job-031,158,345.0,203.25,12.38,printing,independent,legitimate
ds-job-031,159,376.08,207.03,11.45,printing,independent,legitimate
ds-job-031,160,360.46,211.51,12.98,printing,independent,legitimate
ds-job-031,161,395.66,207.34,10.45,printing,independent,legitimate
ds-job-031,162,60.13,158.61,0.0,cooling,independent,legitimate
ds-job-031,163,69.6,75.09,0.0,cooling,independent,legitimate
ds-job-031,164,53.91,112.36,0.0,cooling,independent,legitimate
ds-job-031,165,70.9,114.43,0.0,cooling,independent,legitimate
ds-job-031,166,57.3,109.5,0.0,cooling,independent,legitimate
ds-job-031,167,65.01,91.15,0.0,cooling,independent,legitimate
ds-job-031,168,88.09,103.4,0.0,cooling,independent,legitimate
ds-job-031,169,68.43,162.37,0.0,cooling,independent,legitimate
ds-job-031,170,78.84,133.24,0.0,cooling,independent,legitimate
ds-job-031,171,66.21,121.14,0.0,cooling,independent,legitimate
ds-job-031,172,75.47,102.02,0.0,cooling,independent,legitimate
ds-job-031,173,62.8,143.39,0.0,cooling,independent,legitimate
ds-job-031,174,59.17,129.42,0.0,cooling,independent,legitimate
ds-job-031,175,63.57,141.98,0.0,cooling,independent,legitimate
ds-job-031,176,71.59,86.48,0.0,cooling,independent,legitimate
ds-job-031,177,68.07,187.05,0.0,cooling,independent,legitimate
ds-job-031,178,58.14,103.35,0.0,cooling,independent,legitimate
ds-job-032,0,49.11,26.74,0.0,idle,independent,legitimate
ds-job-032,1,44.68,23.04,0.0,idle,independent,legitimate
ds-job-032,2,47.35,24.68,0.0,idle,independent,legitimate
ds-job-032,3,50.93,24.16,0.0,idle,independent,legitimate
ds-job-032,4,51.45,24.09,0.0,idle,independent,legitimate
ds-job-032,5,60.0,26.98,0.0,idle,independent,legitimate
ds-job-032,6,53.19,27.07,0.0,idle,independent,legitimate
ds-job-032,7,53.36,24.46,0.0,idle,independent,legitimate
ds-job-032,8,203.55,82.24,0.0,heating,independent,legitimate
ds-job-032,9,208.08,132.26,0.0,heating,independent,legitimate
ds-job-032,10,196.49,77.93,0.0,heating,independent,legitimate
ds-job-032,11,222.43,133.36,0.0,heating,independent,legitimate
ds-job-032,12,178.03,126.25,0.0,heating,independent,legitimate
ds-job-032,13,184.06,106.05,0.0,heating,independent,legitimate
ds-job-032,14,203.07,137.46,0.0,heating,independent,legitimate
ds-job-032,15,187.89,171.15,0.0,heating,independent,legitimate
ds-job-032,16,223.4,158.21,0.0,heating,independent,legitimate
ds-job-032,17,191.42,176.97,0.0,heating,independent,legitimate
ds-job-032,18,202.72,139.88,0.0,heating,independent,legitimate
ds-job-032,19,184.35,86.26,0.0,heating,independent,legitimate
ds-job-032,20,169.19,150.38,0.0,heating,independent,legitimate
ds-job-032,21,220.16,65.41,0.0,heating,independent,legitimate
ds-job-032,22,216.82,117.93,0.0,heating,independent,legitimate
ds-job-032,23,240.31,121.99,0.0,heating,independent,legitimate
ds-job-032,24,168.14,148.94,0.0,heating,independent,legitimate
ds-job-032,25,187.67,99.5,0.0,heating,independent,legitimate
ds-job-032,26,189.25,110.54,0.0,heating,independent,legitimate
ds-job-032,27,204.93,99.02,0.0,heating,independent,legitimate
ds-job-032,28,223.1,83.69,0.0,heating,independent,legitimate
ds-job-032,29,213.84,59.82,0.0,heating,independent,legitimate
ds-job-032,30,179.2,86.08,0.0,heating,independent,legitimate
ds-job-032,31,221.11,97.32,0.0,heating,independent,legitimate
ds-job-032,32,210.13,72.4,0.0,heating,independent,legitimate
ds-job-032,33,196.74,137.55,0.0,heating,independent,legitimate
ds-job-032,34,315.01,209.17,10.7,printing,independent,legitimate
ds-job-032,35,332.04,207.8,12.08,printing,independent,legitimate
ds-job-032,36,369.07,214.11,11.66,printing,independent,legitimate
ds-job-032,37,364.11,201.95,12.16,printing,independent,legitimate
ds-job-032,38,365.09,210.3,11.71,printing,independent,legitimate
ds-job-032,39,339.75,213.06,10.92,printing,independent,legitimate
ds-job-032,40,357.97,204.43,10.95,printing,independent,legitimate
ds-job-032,41,339.98,211.07,12.99,printing,independent,legitimate
ds-job-032,42,362.78,211.26,14.01,printing,independent,legitimate
ds-job-032,43,353.39,210.23,10.87,printing,independent,legitimate
ds-job-032,44,353.7,209.62,13.11,printing,independent,legitimate
ds-job-032,45,361.75,204.13,13.17,printing,independent,legitimate
ds-job-032,46,343.72,208.22,12.06,printing,independent,legitimate
ds-job-032,47,353.59,205.87,11.22,printing,independent,legitimate
ds-job-032,48,355.49,209.23,8.63,printing,independent,legitimate
ds-job-032,49,365.17,209.47,12.58,printing,independent,legitimate
ds-job-032,50,349.3,201.2,10.41,printing,independent,legitimate
ds-job-032,51,339.48,205.53,11.9,printing,independent,legitimate
ds-job-032,52,317.51,208.18,11.01,printing,independent,legitimate
ds-job-032,53,351.23,213.45,11.98,printing,independent,legitimate
ds-job-032,54,332.47,208.02,12.76,printing,independent,legitimate
ds-job-032,55,368.37,215.72,11.45,printing,independent,legitimate
ds-job-032,56,341.28,208.88,9.47,printing,independent,legitimate
ds-job-032,57,343.68,204.12,11.62,printing,independent,legitimate
ds-job-032,58,331.75,208.35,10.81,printing,independent,legitimate
ds-job-032,59,367.51,210.12,10.38,printing,independent,legitimate
ds-job-032,60,341.36,206.66,14.39,printing,independent,legitimate
ds-job-032,61,320.86,210.02,9.2,printing,independent,legitimate
ds-job-032,62,353.96,211.61,13.21,printing,independent,legitimate
ds-job-032,63,332.09,211.27,11.74,printing,independent,legitimate
ds-job-032,64,360.67,209.74,12.9,printing,independent,legitimate
ds-job-032,65,341.11,210.63,11.96,printing,independent,legitimate
ds-job-032,66,356.7,206.31,11.37,printing,independent,legitimate
ds-job-032,67,333.1,210.64,9.78,printing,independent,legitimate
ds-job-032,68,349.72,205.25,11.94,printing,independent,legitimate
ds-job-032,69,347.61,215.09,9.55,printing,independent,legitimate
ds-job-032,70,387.22,204.25,10.39,printing,independent,legitimate
ds-job-032,71,338.97,207.01,11.36,printing,independent,legitimate
ds-job-032,72,352.05,211.61,11.51,printing,independent,legitimate
ds-job-032,73,340.2,201.71,12.21,printing,independent,legitimate
ds-job-032,74,364.04,207.1,12.01,printing,independent,legitimate
ds-job-032,75,360.19,211.02,10.68,printing,independent,legitimate
ds-job-032,76,376.86,211.33,13.33,printing,independent,legitimate
ds-job-032,77,337.11,204.96,12.49,printing,independent,legitimate
ds-job-032,78,342.46,205.51,11.13,printing,independent,legitimate
ds-job-032,79,337.07,207.27,11.52,printing,independent,legitimate
ds-job-032,80,336.4,211.9,10.66,printing,independent,legitimate
ds-job-032,81,370.32,208.56,12.28,printing,independent,legitimate
ds-job-032,82,363.02,205.36,10.72,printing,independent,legitimate
ds-job-032,83,344.69,207.32,11.49,printing,independent,legitimate
ds-job-032,84,355.45,205.45,12.8,printing,independent,legitimate
ds-job-032,85,362.09,209.74,12.0,printing,independent,legitimate
ds-job-032,86,380.76,205.81,11.17,printing,independent,legitimate
ds-job-032,87,363.57,207.71,10.03,printing,independent,legitimate
ds-job-032,88,348.19,210.07,10.84,printing,independent,legitimate
ds-job-032,89,347.43,205.98,12.0,printing,independent,legitimate
ds-job-032,90,365.73,205.29,11.04,printing,independent,legitimate
ds-job-032,91,358.01,211.39,10.45,printing,independent,legitimate
ds-job-032,92,365.4,210.63,9.43,printing,independent,legitimate
ds-job-032,93,318.06,206.27,11.02,printing,independent,legitimate
ds-job-032,94,362.65,212.97,10.57,printing,independent,legitimate
ds-job-032,95,351.87,208.16,12.64,printing,independent,legitimate
ds-job-032,96,355.38,209.45,11.32,printing,independent,legitimate
ds-job-032,97,353.01,209.38,12.11,printing,independent,legitimate
ds-job-032,98,365.23,207.34,11.96,printing,independent,legitimate
ds-job-032,99,363.98,202.82,13.25,printing,independent,legitimate
ds-job-032,100,360.5,212.48,10.55,printing,independent,legitimate
ds-job-032,101,360.82,205.79,11.98,printing,independent,legitimate
ds-job-032,102,393.06,205.17,11.44,printing,independent,legitimate
ds-job-032,103,356.96,211.15,12.19,printing,independent,legitimate
ds-job-032,104,324.09,207.48,9.95,printing,independent,legitimate
ds-job-032,105,351.83,205.29,13.68,printing,independent,legitimate
ds-job-032,106,358.62,211.16,12.88,printing,independent,legitimate
ds-job-032,107,340.28,207.13,11.28,printing,independent,legitimate
ds-job-032,108,322.88,209.2,11.27,printing,independent,legitimate
ds-job-032,109,389.39,209.11,12.2,printing,independent,legitimate
ds-job-032,110,354.22,215.62,10.46,printing,independent,legitimate
ds-job-032,111,362.86,205.79,11.66,printing,independent,legitimate
ds-job-032,112,333.58,205.33,11.75,printing,independent,legitimate
ds-job-032,113,325.65,213.41,10.72,printing,independent,legitimate
ds-job-032,114,351.92,207.77,12.1,printing,independent,legitimate
ds-job-032,115,324.33,207.57,10.63,printing,independent,legitimate
ds-job-032,116,353.03,209.38,11.07,printing,independent,legitimate
ds-job-032,117,311.66,209.49,10.05,printing,independent,legitimate
ds-job-032,118,352.63,210.76,11.89,printing,independent,legitimate
ds-job-032,119,346.68,208.44,10.49,printing,independent,legitimate
ds-job-032,120,366.38,205.89,12.57,printing,independent,legitimate
ds-job-032,121,344.1,209.16,11.38,printing,independent,legitimate
ds-job-032,122,346.94,211.58,10.11,printing,independent,legitimate
ds-job-032,123,348.31,210.04,10.6,printing,independent,legitimate
ds-job-032,124,347.18,210.27,10.04,printing,independent,legitimate
ds-job-032,125,363.21,215.73,11.69,printing,independent,legitimate
ds-job-032,126,343.06,215.87,12.63,printing,independent,legitimate
ds-job-032,127,376.77,209.02,10.71,printing,independent,legitimate
ds-job-032,128,352.31,206.32,13.04,printing,independent,legitimate
ds-job-032,129,366.64,208.05,11.14,printing,independent,legitimate
ds-job-032,130,354.09,204.45,12.1,printing,independent,legitimate
ds-job-032,131,343.5,211.7,12.72,printing,independent,legitimate
ds-job-032,132,325.95,213.35,12.78,printing,independent,legitimate
ds-job-032,133,356.06,202.68,13.65,printing,independent,legitimate
ds-job-032,134,375.23,207.9,11.67,printing,independent,legitimate
ds-job-032,135,344.11,212.28,12.39,printing,independent,legitimate
ds-job-032,136,360.56,204.87,11.69,printing,independent,legitimate
ds-job-032,137,393.05,215.54,9.73,printing,independent,legitimate
ds-job-032,138,361.03,209.07,11.34,printing,independent,legitimate
ds-job-032,139,369.18,210.41,11.97,printing,independent,legitimate
ds-job-032,140,349.14,206.58,9.71,printing,independent,legitimate
ds-job-032,141,335.49,204.2,11.36,printing,independent,legitimate
ds-job-032,142,400.0,208.89,11.42,printing,independent,legitimate
ds-job-032,143,353.29,206.33,12.4,printing,independent,legitimate
ds-job-032,144,368.13,215.11,12.25,printing,independent,legitimate
ds-job-032,145,336.26,209.93,12.66,printing,independent,legitimate
ds-job-032,146,370.64,207.08,12.2,printing,independent,legitimate
ds-job-032,147,347.86,210.67,11.23,printing,independent,legitimate
ds-job-032,148,341.4,206.82,13.37,printing,independent,legitimate
ds-job-032,149,344.38,212.63,13.15,printing,independent,legitimate
ds-job-032,150,378.49,207.93,10.3,printing,independent,legitimate
ds-job-032,151,337.24,210.09,12.12,printing,independent,legitimate
ds-job-032,152,355.04,212.78,12.48,printing,independent,legitimate
ds-job-032,153,335.41,212.2,12.93,printing,independent,legitimate
ds-job-032,154,359.39,207.83,11.99,printing,independent,legitimate
ds-job-032,155,342.42,207.54,10.77,printing,independent,legitimate
ds-job-032,156,370.51,215.31,10.59,printing,independent,legitimate
ds-job-032,157,72.37,127.73,0.0,cooling,independent,legitimate
ds-job-032,158,64.52,131.0,0.0,cooling,independent,legitimate
ds-job-032,159,62.26,141.62,0.0,cooling,independent,legitimate
ds-job-032,160,45.91,114.31,0.0,cooling,independent,legitimate
ds-job-032,161,40.1,135.58,0.0,cooling,independent,legitimate
ds-job-032,162,59.91,100.35,0.0,cooling,independent,legitimate
ds-job-032,163,56.75,42.43,0.0,cooling,independent,legitimate
ds-job-032,164,51.88,90.54,0.0,cooling,independent,legitimate
ds-job-032,165,61.98,177.96,0.0,cooling,independent,legitimate
ds-job-032,166,62.1,103.78,0.0,cooling,independent,legitimate
ds-job-032,167,69.78,125.93,0.0,cooling,independent,legitimate
ds-job-032,168,54.65,138.03,0.0,cooling,independent,legitimate
ds-job-032,169,83.47,168.6,0.0,cooling,independent,legitimate
ds-job-032,170,62.07,174.17,0.0,cooling,independent,legitimate
ds-job-032,171,48.68,124.81,0.0,cooling,independent,legitimate
ds-job-032,172,61.1,161.92,0.0,cooling,independent,legitimate
ds-job-032,173,59.36,147.94,0.0,cooling,independent,legitimate
ds-job-033,0,45.27,22.74,0.0,idle,independent,legitimate
ds-job-033,1,49.86,24.5,0.0,idle,independent,legitimate
ds-job-033,2,50.88,25.66,0.0,idle,independent,legitimate
ds-job-033,3,50.52,24.32,0.0,idle,independent,legitimate
ds-job-033,4,45.69,23.46,0.0,idle,independent,legitimate
ds-job-033,5,50.51,21.85,0.0,idle,independent,legitimate
ds-job-033,6,47.37,26.51,0.0,idle,independent,legitimate
ds-job-033,7,189.76,120.87,0.0,heating,independent,legitimate
ds-job-033,8,216.6,88.91,0.0,heating,independent,legitimate
ds-job-033,9,160.25,119.6,0.0,heating,independent,legitimate
ds-job-033,10,203.87,141.86,0.0,heating,independent,legitimate
ds-job-033,11,201.9,111.36,0.0,heating,independent,legitimate
ds-job-033,12,218.71,122.2,0.0,heating,independent,legitimate
ds-job-033,13,200.55,172.31,0.0,heating,independent,legitimate
ds-job-033,14,202.52,150.16,0.0,heating,independent,legitimate
ds-job-033,15,215.18,118.85,0.0,heating,independent,legitimate
ds-job-033,16,257.87,181.7,0.0,heating,independent,legitimate
ds-job-033,17,222.11,96.82,0.0,heating,independent,legitimate
ds-job-033,18,199.26,93.75,0.0,heating,independent,legitimate
ds-job-033,19,187.17,67.1,0.0,heating,independent,legitimate
ds-job-033,20,181.54,149.61,0.0,heating,independent,legitimate
ds-job-033,21,190.42,87.48,0.0,heating,independent,legitimate
ds-job-033,22,226.01,108.72,0.0,heating,independent,legitimate
ds-job-033,23,221.89,115.12,0.0,heating,independent,legitimate
ds-job-033,24,204.34,116.0,0.0,heating,independent,legitimate
ds-job-033,25,203.64,104.09,0.0,heating,independent,legitimate
ds-job-033,26,170.45,54.31,0.0,heating,independent,legitimate
ds-job-033,27,192.52,137.51,0.0,heating,independent,legitimate
ds-job-033,28,326.0,209.08,9.93,printing,independent,legitimate
ds-job-033,29,381.48,211.34,10.95,printing,independent,legitimate
ds-job-033,30,357.3,208.73,10.01,printing,independent,legitimate
ds-job-033,31,349.24,210.53,12.28,printing,independent,legitimate
ds-job-033,32,343.11,210.37,9.81,printing,independent,legitimate
ds-job-033,33,339.45,209.57,11.74,printing,independent,legitimate
ds-job-033,34,344.06,208.33,12.75,printing,independent,legitimate
ds-job-033,35,349.31,204.1,12.5,printing,independent,legitimate
ds-job-033,36,366.52,208.76,12.6,printing,independent,legitimate
ds-job-033,37,335.13,207.84,10.49,printing,independent,legitimate
ds-job-033,38,342.6,208.88,12.47,printing,independent,legitimate
ds-job-033,39,333.05,211.01,11.65,printing,independent,legitimate
ds-job-033,40,339.96,215.23,10.79,printing,independent,legitimate
ds-job-033,41,348.57,211.64,13.1,printing,independent,legitimate
ds-job-033,42,328.7,214.27,10.51,printing,independent,legitimate
ds-job-033,43,354.3,207.8,11.59,printing,independent,legitimate
ds-job-033,44,333.92,207.1,10.39,printing,independent,legitimate
ds-job-033,45,347.09,212.53,13.83,printing,independent,legitimate
ds-job-033,46,333.21,207.62,11.0,printing,independent,legitimate
ds-job-033,47,375.23,212.51,13.11,printing,independent,legitimate
ds-job-033,48,340.9,208.33,11.26,printing,independent,legitimate
ds-job-033,49,345.29,208.88,9.67,printing,independent,legitimate
ds-job-033,50,363.82,206.39,11.25,printing,independent,legitimate
ds-job-033,51,350.05,200.0,9.24,printing,independent,legitimate
ds-job-033,52,337.2,210.09,12.98,printing,independent,legitimate
ds-job-033,53,353.36,206.45,12.21,printing,independent,legitimate
ds-job-033,54,374.73,205.4,10.95,printing,independent,legitimate
ds-job-033,55,334.63,208.6,9.24,printing,independent,legitimate
ds-job-033,56,361.32,208.86,9.9,printing,independent,legitimate
ds-job-033,57,351.07,211.04,9.3,printing,independent,legitimate
ds-job-033,58,339.48,209.43,10.72,printing,independent,legitimate
ds-job-033,59,369.5,207.16,12.18,printing,independent,legitimate
ds-job-033,60,356.88,205.71,10.99,printing,independent,legitimate
ds-job-033,61,321.48,207.32,11.81,printing,independent,legitimate
ds-job-033,62,352.26,208.65,11.87,printing,independent,legitimate
ds-job-033,63,322.89,208.64,13.08,printing,independent,legitimate
ds-job-033,64,335.2,204.46,10.35,printing,independent,legitimate
ds-job-033,65,341.74,205.68,11.12,printing,independent,legitimate
ds-job-033,66,341.8,210.14,10.32,printing,independent,legitimate
ds-job-033,67,349.7,209.66,12.91,printing,independent,legitimate
ds-job-033,68,332.87,211.51,9.99,printing,independent,legitimate
ds-job-033,69,336.37,207.43,12.24,printing,independent,legitimate
ds-job-033,70,370.12,204.8,11.81,printing,independent,legitimate
ds-job-033,71,323.29,211.29,11.7,printing,independent,legitimate
ds-job-033,72,353.84,207.39,11.72,printing,independent,legitimate
ds-job-033,73,364.7,207.76,12.52,printing,independent,legitimate
ds-job-033,74,350.15,215.25,12.76,printing,independent,legitimate
ds-job-033,75,334.29,210.71,13.58,printing,independent,legitimate
ds-job-033,76,350.05,203.27,13.37,printing,independent,legitimate
ds-job-033,77,340.49,203.31,10.26,printing,independent,legitimate
ds-job-033,78,347.73,211.74,11.0,printing,independent,legitimate
ds-job-033,79,347.22,205.49,10.71,printing,independent,legitimate
ds-job-033,80,390.64,206.22,10.28,printing,independent,legitimate
ds-job-033,81,342.11,206.72,10.45,printing,independent,legitimate
ds-job-033,82,337.62,209.53,10.08,printing,independent,legitimate
ds-job-033,83,368.95,209.33,13.36,printing,independent,legitimate
ds-job-033,84,360.34,203.24,10.25,printing,independent,legitimate
ds-job-033,85,346.43,209.22,9.35,printing,independent,legitimate
ds-job-033,86,342.99,206.3,10.85,printing,independent,legitimate
ds-job-033,87,334.16,205.87,13.77,printing,independent,legitimate
ds-job-033,88,380.26,209.04,10.13,printing,independent,legitimate
ds-job-033,89,358.34,213.53,12.02,printing,independent,legitimate
ds-job-033,90,349.48,210.55,10.79,printing,independent,legitimate
ds-job-033,91,309.36,209.26,11.6,printing,independent,legitimate
ds-job-033,92,352.67,213.94,10.8,printing,independent,legitimate
ds-job-033,93,325.59,208.7,11.71,printing,independent,legitimate
ds-job-033,94,337.87,211.93,11.24,printing,independent,legitimate
ds-job-033,95,348.01,209.07,13.01,printing,independent,legitimate
ds-job-033,96,369.17,214.76,11.67,printing,independent,legitimate
ds-job-033,97,318.54,214.33,13.07,printing,independent,legitimate
ds-job-033,98,354.8,208.91,11.86,printing,independent,legitimate
ds-job-033,99,324.24,206.39,10.78,printing,independent,legitimate
ds-job-033,100,364.03,212.13,12.08,printing,independent,legitimate
ds-job-033,101,368.32,209.26,11.77,printing,independent,legitimate
ds-job-033,102,337.01,205.88,10.02,printing,independent,legitimate
ds-job-033,103,346.79,204.93,12.0,printing,independent,legitimate
ds-job-033,104,335.36,212.3,11.38,printing,independent,legitimate
ds-job-033,105,335.44,212.28,10.26,printing,independent,legitimate
ds-job-033,106,364.24,210.81,12.65,printing,independent,legitimate
ds-job-033,107,336.63,204.22,12.19,printing,independent,legitimate
ds-job-033,108,332.67,210.52,11.54,printing,independent,legitimate
ds-job-033,109,360.78,211.32,10.91,printing,independent,legitimate
ds-job-033,110,357.42,210.01,10.31,printing,independent,legitimate
ds-job-033,111,358.94,215.55,10.82,printing,independent,legitimate
ds-job-033,112,354.72,208.79,11.25,printing,independent,legitimate
ds-job-033,113,328.82,205.43,11.82,printing,independent,legitimate
ds-job-033,114,331.89,209.05,12.33,printing,independent,legitimate
ds-job-033,115,345.22,208.7,12.87,printing,independent,legitimate
ds-job-033,116,338.86,204.78,12.59,printing,independent,legitimate
ds-job-033,117,365.44,207.63,10.91,printing,independent,legitimate
ds-job-033,118,341.35,200.0,12.18,printing,independent,legitimate
ds-job-033,119,369.13,210.38,12.11,printing,independent,legitimate
ds-job-033,120,352.79,209.89,12.18,printing,independent,legitimate
ds-job-033,121,347.82,216.9,11.24,printing,independent,legitimate
ds-job-033,122,357.24,206.95,11.02,printing,independent,legitimate
ds-job-033,123,355.96,209.45,9.5,printing,independent,legitimate
ds-job-033,124,372.63,211.49,11.61,printing,independent,legitimate
ds-job-033,125,363.11,207.55,9.73,printing,independent,legitimate
ds-job-033,126,359.39,207.7,10.88,printing,independent,legitimate
ds-job-033,127,59.28,195.78,0.0,cooling,independent,legitimate
ds-job-033,128,72.06,157.55,0.0,cooling,independent,legitimate
ds-job-033,129,48.4,150.02,0.0,cooling,independent,legitimate
ds-job-033,130,78.06,131.67,0.0,cooling,independent,legitimate
ds-job-033,131,55.34,105.53,0.0,cooling,independent,legitimate
ds-job-033,132,56.15,110.55,0.0,cooling,independent,legitimate
ds-job-033,133,71.51,138.33,0.0,cooling,independent,legitimate
ds-job-033,134,69.79,81.76,0.0,cooling,independent,legitimate
ds-job-033,135,64.42,123.05,0.0,cooling,independent,legitimate
ds-job-033,136,60.09,108.28,0.0,cooling,independent,legitimate
ds-job-033,137,58.3,147.0,0.0,cooling,independent,legitimate
ds-job-033,138,58.73,109.06,0.0,cooling,independent,legitimate
ds-job-033,139,69.17,106.66,0.0,cooling,independent,legitimate
ds-job-033,140,75.9,140.25,0.0,cooling,independent,legitimate
ds-job-034,0,51.5,26.08,0.0,idle,independent,legitimate
ds-job-034,1,53.92,27.58,0.0,idle,independent,legitimate
ds-job-034,2,54.42,24.19,0.0,idle,independent,legitimate
ds-job-034,3,48.88,22.53,0.0,idle,independent,legitimate
ds-job-034,4,57.34,25.76,0.0,idle,independent,legitimate
ds-job-034,5,49.71,24.87,0.0,idle,independent,legitimate
ds-job-034,6,47.62,27.13,0.0,idle,independent,legitimate
ds-job-034,7,57.47,23.12,0.0,idle,independent,legitimate
ds-job-034,8,202.5,117.07,0.0,heating,independent,legitimate
ds-job-034,9,240.97,83.7,0.0,heating,independent,legitimate
ds-job-034,10,209.63,110.71,0.0,heating,independent,legitimate
ds-job-034,11,191.76,114.66,0.0,heating,independent,legitimate
ds-job-034,12,230.55,91.41,0.0,heating,independent,legitimate
ds-job-034,13,239.05,126.58,0.0,heating,independent,legitimate
ds-job-034,14,203.26,185.9,0.0,heating,independent,legitimate
ds-job-034,15,228.85,166.81,0.0,heating,independent,legitimate
ds-job-034,16,250.3,113.05,0.0,heating,independent,legitimate
ds-job-034,17,212.34,121.7,0.0,heating,independent,legitimate
ds-job-034,18,231.35,103.84,0.0,heating,independent,legitimate
ds-job-034,19,186.18,136.21,0.0,heating,independent,legitimate
ds-job-034,20,197.52,128.55,0.0,heating,independent,legitimate
ds-job-034,21,213.54,106.08,0.0,heating,independent,legitimate
ds-job-034,22,203.7,100.89,0.0,heating,independent,legitimate
ds-job-034,23,222.71,88.63,0.0,heating,independent,legitimate
ds-job-034,24,184.78,146.23,0.0,heating,independent,legitimate
ds-job-034,25,256.2,131.72,0.0,heating,independent,legitimate
ds-job-034,26,183.55,91.41,0.0,heating,independent,legitimate
ds-job-034,27,176.83,154.33,0.0,heating,independent,legitimate
ds-job-034,28,183.08,127.59,0.0,heating,independent,legitimate
ds-job-034,29,223.56,114.69,0.0,heating,independent,legitimate
ds-job-034,30,201.49,147.5,0.0,heating,independent,legitimate
ds-job-034,31,200.58,45.34,0.0,heating,independent,legitimate
ds-job-034,32,324.92,208.02,11.64,printing,independent,legitimate
ds-job-034,33,326.19,206.07,11.46,printing,independent,legitimate
ds-job-034,34,352.67,205.05,11.16,printing,independent,legitimate
ds-job-034,35,359.64,209.95,12.63,printing,independent,legitimate
ds-job-034,36,360.81,209.48,10.88,printing,independent,legitimate
ds-job-034,37,357.09,208.83,11.12,printing,independent,legitimate
ds-job-034,38,362.32,204.17,13.14,printing,independent,legitimate
ds-job-034,39,355.04,210.7,12.15,printing,independent,legitimate
ds-job-034,40,359.32,211.08,12.69,printing,independent,legitimate
ds-job-034,41,363.31,208.93,10.88,printing,independent,legitimate
ds-job-034,42,356.03,204.26,11.47,printing,independent,legitimate
ds-job-034,43,338.64,207.39,9.93,printing,independent,legitimate
ds-job-034,44,348.08,211.85,11.5,printing,independent,legitimate
ds-job-034,45,300.0,207.06,13.49,printing,independent,legitimate
ds-job-034,46,351.09,210.26,13.98,printing,independent,legitimate
ds-job-034,47,354.02,210.84,12.65,printing,independent,legitimate
ds-job-034,48,332.49,214.62,13.94,printing,independent,legitimate
ds-job-034,49,357.05,210.96,12.56,printing,independent,legitimate
ds-job-034,50,355.21,210.55,8.92,printing,independent,legitimate
ds-job-034,51,347.4,208.44,9.71,printing,independent,legitimate
ds-job-034,52,362.5,215.23,11.69,printing,independent,legitimate
ds-job-034,53,325.12,209.78,11.91,printing,independent,legitimate
ds-job-034,54,341.86,206.22,11.47,printing,independent,legitimate
ds-job-034,55,350.33,211.89,12.54,printing,independent,legitimate
ds-job-034,56,348.68,206.85,10.96,printing,independent,legitimate
ds-job-034,57,353.98,208.5,10.89,printing,independent,legitimate
ds-job-034,58,331.97,208.4,10.69,printing,independent,legitimate
ds-job-034,59,342.31,208.44,10.79,printing,independent,legitimate
ds-job-034,60,348.17,213.49,13.59,printing,independent,legitimate
ds-job-034,61,344.21,204.67,11.07,printing,independent,legitimate
ds-job-034,62,355.84,205.46,11.82,printing,independent,legitimate
ds-job-034,63,360.33,207.2,10.81,printing,independent,legitimate
ds-job-034,64,328.7,211.53,13.52,printing,independent,legitimate
ds-job-034,65,353.24,205.59,9.47,printing,independent,legitimate
ds-job-034,66,362.05,212.51,11.99,printing,independent,legitimate
ds-job-034,67,357.21,208.59,11.94,printing,independent,legitimate
ds-job-034,68,342.64,214.88,9.39,printing,independent,legitimate
ds-job-034,69,323.8,205.3,12.78,printing,independent,legitimate
ds-job-034,70,334.91,209.89,10.84,printing,independent,legitimate
ds-job-034,71,352.41,209.84,11.97,printing,independent,legitimate
ds-job-034,72,371.54,206.39,12.14,printing,independent,legitimate
ds-job-034,73,396.89,209.69,11.96,printing,independent,legitimate
ds-job-034,74,351.13,209.25,11.09,printing,independent,legitimate
ds-job-034,75,329.95,208.09,12.34,printing,independent,legitimate
ds-job-034,76,325.89,214.09,11.04,printing,independent,legitimate
ds-job-034,77,363.21,208.99,9.75,printing,independent,legitimate
ds-job-034,78,358.69,215.14,11.85,printing,independent,legitimate
ds-job-034,79,347.11,210.89,10.92,printing,independent,legitimate
ds-job-034,80,380.44,205.4,11.83,printing,independent,legitimate
ds-job-034,81,376.42,206.37,11.56,printing,independent,legitimate
ds-job-034,82,352.55,206.26,10.73,printing,independent,legitimate
ds-job-034,83,355.45,208.12,10.73,printing,independent,legitimate
ds-job-034,84,353.97,207.59,10.32,printing,independent,legitimate
ds-job-034,85,370.4,209.11,12.8,printing,independent,legitimate
ds-job-034,86,356.03,212.18,10.36,printing,independent,legitimate
ds-job-034,87,351.74,208.08,11.11,printing,independent,legitimate
ds-job-034,88,383.88,212.25,11.32,printing,independent,legitimate
ds-job-034,89,354.07,205.41,13.0,printing,independent,legitimate
ds-job-034,90,333.23,207.85,12.89,printing,independent,legitimate
ds-job-034,91,345.62,209.31,11.13,printing,independent,legitimate
ds-job-034,92,348.98,215.53,12.19,printing,independent,legitimate
ds-job-034,93,352.55,212.03,11.31,printing,independent,legitimate
ds-job-034,94,330.46,209.79,12.18,printing,independent,legitimate
ds-job-034,95,332.09,214.36,10.83,printing,independent,legitimate
ds-job-034,96,348.86,208.16,9.65,printing,independent,legitimate
ds-job-034,97,342.68,214.65,11.28,printing,independent,legitimate
ds-job-034,98,346.18,211.11,11.46,printing,independent,legitimate
ds-job-034,99,372.73,210.93,12.38,printing,independent,legitimate
ds-job-034,100,359.52,209.5,9.21,printing,independent,legitimate
ds-job-034,101,349.18,209.57,11.04,printing,independent,legitimate
ds-job-034,102,353.29,207.83,11.37,printing,independent,legitimate
ds-job-034,103,355.1,203.53,11.38,printing,independent,legitimate
ds-job-034,104,355.35,206.32,10.45,printing,independent,legitimate
ds-job-034,105,333.95,206.59,11.74,printing,independent,legitimate
ds-job-034,106,368.47,210.33,12.68,printing,independent,legitimate
ds-job-034,107,344.16,214.57,11.2,printing,independent,legitimate
ds-job-034,108,342.18,209.05,12.28,printing,independent,legitimate
ds-job-034,109,357.11,204.32,13.35,printing,independent,legitimate
ds-job-034,110,352.57,208.1,12.75,printing,independent,legitimate
ds-job-034,111,362.28,212.2,11.22,printing,independent,legitimate
ds-job-034,112,343.31,214.2,11.85,printing,independent,legitimate
ds-job-034,113,351.79,210.27,13.9,printing,independent,legitimate
ds-job-034,114,346.75,209.48,12.82,printing,independent,legitimate
ds-job-034,115,358.64,211.49,12.57,printing,independent,legitimate
ds-job-034,116,338.27,213.29,11.3,printing,independent,legitimate
ds-job-034,117,360.69,208.6,11.79,printing,independent,legitimate
ds-job-034,118,345.73,204.34,13.64,printing,independent,legitimate
ds-job-034,119,337.95,209.77,13.43,printing,independent,legitimate
ds-job-034,120,369.35,211.03,10.52,printing,independent,legitimate
ds-job-034,121,335.05,208.76,10.41,printing,independent,legitimate
ds-job-034,122,319.86,209.17,10.59,printing,independent,legitimate
ds-job-034,123,335.21,208.26,11.91,printing,independent,legitimate
ds-job-034,124,340.68,212.13,11.89,printing,independent,legitimate
ds-job-034,125,373.92,211.41,11.72,printing,independent,legitimate
ds-job-034,126,346.7,207.78,11.85,printing,independent,legitimate
ds-job-034,127,348.96,202.5,10.98,printing,independent,legitimate
ds-job-034,128,363.3,210.66,11.76,printing,independent,legitimate
ds-job-034,129,336.81,211.03,12.72,printing,independent,legitimate
ds-job-034,130,345.64,207.65,12.34,printing,independent,legitimate
ds-job-034,131,351.03,211.89,12.0,printing,independent,legitimate
ds-job-034,132,329.92,213.55,12.49,printing,independent,legitimate
ds-job-034,133,358.5,206.74,13.4,printing,independent,legitimate
ds-job-034,134,358.52,210.48,11.44,printing,independent,legitimate
ds-job-034,135,373.98,206.07,11.99,printing,independent,legitimate
ds-job-034,136,375.05,210.78,11.94,printing,independent,legitimate
ds-job-034,137,340.65,207.58,10.37,printing,independent,legitimate
ds-job-034,138,365.62,208.5,12.72,printing,independent,legitimate
ds-job-034,139,345.2,206.39,12.13,printing,independent,legitimate
ds-job-034,140,354.46,210.22,13.02,printing,independent,legitimate
ds-job-034,141,354.23,205.45,9.45,printing,independent,legitimate
ds-job-034,142,359.98,213.88,11.22,printing,independent,legitimate
ds-job-034,143,348.78,209.33,12.54,printing,independent,legitimate
ds-job-034,144,344.5,210.85,11.65,printing,independent,legitimate
ds-job-034,145,342.58,209.69,12.92,printing,independent,legitimate
ds-job-034,146,61.69,145.31,0.0,cooling,independent,legitimate
ds-job-034,147,63.45,112.1,0.0,cooling,independent,legitimate
ds-job-034,148,61.46,39.66,0.0,cooling,independent,legitimate
ds-job-034,149,73.48,40.39,0.0,cooling,independent,legitimate
ds-job-034,150,55.41,88.74,0.0,cooling,independent,legitimate
ds-job-034,151,55.86,106.29,0.0,cooling,independent,legitimate
ds-job-034,152,59.33,59.99,0.0,cooling,independent,legitimate
ds-job-034,153,57.94,136.38,0.0,cooling,independent,legitimate
ds-job-034,154,64.72,159.38,0.0,cooling,independent,legitimate
ds-job-034,155,72.15,151.25,0.0,cooling,independent,legitimate
ds-job-034,156,62.7,89.01,0.0,cooling,independent,legitimate
ds-job-034,157,71.5,116.98,0.0,cooling,independent,legitimate
ds-job-034,158,49.24,29.45,0.0,cooling,independent,legitimate
ds-job-034,159,67.86,88.25,0.0,cooling,independent,legitimate
ds-job-034,160,65.57,160.62,0.0,cooling,independent,legitimate
ds-job-034,161,53.46,61.6,0.0,cooling,independent,legitimate
ds-job-035,0,54.38,25.31,0.0,idle,independent,legitimate
ds-job-035,1,47.46,24.26,0.0,idle,independent,legitimate
ds-job-035,2,51.33,21.43,0.0,idle,independent,legitimate
ds-job-035,3,54.55,22.58,0.0,idle,independent,legitimate
ds-job-035,4,44.49,22.72,0.0,idle,independent,legitimate
ds-job-035,5,47.85,20.59,0.0,idle,independent,legitimate
ds-job-035,6,48.16,27.3,0.0,idle,independent,legitimate
ds-job-035,7,49.43,23.72,0.0,idle,independent,legitimate
ds-job-035,8,161.43,137.7,0.0,heating,independent,legitimate
ds-job-035,9,204.93,140.45,0.0,heating,independent,legitimate
ds-job-035,10,206.72,120.35,0.0,heating,independent,legitimate
ds-job-035,11,181.6,109.01,0.0,heating,independent,legitimate
ds-job-035,12,225.03,56.65,0.0,heating,independent,legitimate
ds-job-035,13,224.04,30.0,0.0,heating,independent,legitimate
ds-job-035,14,189.65,127.39,0.0,heating,independent,legitimate
ds-job-035,15,212.0,30.0,0.0,heating,independent,legitimate
ds-job-035,16,226.72,98.3,0.0,heating,independent,legitimate
ds-job-035,17,205.37,167.73,0.0,heating,independent,legitimate
ds-job-035,18,219.97,115.86,0.0,heating,independent,legitimate
ds-job-035,19,201.48,127.25,0.0,heating,independent,legitimate
ds-job-035,20,208.03,140.78,0.0,heating,independent,legitimate
ds-job-035,21,189.07,156.08,0.0,heating,independent,legitimate
ds-job-035,22,215.18,103.04,0.0,heating,independent,legitimate
ds-job-035,23,202.16,61.07,0.0,heating,independent,legitimate
ds-job-035,24,187.8,90.47,0.0,heating,independent,legitimate
ds-job-035,25,211.18,142.45,0.0,heating,independent,legitimate
ds-job-035,26,222.44,134.84,0.0,heating,independent,legitimate
ds-job-035,27,197.07,121.94,0.0,heating,independent,legitimate
ds-job-035,28,184.9,104.65,0.0,heating,independent,legitimate
ds-job-035,29,199.8,91.59,0.0,heating,independent,legitimate
ds-job-035,30,213.56,162.7,0.0,heating,independent,legitimate
ds-job-035,31,175.38,150.18,0.0,heating,independent,legitimate
ds-job-035,32,341.14,206.09,11.23,printing,independent,legitimate
ds-job-035,33,341.57,206.23,10.16,printing,independent,legitimate
ds-job-035,34,342.61,210.53,10.55,printing,independent,legitimate
ds-job-035,35,307.74,207.37,10.58,printing,independent,legitimate
ds-job-035,36,350.87,206.36,10.22,printing,independent,legitimate
ds-job-035,37,337.87,209.69,10.89,printing,independent,legitimate
ds-job-035,38,364.73,212.37,10.47,printing,independent,legitimate
ds-job-035,39,316.25,206.93,11.83,printing,independent,legitimate
ds-job-035,40,357.42,208.28,12.17,printing,independent,legitimate
ds-job-035,41,329.51,207.24,10.83,printing,independent,legitimate
ds-job-035,42,363.24,205.36,10.55,printing,independent,legitimate
ds-job-035,43,372.18,214.1,11.85,printing,independent,legitimate
ds-job-035,44,355.55,209.59,10.75,printing,independent,legitimate
ds-job-035,45,356.45,209.71,10.92,printing,independent,legitimate
ds-job-035,46,347.52,209.86,12.01,printing,independent,legitimate
ds-job-035,47,367.48,211.48,9.45,printing,independent,legitimate
ds-job-035,48,360.8,203.98,10.25,printing,independent,legitimate
ds-job-035,49,364.03,209.74,10.07,printing,independent,legitimate
ds-job-035,50,362.48,212.7,9.53,printing,independent,legitimate
ds-job-035,51,353.68,208.19,11.0,printing,independent,legitimate
ds-job-035,52,326.66,209.29,10.85,printing,independent,legitimate
ds-job-035,53,335.04,212.19,10.04,printing,independent,legitimate
ds-job-035,54,356.03,203.4,11.85,printing,independent,legitimate
ds-job-035,55,363.83,205.64,9.72,printing,independent,legitimate
ds-job-035,56,340.37,205.0,10.83,printing,independent,legitimate
ds-job-035,57,327.09,203.5,9.55,printing,independent,legitimate
ds-job-035,58,345.56,206.34,13.23,printing,independent,legitimate
ds-job-035,59,362.65,210.4,11.25,printing,independent,legitimate
ds-job-035,60,347.73,212.06,12.11,printing,independent,legitimate
ds-job-035,61,369.16,209.33,11.06,printing,independent,legitimate
ds-job-035,62,302.26,209.39,10.61,printing,independent,legitimate
ds-job-035,63,349.43,206.8,12.75,printing,independent,legitimate
ds-job-035,64,360.52,206.1,13.34,printing,independent,legitimate
ds-job-035,65,353.55,206.85,10.22,printing,independent,legitimate
ds-job-035,66,354.47,207.59,11.69,printing,independent,legitimate
ds-job-035,67,348.63,209.91,11.44,printing,independent,legitimate
ds-job-035,68,334.26,208.02,11.62,printing,independent,legitimate
ds-job-035,69,332.33,207.54,11.95,printing,independent,legitimate
ds-job-035,70,336.41,207.93,12.72,printing,independent,legitimate
ds-job-035,71,358.43,213.08,11.88,printing,independent,legitimate
ds-job-035,72,350.95,207.16,11.0,printing,independent,legitimate
ds-job-035,73,331.6,206.44,12.75,printing,independent,legitimate
ds-job-035,74,345.16,209.06,11.3,printing,independent,legitimate
ds-job-035,75,382.35,209.11,11.81,printing,independent,legitimate
ds-job-035,76,360.21,207.55,12.41,printing,independent,legitimate
ds-job-035,77,350.12,212.84,11.62,printing,independent,legitimate
ds-job-035,78,378.08,207.06,11.01,printing,independent,legitimate
ds-job-035,79,335.33,209.03,12.95,printing,independent,legitimate
ds-job-035,80,362.84,211.65,11.23,printing,independent,legitimate
ds-job-035,81,348.15,211.23,11.85,printing,independent,legitimate
ds-job-035,82,355.87,205.75,11.1,printing,independent,legitimate
ds-job-035,83,349.36,211.17,11.95,printing,independent,legitimate
ds-job-035,84,328.06,212.16,11.01,printing,independent,legitimate
ds-job-035,85,332.96,210.68,9.94,printing,independent,legitimate
ds-job-035,86,350.58,202.99,14.72,printing,independent,legitimate
ds-job-035,87,374.11,209.19,13.04,printing,independent,legitimate
ds-job-035,88,325.72,211.67,12.51,printing,independent,legitimate
ds-job-035,89,368.99,209.04,13.42,printing,independent,legitimate
ds-job-035,90,357.15,209.04,12.9,printing,independent,legitimate
ds-job-035,91,345.71,207.87,13.2,printing,independent,legitimate
ds-job-035,92,353.33,210.26,11.55,printing,independent,legitimate
ds-job-035,93,359.11,208.23,12.06,printing,independent,legitimate
ds-job-035,94,341.76,210.26,12.68,printing,independent,legitimate
ds-job-035,95,370.0,206.52,10.21,printing,independent,legitimate
ds-job-035,96,377.72,209.39,10.94,printing,independent,legitimate
ds-job-035,97,354.27,208.49,10.66,printing,independent,legitimate
ds-job-035,98,361.56,208.76,9.96,printing,independent,legitimate
ds-job-035,99,337.64,207.19,9.83,printing,independent,legitimate
ds-job-035,100,355.7,205.59,13.49,printing,independent,legitimate
ds-job-035,101,329.69,208.42,13.66,printing,independent,legitimate
ds-job-035,102,344.8,211.24,12.36,printing,independent,legitimate
ds-job-035,103,348.68,207.1,10.16,printing,independent,legitimate
ds-job-035,104,356.11,203.97,10.39,printing,independent,legitimate
ds-job-035,105,326.85,213.02,10.27,printing,independent,legitimate
ds-job-035,106,336.25,208.99,8.99,printing,independent,legitimate
ds-job-035,107,358.39,210.97,13.81,printing,independent,legitimate
ds-job-035,108,351.74,209.08,11.0,printing,independent,legitimate
ds-job-035,109,346.47,209.94,11.69,printing,independent,legitimate
ds-job-035,110,366.38,212.67,12.31,printing,independent,legitimate
ds-job-035,111,346.36,211.15,10.92,printing,independent,legitimate
ds-job-035,112,366.31,207.95,13.0,printing,independent,legitimate
ds-job-035,113,342.73,212.34,10.52,printing,independent,legitimate
ds-job-035,114,367.68,212.07,12.34,printing,independent,legitimate
ds-job-035,115,347.62,209.39,11.01,printing,independent,legitimate
ds-job-035,116,337.34,204.55,10.74,printing,independent,legitimate
ds-job-035,117,344.92,210.21,10.95,printing,independent,legitimate
ds-job-035,118,331.63,206.52,11.71,printing,independent,legitimate
ds-job-035,119,344.26,212.28,12.02,printing,independent,legitimate
ds-job-035,120,337.73,208.27,13.28,printing,independent,legitimate
ds-job-035,121,367.03,209.77,9.58,printing,independent,legitimate
ds-job-035,122,339.37,206.02,11.62,printing,independent,legitimate
ds-job-035,123,344.53,213.67,13.23,printing,independent,legitimate
ds-job-035,124,313.44,206.86,10.92,printing,independent,legitimate
ds-job-035,125,364.29,210.52,9.79,printing,independent,legitimate
ds-job-035,126,338.09,211.44,10.98,printing,independent,legitimate
ds-job-035,127,345.33,211.19,12.25,printing,independent,legitimate
ds-job-035,128,338.46,206.62,13.8,printing,independent,legitimate
ds-job-035,129,376.72,207.07,13.31,printing,independent,legitimate
ds-job-035,130,336.89,213.88,12.54,printing,independent,legitimate
ds-job-035,131,360.79,212.91,12.71,printing,independent,legitimate
ds-job-035,132,325.58,204.42,12.1,printing,independent,legitimate
ds-job-035,133,326.57,209.62,12.31,printing,independent,legitimate
ds-job-035,134,338.48,205.6,12.69,printing,independent,legitimate
ds-job-035,135,363.92,206.4,11.27,printing,independent,legitimate
ds-job-035,136,339.48,209.34,10.61,printing,independent,legitimate
ds-job-035,137,369.81,206.31,10.97,printing,independent,legitimate
ds-job-035,138,338.8,209.53,12.12,printing,independent,legitimate
ds-job-035,139,322.89,211.29,10.71,printing,independent,legitimate
ds-job-035,140,351.15,207.93,13.81,printing,independent,legitimate
ds-job-035,141,378.56,205.55,11.83,printing,independent,legitimate
ds-job-035,142,383.76,204.15,11.15,printing,independent,legitimate
ds-job-035,143,374.41,206.72,11.88,printing,independent,legitimate
ds-job-035,144,332.73,214.14,13.47,printing,independent,legitimate
ds-job-035,145,354.0,209.64,13.11,printing,independent,legitimate
ds-job-035,146,342.26,211.28,11.86,printing,independent,legitimate
ds-job-035,147,362.5,209.86,11.43,printing,independent,legitimate
ds-job-035,148,308.39,209.48,9.31,printing,independent,legitimate
ds-job-035,149,356.06,209.24,11.47,printing,independent,legitimate
ds-job-035,150,83.38,97.65,0.0,cooling,independent,legitimate
ds-job-035,151,68.16,76.47,0.0,cooling,independent,legitimate
ds-job-035,152,55.44,118.64,0.0,cooling,independent,legitimate
ds-job-035,153,61.19,122.05,0.0,cooling,independent,legitimate
ds-job-035,154,70.97,114.74,0.0,cooling,independent,legitimate
ds-job-035,155,66.26,125.18,0.0,cooling,independent,legitimate
ds-job-035,156,53.99,128.79,0.0,cooling,independent,legitimate
ds-job-035,157,62.88,96.67,0.0,cooling,independent,legitimate
ds-job-035,158,55.42,195.73,0.0,cooling,independent,legitimate
ds-job-035,159,52.86,130.92,0.0,cooling,independent,legitimate
ds-job-035,160,61.03,95.74,0.0,cooling,independent,legitimate
ds-job-035,161,65.82,52.21,0.0,cooling,independent,legitimate
ds-job-035,162,75.91,66.5,0.0,cooling,independent,legitimate
ds-job-035,163,73.07,116.91,0.0,cooling,independent,legitimate
ds-job-035,164,58.45,78.24,0.0,cooling,independent,legitimate
ds-job-035,165,73.36,135.35,0.0,cooling,independent,legitimate
ds-job-036,0,42.46,25.59,0.0,idle,independent,legitimate
ds-job-036,1,49.64,26.32,0.0,idle,independent,legitimate
ds-job-036,2,51.78,26.08,0.0,idle,independent,legitimate
ds-job-036,3,56.69,26.28,0.0,idle,independent,legitimate
ds-job-036,4,57.09,25.85,0.0,idle,independent,legitimate
ds-job-036,5,52.07,26.43,0.0,idle,independent,legitimate
ds-job-036,6,54.78,24.14,0.0,idle,independent,legitimate
ds-job-036,7,52.41,25.93,0.0,idle,independent,legitimate
ds-job-036,8,190.09,110.86,0.0,heating,independent,legitimate
ds-job-036,9,225.28,97.68,0.0,heating,independent,legitimate
ds-job-036,10,216.06,122.85,0.0,heating,independent,legitimate
ds-job-036,11,216.39,115.98,0.0,heating,independent,legitimate
ds-job-036,12,211.05,99.43,0.0,heating,independent,legitimate
ds-job-036,13,190.43,149.95,0.0,heating,independent,legitimate
ds-job-036,14,217.31,112.72,0.0,heating,independent,legitimate
ds-job-036,15,194.35,120.2,0.0,heating,independent,legitimate
ds-job-036,16,169.54,104.26,0.0,heating,independent,legitimate
ds-job-036,17,186.11,146.92,0.0,heating,independent,legitimate
ds-job-036,18,221.91,111.05,0.0,heating,independent,legitimate
ds-job-036,19,209.01,178.55,0.0,heating,independent,legitimate
ds-job-036,20,240.89,93.99,0.0,heating,independent,legitimate
ds-job-036,21,206.91,142.71,0.0,heating,independent,legitimate
ds-job-036,22,193.15,131.43,0.0,heating,independent,legitimate
ds-job-036,23,214.19,103.65,0.0,heating,independent,legitimate
ds-job-036,24,208.34,126.49,0.0,heating,independent,legitimate
ds-job-036,25,209.62,84.57,0.0,heating,independent,legitimate
ds-job-036,26,200.58,108.19,0.0,heating,independent,legitimate
ds-job-036,27,214.83,116.31,0.0,heating,independent,legitimate
ds-job-036,28,225.14,112.58,0.0,heating,independent,legitimate
ds-job-036,29,210.12,164.37,0.0,heating,independent,legitimate
ds-job-036,30,216.91,93.28,0.0,heating,independent,legitimate
ds-job-036,31,202.42,102.98,0.0,heating,independent,legitimate
ds-job-036,32,328.05,204.29,10.06,printing,independent,legitimate
ds-job-036,33,338.97,206.61,11.41,printing,independent,legitimate
ds-job-036,34,387.38,209.24,13.07,printing,independent,legitimate
ds-job-036,35,321.29,207.23,12.91,printing,independent,legitimate
ds-job-036,36,344.44,207.56,11.13,printing,independent,legitimate
ds-job-036,37,368.82,207.8,10.76,printing,independent,legitimate
ds-job-036,38,334.34,210.74,12.2,printing,independent,legitimate
ds-job-036,39,357.73,210.41,9.47,printing,independent,legitimate
ds-job-036,40,336.34,207.75,10.87,printing,independent,legitimate
ds-job-036,41,365.44,207.35,11.45,printing,independent,legitimate
ds-job-036,42,372.44,211.11,10.22,printing,independent,legitimate
ds-job-036,43,358.76,206.34,13.16,printing,independent,legitimate
ds-job-036,44,354.09,207.7,11.74,printing,independent,legitimate
ds-job-036,45,370.11,207.76,10.21,printing,independent,legitimate
ds-job-036,46,324.19,209.74,11.71,printing,independent,legitimate
ds-job-036,47,365.38,209.26,11.68,printing,independent,legitimate
ds-job-036,48,340.75,205.53,13.93,printing,independent,legitimate
ds-job-036,49,353.76,207.98,10.25,printing,independent,legitimate
ds-job-036,50,356.47,209.42,12.28,printing,independent,legitimate
ds-job-036,51,339.14,205.15,10.6,printing,independent,legitimate
ds-job-036,52,373.77,209.24,12.79,printing,independent,legitimate
ds-job-036,53,349.63,212.77,11.91,printing,independent,legitimate
ds-job-036,54,360.58,206.64,11.53,printing,independent,legitimate
ds-job-036,55,364.3,204.98,10.56,printing,independent,legitimate
ds-job-036,56,312.7,206.87,11.45,printing,independent,legitimate
ds-job-036,57,355.29,203.47,11.69,printing,independent,legitimate
ds-job-036,58,336.13,210.61,12.75,printing,independent,legitimate
ds-job-036,59,342.36,208.58,10.1,printing,independent,legitimate
ds-job-036,60,338.08,206.28,11.51,printing,independent,legitimate
ds-job-036,61,353.68,215.08,12.36,printing,independent,legitimate
ds-job-036,62,368.11,203.3,12.16,printing,independent,legitimate
ds-job-036,63,374.87,213.23,11.79,printing,independent,legitimate
ds-job-036,64,351.82,205.94,11.05,printing,independent,legitimate
ds-job-036,65,338.48,203.72,13.1,printing,independent,legitimate
ds-job-036,66,343.55,211.47,11.5,printing,independent,legitimate
ds-job-036,67,354.69,209.06,10.55,printing,independent,legitimate
ds-job-036,68,368.31,213.43,10.82,printing,independent,legitimate
ds-job-036,69,351.81,210.77,10.39,printing,independent,legitimate
ds-job-036,70,309.55,204.12,11.72,printing,independent,legitimate
ds-job-036,71,326.26,217.12,10.87,printing,independent,legitimate
ds-job-036,72,335.97,204.28,9.76,printing,independent,legitimate
ds-job-036,73,347.1,208.9,11.07,printing,independent,legitimate
ds-job-036,74,366.5,210.58,13.23,printing,independent,legitimate
ds-job-036,75,355.12,211.77,12.39,printing,independent,legitimate
ds-job-036,76,349.93,210.66,10.35,printing,independent,legitimate
ds-job-036,77,345.23,203.07,12.67,printing,independent,legitimate
ds-job-036,78,373.21,211.99,12.71,printing,independent,legitimate
ds-job-036,79,317.8,206.77,11.72,printing,independent,legitimate
ds-job-036,80,394.33,209.93,11.17,printing,independent,legitimate
ds-job-036,81,335.31,208.74,14.28,printing,independent,legitimate
ds-job-036,82,391.06,212.76,13.31,printing,independent,legitimate
ds-job-036,83,352.13,209.8,12.02,printing,independent,legitimate
ds-job-036,84,355.53,210.09,12.03,printing,independent,legitimate
ds-job-036,85,340.36,209.8,10.61,printing,independent,legitimate
ds-job-036,86,341.45,208.6,11.67,printing,independent,legitimate
ds-job-036,87,347.42,205.75,12.77,printing,independent,legitimate
ds-job-036,88,372.97,208.75,11.71,printing,independent,legitimate
ds-job-036,89,345.95,210.66,13.74,printing,independent,legitimate
ds-job-036,90,347.62,208.05,13.51,printing,independent,legitimate
ds-job-036,91,322.78,214.24,10.43,printing,independent,legitimate
ds-job-036,92,344.87,206.98,11.37,printing,independent,legitimate
ds-job-036,93,372.97,206.52,10.35,printing,independent,legitimate
ds-job-036,94,354.53,204.72,11.98,printing,independent,legitimate
ds-job-036,95,351.2,206.89,10.51,printing,independent,legitimate
ds-job-036,96,360.08,212.92,9.36,printing,independent,legitimate
ds-job-036,97,365.65,204.81,11.17,printing,independent,legitimate
ds-job-036,98,338.42,208.19,10.69,printing,independent,legitimate
ds-job-036,99,366.52,206.55,11.5,printing,independent,legitimate
ds-job-036,100,340.93,200.49,13.69,printing,independent,legitimate
ds-job-036,101,329.63,206.21,10.66,printing,independent,legitimate
ds-job-036,102,331.88,207.88,12.21,printing,independent,legitimate
ds-job-036,103,355.56,205.9,10.89,printing,independent,legitimate
ds-job-036,104,335.79,208.96,10.73,printing,independent,legitimate
ds-job-036,105,373.72,208.53,11.91,printing,independent,legitimate
ds-job-036,106,356.5,204.27,10.71,printing,independent,legitimate
ds-job-036,107,349.34,209.51,11.65,printing,independent,legitimate
ds-job-036,108,350.76,208.01,10.85,printing,independent,legitimate
ds-job-036,109,346.84,215.45,12.07,printing,independent,legitimate
ds-job-036,110,378.12,210.5,11.69,printing,independent,legitimate
ds-job-036,111,340.31,208.02,12.1,printing,independent,legitimate
ds-job-036,112,340.25,209.11,12.31,printing,independent,legitimate
ds-job-036,113,370.58,205.44,10.14,printing,independent,legitimate
ds-job-036,114,353.0,216.54,11.36,printing,independent,legitimate
ds-job-036,115,363.81,216.85,8.94,printing,independent,legitimate
ds-job-036,116,324.23,212.78,11.72,printing,independent,legitimate
ds-job-036,117,364.96,210.13,13.73,printing,independent,legitimate
ds-job-036,118,345.76,210.86,11.73,printing,independent,legitimate
ds-job-036,119,336.93,210.34,11.93,printing,independent,legitimate
ds-job-036,120,379.56,207.05,9.34,printing,independent,legitimate
ds-job-036,121,343.5,209.72,12.18,printing,independent,legitimate
ds-job-036,122,366.41,214.48,8.11,printing,independent,legitimate
ds-job-036,123,334.0,212.33,12.18,printing,independent,legitimate
ds-job-036,124,373.08,207.15,9.16,printing,independent,legitimate
ds-job-036,125,347.74,209.03,11.45,printing,independent,legitimate
ds-job-036,126,339.46,207.99,11.72,printing,independent,legitimate
ds-job-036,127,356.73,205.53,11.1,printing,independent,legitimate
ds-job-036,128,377.27,207.05,11.15,printing,independent,legitimate
ds-job-036,129,349.0,207.3,12.88,printing,independent,legitimate
ds-job-036,130,353.07,213.77,9.47,printing,independent,legitimate
ds-job-036,131,336.97,210.13,10.26,printing,independent,legitimate
ds-job-036,132,359.04,202.76,11.8,printing,independent,legitimate
ds-job-036,133,366.41,209.16,13.21,printing,independent,legitimate
ds-job-036,134,381.72,210.84,12.1,printing,independent,legitimate
ds-job-036,135,340.95,209.6,11.11,printing,independent,legitimate
ds-job-036,136,360.08,207.84,11.06,printing,independent,legitimate
ds-job-036,137,338.33,210.06,10.74,printing,independent,legitimate
ds-job-036,138,337.8,210.41,10.75,printing,independent,legitimate
ds-job-036,139,367.5,208.64,13.28,printing,independent,legitimate
ds-job-036,140,355.51,211.13,13.0,printing,independent,legitimate
ds-job-036,141,335.46,204.86,9.11,printing,independent,legitimate
ds-job-036,142,324.88,208.77,11.65,printing,independent,legitimate
ds-job-036,143,343.8,208.26,11.44,printing,independent,legitimate
ds-job-036,144,322.4,211.85,11.87,printing,independent,legitimate
ds-job-036,145,331.98,208.98,11.1,printing,independent,legitimate
ds-job-036,146,360.75,204.03,11.84,printing,independent,legitimate
ds-job-036,147,72.73,102.03,0.0,cooling,independent,legitimate
ds-job-036,148,61.19,74.46,0.0,cooling,independent,legitimate
ds-job-036,149,73.58,92.38,0.0,cooling,independent,legitimate
ds-job-036,150,56.8,141.42,0.0,cooling,independent,legitimate
ds-job-036,151,56.93,149.28,0.0,cooling,independent,legitimate
ds-job-036,152,56.63,75.19,0.0,cooling,independent,legitimate
ds-job-036,153,55.24,140.89,0.0,cooling,independent,legitimate
ds-job-036,154,54.14,66.33,0.0,cooling,independent,legitimate
ds-job-036,155,69.91,142.07,0.0,cooling,independent,legitimate
ds-job-036,156,70.81,100.13,0.0,cooling,independent,legitimate
ds-job-036,157,53.86,129.82,0.0,cooling,independent,legitimate
ds-job-036,158,57.06,90.89,0.0,cooling,independent,legitimate
ds-job-036,159,64.42,118.63,0.0,cooling,independent,legitimate
ds-job-036,160,75.23,142.04,0.0,cooling,independent,legitimate
ds-job-036,161,77.53,87.39,0.0,cooling,independent,legitimate
ds-job-036,162,67.63,88.59,0.0,cooling,independent,legitimate
ds-job-037,0,48.87,27.93,0.0,idle,independent,sabotaged
ds-job-037,1,48.41,25.76,0.0,idle,independent,sabotaged
ds-job-037,2,52.52,25.31,0.0,idle,independent,sabotaged
ds-job-037,3,49.8,25.2,0.0,idle,independent,sabotaged
ds-job-037,4,52.59,22.06,0.0,idle,independent,sabotaged
ds-job-037,5,49.33,26.16,0.0,idle,independent,sabotaged
ds-job-037,6,47.17,24.32,0.0,idle,independent,sabotaged
ds-job-037,7,45.17,26.34,0.0,idle,independent,sabotaged
ds-job-037,8,218.13,139.9,0.0,heating,independent,sabotaged
ds-job-037,9,189.08,95.63,0.0,heating,independent,sabotaged
ds-job-037,10,187.05,86.52,0.0,heating,independent,sabotaged
ds-job-037,11,191.41,68.54,0.0,heating,independent,sabotaged
ds-job-037,12,190.43,153.46,0.0,heating,independent,sabotaged
ds-job-037,13,200.99,121.91,0.0,heating,independent,sabotaged
ds-job-037,14,217.85,105.04,0.0,heating,independent,sabotaged
ds-job-037,15,217.81,121.24,0.0,heating,independent,sabotaged
ds-job-037,16,215.32,121.53,0.0,heating,independent,sabotaged
ds-job-037,17,208.83,118.0,0.0,heating,independent,sabotaged
ds-job-037,18,205.5,110.36,0.0,heating,independent,sabotaged
ds-job-037,19,215.53,119.42,0.0,heating,independent,sabotaged
ds-job-037,20,177.81,108.73,0.0,heating,independent,sabotaged
ds-job-037,21,191.95,134.31,0.0,heating,independent,sabotaged
ds-job-037,22,202.57,148.39,0.0,heating,independent,sabotaged
ds-job-037,23,180.59,155.84,0.0,heating,independent,sabotaged
ds-job-037,24,218.45,102.33,0.0,heating,independent,sabotaged
ds-job-037,25,182.59,141.5,0.0,heating,independent,sabotaged
ds-job-037,26,219.03,147.88,0.0,heating,independent,sabotaged
ds-job-037,27,213.82,150.89,0.0,heating,independent,sabotaged
ds-job-037,28,217.43,149.1,0.0,heating,independent,sabotaged
ds-job-037,29,196.62,121.28,0.0,heating,independent,sabotaged
ds-job-037,30,247.93,103.31,0.0,heating,independent,sabotaged
ds-job-037,31,209.88,137.71,0.0,heating,independent,sabotaged
ds-job-037,32,182.06,181.72,0.0,heating,independent,sabotaged
ds-job-037,33,374.15,209.95,10.95,printing,independent,sabotaged
ds-job-037,34,340.97,212.71,11.85,printing,independent,sabotaged
ds-job-037,35,387.04,208.49,11.07,printing,independent,sabotaged
ds-job-037,36,334.52,205.75,12.83,printing,independent,sabotaged
ds-job-037,37,398.34,211.64,10.7,printing,independent,sabotaged
ds-job-037,38,373.89,213.88,11.06,printing,independent,sabotaged
ds-job-037,39,364.75,210.68,14.48,printing,independent,sabotaged
ds-job-037,40,325.26,209.45,13.73,printing,independent,sabotaged
ds-job-037,41,347.51,205.6,9.59,printing,independent,sabotaged
ds-job-037,42,357.15,208.67,12.08,printing,independent,sabotaged
ds-job-037,43,362.16,205.66,12.65,printing,independent,sabotaged
ds-job-037,44,368.42,209.88,10.32,printing,independent,sabotaged
ds-job-037,45,331.37,204.49,9.45,printing,independent,sabotaged
ds-job-037,46,331.91,210.03,13.27,printing,independent,sabotaged
ds-job-037,47,339.37,208.1,13.78,printing,independent,sabotaged
ds-job-037,48,313.24,207.86,11.12,printing,independent,sabotaged
ds-job-037,49,343.99,208.45,11.54,printing,independent,sabotaged
ds-job-037,50,345.6,210.12,10.13,printing,independent,sabotaged
ds-job-037,51,351.91,208.74,10.89,printing,independent,sabotaged
ds-job-037,52,361.66,210.5,10.86,printing,independent,sabotaged
ds-job-037,53,346.24,206.33,13.84,printing,independent,sabotaged
ds-job-037,54,344.38,208.73,10.26,printing,independent,sabotaged
ds-job-037,55,360.64,207.6,13.78,printing,independent,sabotaged
ds-job-037,56,307.97,211.05,14.43,printing,independent,sabotaged
ds-job-037,57,358.14,206.83,11.46,printing,independent,sabotaged
ds-job-037,58,334.07,208.78,11.64,printing,independent,sabotaged
ds-job-037,59,337.66,207.99,9.09,printing,independent,sabotaged
ds-job-037,60,323.48,206.77,13.05,printing,independent,sabotaged
ds-job-037,61,357.85,209.69,12.33,printing,independent,sabotaged
ds-job-037,62,360.49,211.09,12.04,printing,independent,sabotaged
ds-job-037,63,371.04,208.29,13.44,printing,independent,sabotaged
ds-job-037,64,363.08,204.5,11.83,printing,independent,sabotaged
ds-job-037,65,357.01,210.68,11.52,printing,independent,sabotaged
ds-job-037,66,360.58,205.52,9.34,printing,independent,sabotaged
ds-job-037,67,348.7,205.23,14.09,printing,independent,sabotaged
ds-job-037,68,357.25,210.82,12.38,printing,independent,sabotaged
ds-job-037,69,359.34,210.17,11.99,printing,independent,sabotaged
ds-job-037,70,338.63,210.06,12.0,printing,independent,sabotaged
ds-job-037,71,315.98,212.17,10.34,printing,independent,sabotaged
ds-job-037,72,333.2,207.55,12.67,printing,independent,sabotaged
ds-job-037,73,338.34,211.79,9.77,printing,independent,sabotaged
ds-job-037,74,360.53,212.11,8.23,printing,independent,sabotaged
ds-job-037,75,376.42,211.97,11.88,printing,independent,sabotaged
ds-job-037,76,384.25,212.41,11.92,printing,independent,sabotaged
ds-job-037,77,372.93,208.61,11.61,printing,independent,sabotaged
ds-job-037,78,335.8,209.78,13.3,printing,independent,sabotaged
ds-job-037,79,338.59,208.19,13.03,printing,independent,sabotaged
ds-job-037,80,369.67,205.03,11.96,printing,independent,sabotaged
ds-job-037,81,350.45,206.52,12.37,printing,independent,sabotaged
ds-job-037,82,354.64,209.6,10.97,printing,independent,sabotaged
ds-job-037,83,325.25,205.04,11.71,printing,independent,sabotaged
ds-job-037,84,363.05,212.62,12.92,printing,independent,sabotaged
ds-job-037,85,376.64,208.14,11.97,printing,independent,sabotaged
ds-job-037,86,368.55,210.25,10.4,printing,independent,sabotaged
ds-job-037,87,342.36,205.14,11.13,printing,independent,sabotaged
ds-job-037,88,337.38,209.1,12.1,printing,independent,sabotaged
ds-job-037,89,353.56,207.05,10.99,printing,independent,sabotaged
ds-job-037,90,336.67,205.82,9.33,printing,independent,sabotaged
ds-job-037,91,346.79,206.6,10.5,printing,independent,sabotaged
ds-job-037,92,290.0,216.5,0.0,printing,independent,sabotaged
ds-job-037,93,290.0,207.49,0.0,printing,independent,sabotaged
ds-job-037,94,290.0,209.93,0.0,printing,independent,sabotaged
ds-job-037,95,358.28,210.1,12.72,printing,independent,sabotaged
ds-job-037,96,312.52,206.48,10.22,printing,independent,sabotaged
ds-job-037,97,356.68,206.67,10.64,printing,independent,sabotaged
ds-job-037,98,369.3,215.16,11.2,printing,independent,sabotaged
ds-job-037,99,338.93,209.28,12.27,printing,independent,sabotaged
ds-job-037,100,340.65,207.86,10.36,printing,independent,sabotaged
ds-job-037,101,359.53,204.39,10.99,printing,independent,sabotaged
ds-job-037,102,354.87,207.77,10.95,printing,independent,sabotaged
ds-job-037,103,334.64,207.83,10.83,printing,independent,sabotaged
ds-job-037,104,375.9,213.77,10.14,printing,independent,sabotaged
ds-job-037,105,302.23,208.94,10.49,printing,independent,sabotaged
ds-job-037,106,372.22,207.88,12.2,printing,independent,sabotaged
ds-job-037,107,358.77,211.46,11.67,printing,independent,sabotaged
ds-job-037,108,343.43,207.58,9.95,printing,independent,sabotaged
ds-job-037,109,369.0,204.94,8.79,printing,independent,sabotaged
ds-job-037,110,379.86,206.81,11.78,printing,independent,sabotaged
ds-job-037,111,364.66,207.72,12.92,printing,independent,sabotaged
ds-job-037,112,334.97,201.68,10.71,printing,independent,sabotaged
ds-job-037,113,374.25,210.97,12.1,printing,independent,sabotaged
ds-job-037,114,349.12,202.73,14.63,printing,independent,sabotaged
ds-job-037,115,350.47,205.44,11.02,printing,independent,sabotaged
ds-job-037,116,334.4,214.69,10.1,printing,independent,sabotaged
ds-job-037,117,360.96,206.81,10.62,printing,independent,sabotaged
ds-job-037,118,365.75,205.46,11.39,printing,independent,sabotaged
ds-job-037,119,351.17,210.61,12.5,printing,independent,sabotaged
ds-job-037,120,317.19,205.78,12.18,printing,independent,sabotaged
ds-job-037,121,347.7,208.76,10.16,printing,independent,sabotaged
ds-job-037,122,362.42,204.14,10.23,printing,independent,sabotaged
ds-job-037,123,336.83,207.44,11.92,printing,independent,sabotaged
ds-job-037,124,330.56,211.95,12.95,printing,independent,sabotaged
ds-job-037,125,355.21,205.24,11.34,printing,independent,sabotaged
ds-job-037,126,331.66,209.21,9.99,printing,independent,sabotaged
ds-job-037,127,328.59,210.55,11.82,printing,independent,sabotaged
ds-job-037,128,337.33,213.24,12.21,printing,independent,sabotaged
ds-job-037,129,353.94,212.32,12.61,printing,independent,sabotaged
ds-job-037,130,338.44,211.95,12.12,printing,independent,sabotaged
ds-job-037,131,329.59,205.85,11.71,printing,independent,sabotaged
ds-job-037,132,352.62,208.08,11.81,printing,independent,sabotaged
ds-job-037,133,366.09,209.93,10.76,printing,independent,sabotaged
ds-job-037,134,365.1,208.31,8.72,printing,independent,sabotaged
ds-job-037,135,340.59,204.64,9.91,printing,independent,sabotaged
ds-job-037,136,344.24,212.27,10.84,printing,independent,sabotaged
ds-job-037,137,349.29,207.4,11.57,printing,independent,sabotaged
ds-job-037,138,382.32,205.72,11.66,printing,independent,sabotaged
ds-job-037,139,320.42,205.22,10.38,printing,independent,sabotaged
ds-job-037,140,340.51,210.44,10.66,printing,independent,sabotaged
ds-job-037,141,363.61,209.3,9.46,printing,independent,sabotaged
ds-job-037,142,354.18,200.51,11.97,printing,independent,sabotaged
ds-job-037,143,332.13,206.28,10.27,printing,independent,sabotaged
ds-job-037,144,350.54,208.3,12.01,printing,independent,sabotaged
ds-job-037,145,339.46,214.57,8.78,printing,independent,sabotaged
ds-job-037,146,347.92,206.43,12.63,printing,independent,sabotaged
ds-job-037,147,322.07,213.91,10.34,printing,independent,sabotaged
ds-job-037,148,351.98,207.94,9.89,printing,independent,sabotaged
ds-job-037,149,329.48,208.39,11.7,printing,independent,sabotaged
ds-job-037,150,362.22,212.03,10.79,printing,independent,sabotaged
ds-job-037,151,54.41,100.16,0.0,cooling,independent,sabotaged
ds-job-037,152,51.62,114.66,0.0,cooling,independent,sabotaged
ds-job-037,153,63.71,108.1,0.0,cooling,independent,sabotaged
ds-job-037,154,76.53,89.45,0.0,cooling,independent,sabotaged
ds-job-037,155,60.05,57.37,0.0,cooling,independent,sabotaged
ds-job-037,156,59.83,130.34,0.0,cooling,independent,sabotaged
ds-job-037,157,68.18,133.3,0.0,cooling,independent,sabotaged
ds-job-037,158,58.11,137.24,0.0,cooling,independent,sabotaged
ds-job-037,159,65.33,110.45,0.0,cooling,independent,sabotaged
ds-job-037,160,61.87,128.78,0.0,cooling,independent,sabotaged
ds-job-037,161,53.74,70.41,0.0,cooling,independent,sabotaged
ds-job-037,162,75.83,79.69,0.0,cooling,independent,sabotaged
ds-job-037,163,56.74,145.65,0.0,cooling,independent,sabotaged
ds-job-037,164,53.76,93.97,0.0,cooling,independent,sabotaged
ds-job-037,165,67.26,129.12,0.0,cooling,independent,sabotaged
ds-job-037,166,65.14,76.1,0.0,cooling,independent,sabotaged
ds-job-038,0,50.18,27.65,0.0,idle,independent,legitimate
ds-job-038,1,48.62,25.42,0.0,idle,independent,legitimate
ds-job-038,2,47.35,23.43,0.0,idle,independent,legitimate
ds-job-038,3,51.36,24.64,0.0,idle,independent,legitimate
ds-job-038,4,49.26,24.89,0.0,idle,independent,legitimate
ds-job-038,5,55.48,24.9,0.0,idle,independent,legitimate
ds-job-038,6,51.53,27.41,0.0,idle,independent,legitimate
ds-job-038,7,52.97,24.09,0.0,idle,independent,legitimate
ds-job-038,8,200.12,112.38,0.0,heating,independent,legitimate
ds-job-038,9,222.03,122.53,0.0,heating,independent,legitimate
ds-job-038,10,195.1,109.56,0.0,heating,independent,legitimate
ds-job-038,11,189.66,95.48,0.0,heating,independent,legitimate
ds-job-038,12,199.7,119.8,0.0,heating,independent,legitimate
ds-job-038,13,203.35,105.37,0.0,heating,independent,legitimate
ds-job-038,14,199.06,150.33,0.0,heating,independent,legitimate
ds-job-038,15,205.81,156.91,0.0,heating,independent,legitimate
ds-job-038,16,195.14,72.91,0.0,heating,independent,legitimate
ds-job-038,17,207.0,145.75,0.0,heating,independent,legitimate
ds-job-038,18,214.97,107.86,0.0,heating,independent,legitimate
ds-job-038,19,209.05,60.58,0.0,heating,independent,legitimate
ds-job-038,20,176.98,135.25,0.0,heating,independent,legitimate
ds-job-038,21,207.7,135.06,0.0,heating,independent,legitimate
ds-job-038,22,204.5,154.56,0.0,heating,independent,legitimate
ds-job-038,23,225.05,93.58,0.0,heating,independent,legitimate
ds-job-038,24,210.84,135.56,0.0,heating,independent,legitimate
ds-job-038,25,220.64,101.59,0.0,heating,independent,legitimate
ds-job-038,26,237.4,72.79,0.0,heating,independent,legitimate
ds-job-038,27,215.21,153.3,0.0,heating,independent,legitimate
ds-job-038,28,184.93,133.06,0.0,heating,independent,legitimate
ds-job-038,29,215.69,110.32,0.0,heating,independent,legitimate
ds-job-038,30,182.97,72.94,0.0,heating,independent,legitimate
ds-job-038,31,219.28,109.23,0.0,heating,independent,legitimate
ds-job-038,32,362.14,213.14,12.48,printing,independent,legitimate
ds-job-038,33,352.37,206.61,10.08,printing,independent,legitimate
ds-job-038,34,369.14,206.35,11.11,printing,independent,legitimate
ds-job-038,35,363.81,215.54,11.35,printing,independent,legitimate
ds-job-038,36,351.9,212.19,10.78,printing,independent,legitimate
ds-job-038,37,345.67,211.67,10.53,printing,independent,legitimate
ds-job-038,38,348.24,210.45,10.9,printing,independent,legitimate
ds-job-038,39,324.61,210.1,11.24,printing,independent,legitimate
ds-job-038,40,341.57,209.17,14.29,printing,independent,legitimate
ds-job-038,41,350.24,206.6,10.53,printing,independent,legitimate
ds-job-038,42,337.46,211.91,10.72,printing,independent,legitimate
ds-job-038,43,343.83,206.9,12.07,printing,independent,legitimate
ds-job-038,44,355.73,210.73,12.47,printing,independent,legitimate
ds-job-038,45,341.46,203.82,11.48,printing,independent,legitimate
ds-job-038,46,351.93,212.75,11.91,printing,independent,legitimate
ds-job-038,47,346.02,210.16,10.58,printing,independent,legitimate
ds-job-038,48,333.39,209.49,11.84,printing,independent,legitimate
ds-job-038,49,358.25,208.83,12.1,printing,independent,legitimate
ds-job-038,50,393.94,212.81,9.26,printing,independent,legitimate
ds-job-038,51,342.05,206.59,11.31,printing,independent,legitimate
ds-job-038,52,360.71,208.94,12.67,printing,independent,legitimate
ds-job-038,53,350.72,211.19,12.88,printing,independent,legitimate
ds-job-038,54,347.63,210.81,10.45,printing,independent,legitimate
ds-job-038,55,344.96,214.02,11.15,printing,independent,legitimate
ds-job-038,56,328.53,204.55,11.72,printing,independent,legitimate
ds-job-038,57,320.33,210.78,10.25,printing,independent,legitimate
ds-job-038,58,345.53,208.7,10.76,printing,independent,legitimate
ds-job-038,59,335.35,208.11,10.9,printing,independent,legitimate
ds-job-038,60,343.72,205.63,11.89,printing,independent,legitimate
ds-job-038,61,341.01,211.0,10.54,printing,independent,legitimate
ds-job-038,62,335.88,201.69,12.67,printing,independent,legitimate
ds-job-038,63,361.16,207.9,10.66,printing,independent,legitimate
ds-job-038,64,324.58,210.11,12.6,printing,independent,legitimate
ds-job-038,65,330.03,209.83,12.31,printing,independent,legitimate
ds-job-038,66,354.47,210.97,10.63,printing,independent,legitimate
ds-job-038,67,363.62,212.8,11.56,printing,independent,legitimate
ds-job-038,68,360.88,211.5,10.79,printing,independent,legitimate
ds-job-038,69,342.94,205.32,9.53,printing,independent,legitimate
ds-job-038,70,339.97,203.4,11.43,printing,independent,legitimate
ds-job-038,71,344.92,207.62,13.3,printing,independent,legitimate
ds-job-038,72,351.58,217.32,9.33,printing,independent,legitimate
ds-job-038,73,368.51,209.47,10.44,printing,independent,legitimate
ds-job-038,74,333.54,209.44,9.54,printing,independent,legitimate
ds-job-038,75,366.41,210.31,13.26,printing,independent,legitimate
ds-job-038,76,360.83,209.62,13.59,printing,independent,legitimate
ds-job-038,77,343.17,213.06,11.86,printing,independent,legitimate
ds-job-038,78,326.6,212.07,12.16,printing,independent,legitimate
ds-job-038,79,366.02,211.24,13.66,printing,independent,legitimate
ds-job-038,80,361.25,208.4,11.15,printing,independent,legitimate
ds-job-038,81,343.32,209.3,9.21,printing,independent,legitimate
ds-job-038,82,352.16,206.5,12.74,printing,independent,legitimate
ds-job-038,83,361.76,211.9,12.82,printing,independent,legitimate
ds-job-038,84,357.96,210.65,12.45,printing,independent,legitimate
ds-job-038,85,346.3,209.69,12.03,printing,independent,legitimate
ds-job-038,86,325.23,208.98,11.48,printing,independent,legitimate
ds-job-038,87,357.73,208.89,12.15,printing,independent,legitimate
ds-job-038,88,346.98,208.62,9.95,printing,independent,legitimate
ds-job-038,89,357.08,207.09,11.07,printing,independent,legitimate
ds-job-038,90,321.84,212.82,11.44,printing,independent,legitimate
ds-job-038,91,366.39,207.36,10.61,printing,independent,legitimate
ds-job-038,92,355.39,208.37,12.53,printing,independent,legitimate
ds-job-038,93,372.0,211.7,11.04,printing,independent,legitimate
ds-job-038,94,328.49,211.17,10.21,printing,independent,legitimate
ds-job-038,95,342.55,209.17,13.55,printing,independent,legitimate
ds-job-038,96,361.82,204.46,9.75,printing,independent,legitimate
ds-job-038,97,334.06,208.69,10.96,printing,independent,legitimate
ds-job-038,98,364.89,204.68,11.24,printing,independent,legitimate
ds-job-038,99,358.53,209.11,10.73,printing,independent,legitimate
ds-job-038,100,329.99,208.86,11.11,printing,independent,legitimate
ds-job-038,101,343.92,212.86,12.13,printing,independent,legitimate
ds-job-038,102,364.85,214.45,10.27,printing,independent,legitimate
ds-job-038,103,340.62,207.51,10.43,printing,independent,legitimate
ds-job-038,104,337.09,204.07,10.12,printing,independent,legitimate
ds-job-038,105,344.01,207.2,12.05,printing,independent,legitimate
ds-job-038,106,356.13,208.03,12.76,printing,independent,legitimate
ds-job-038,107,357.25,205.0,10.84,printing,independent,legitimate
ds-job-038,108,377.24,208.53,11.82,printing,independent,legitimate
ds-job-038,109,363.75,203.32,10.67,printing,independent,legitimate
ds-job-038,110,363.01,214.43,10.16,printing,independent,legitimate
ds-job-038,111,377.21,207.23,10.95,printing,independent,legitimate
ds-job-038,112,327.48,207.43,12.72,printing,independent,legitimate
ds-job-038,113,356.06,213.41,10.32,printing,independent,legitimate
ds-job-038,114,343.7,209.11,12.77,printing,independent,legitimate
ds-job-038,115,338.77,207.3,10.47,printing,independent,legitimate
ds-job-038,116,327.22,206.19,11.59,printing,independent,legitimate
ds-job-038,117,323.34,207.64,12.35,printing,independent,legitimate
ds-job-038,118,351.4,211.12,10.91,printing,independent,legitimate
ds-job-038,119,364.82,206.34,14.48,printing,independent,legitimate
ds-job-038,120,354.35,206.8,9.01,printing,independent,legitimate
ds-job-038,121,343.5,211.45,10.43,printing,independent,legitimate
ds-job-038,122,338.8,213.97,12.2,printing,independent,legitimate
ds-job-038,123,363.47,211.53,11.63,printing,independent,legitimate
ds-job-038,124,349.37,204.22,12.69,printing,independent,legitimate
ds-job-038,125,353.55,207.22,10.1,printing,independent,legitimate
ds-job-038,126,338.74,207.66,10.07,printing,independent,legitimate
ds-job-038,127,336.99,211.62,11.2,printing,independent,legitimate
ds-job-038,128,321.8,204.86,12.08,printing,independent,legitimate
ds-job-038,129,366.55,215.59,12.47,printing,independent,legitimate
ds-job-038,130,359.23,208.23,12.96,printing,independent,legitimate
ds-job-038,131,371.99,203.0,11.81,printing,independent,legitimate
ds-job-038,132,359.51,209.8,10.67,printing,independent,legitimate
ds-job-038,133,323.28,209.33,11.31,printing,independent,legitimate
ds-job-038,134,352.33,212.84,9.72,printing,independent,legitimate
ds-job-038,135,353.78,212.89,13.45,printing,independent,legitimate
ds-job-038,136,364.48,206.46,11.71,printing,independent,legitimate
ds-job-038,137,329.23,208.5,12.3,printing,independent,legitimate
ds-job-038,138,313.52,208.78,9.7,printing,independent,legitimate
ds-job-038,139,344.74,208.32,11.85,printing,independent,legitimate
ds-job-038,140,343.89,204.26,12.05,printing,independent,legitimate
ds-job-038,141,350.64,211.04,13.35,printing,independent,legitimate
ds-job-038,142,341.8,210.26,11.09,printing,independent,legitimate
ds-job-038,143,351.45,204.94,11.96,printing,independent,legitimate
ds-job-038,144,369.02,206.61,13.82,printing,independent,legitimate
ds-job-038,145,75.13,135.56,0.0,cooling,independent,legitimate
ds-job-038,146,65.05,139.92,0.0,cooling,independent,legitimate
ds-job-038,147,54.16,69.9,0.0,cooling,independent,legitimate
ds-job-038,148,61.26,79.93,0.0,cooling,independent,legitimate
ds-job-038,149,73.13,91.62,0.0,cooling,independent,legitimate
ds-job-038,150,60.99,151.12,0.0,cooling,independent,legitimate
ds-job-038,151,76.18,100.42,0.0,cooling,independent,legitimate
ds-job-038,152,79.61,78.07,0.0,cooling,independent,legitimate
ds-job-038,153,72.79,107.37,0.0,cooling,independent,legitimate
ds-job-038,154,58.71,115.47,0.0,cooling,independent,legitimate
ds-job-038,155,76.51,131.07,0.0,cooling,independent,legitimate
ds-job-038,156,88.84,138.08,0.0,cooling,independent,legitimate
ds-job-038,157,73.83,153.76,0.0,cooling,independent,legitimate
ds-job-038,158,53.45,112.35,0.0,cooling,independent,legitimate
ds-job-038,159,74.13,161.67,0.0,cooling,independent,legitimate
ds-job-038,160,70.97,111.3,0.0,cooling,independent,legitimate
ds-job-039,0,47.56,20.54,0.0,idle,independent,legitimate
ds-job-039,1,52.22,27.09,0.0,idle,independent,legitimate
ds-job-039,2,53.69,24.78,0.0,idle,independent,legitimate
ds-job-039,3,48.79,24.34,0.0,idle,independent,legitimate
ds-job-039,4,213.74,103.89,0.0,heating,independent,legitimate
ds-job-039,5,208.65,123.37,0.0,heating,independent,legitimate
ds-job-039,6,195.3,81.87,0.0,heating,independent,legitimate
ds-job-039,7,229.83,112.8,0.0,heating,independent,legitimate
ds-job-039,8,189.92,132.57,0.0,heating,independent,legitimate
ds-job-039,9,196.83,129.51,0.0,heating,independent,legitimate
ds-job-039,10,186.41,114.05,0.0,heating,independent,legitimate
ds-job-039,11,202.74,88.63,0.0,heating,independent,legitimate
ds-job-039,12,221.49,111.51,0.0,heating,independent,legitimate
ds-job-039,13,213.89,186.43,0.0,heating,independent,legitimate
ds-job-039,14,229.77,127.66,0.0,heating,independent,legitimate
ds-job-039,15,207.74,186.19,0.0,heating,independent,legitimate
ds-job-039,16,212.36,110.46,0.0,heating,independent,legitimate
ds-job-039,17,198.4,106.63,0.0,heating,independent,legitimate
ds-job-039,18,333.09,218.0,12.32,printing,independent,legitimate
ds-job-039,19,363.28,213.73,10.07,printing,independent,legitimate
ds-job-039,20,329.42,206.71,13.47,printing,independent,legitimate
ds-job-039,21,374.87,209.14,9.26,printing,independent,legitimate
ds-job-039,22,356.15,206.29,12.01,printing,independent,legitimate
ds-job-039,23,342.21,211.6,12.1,printing,independent,legitimate
ds-job-039,24,325.99,212.98,12.69,printing,independent,legitimate
ds-job-039,25,337.94,206.0,11.48,printing,independent,legitimate
ds-job-039,26,317.01,209.57,12.15,printing,independent,legitimate
ds-job-039,27,394.12,204.89,10.55,printing,independent,legitimate
ds-job-039,28,344.06,211.0,10.51,printing,independent,legitimate
ds-job-039,29,363.1,208.39,11.0,printing,independent,legitimate
ds-job-039,30,333.4,207.43,8.88,printing,independent,legitimate
ds-job-039,31,350.37,208.14,12.11,printing,independent,legitimate
ds-job-039,32,380.21,211.92,13.31,printing,independent,legitimate
ds-job-039,33,336.94,214.69,10.95,printing,independent,legitimate
ds-job-039,34,360.81,215.39,11.26,printing,independent,legitimate
ds-job-039,35,372.73,213.5,13.13,printing,independent,legitimate
ds-job-039,36,312.28,205.32,11.39,printing,independent,legitimate
ds-job-039,37,333.28,207.72,12.54,printing,independent,legitimate
ds-job-039,38,311.64,210.3,12.64,printing,independent,legitimate
ds-job-039,39,358.47,210.38,10.91,printing,independent,legitimate
ds-job-039,40,338.93,212.74,10.49,printing,independent,legitimate
ds-job-039,41,326.2,211.01,12.67,printing,independent,legitimate
ds-job-039,42,328.44,205.39,13.09,printing,independent,legitimate
ds-job-039,43,330.41,207.3,12.95,printing,independent,legitimate
ds-job-039,44,307.75,208.94,11.98,printing,independent,legitimate
ds-job-039,45,362.88,204.74,12.99,printing,independent,legitimate
ds-job-039,46,362.72,206.34,10.57,printing,independent,legitimate
ds-job-039,47,349.94,205.6,12.4,printing,independent,legitimate
ds-job-039,48,339.87,210.91,12.87,printing,independent,legitimate
ds-job-039,49,337.34,209.43,11.66,printing,independent,legitimate
ds-job-039,50,334.37,205.39,13.05,printing,independent,legitimate
ds-job-039,51,346.49,201.26,10.47,printing,independent,legitimate
ds-job-039,52,341.38,205.04,11.91,printing,independent,legitimate
ds-job-039,53,349.62,211.48,10.5,printing,independent,legitimate
ds-job-039,54,358.74,209.8,11.27,printing,independent,legitimate
ds-job-039,55,337.12,210.97,11.1,printing,independent,legitimate
ds-job-039,56,349.87,209.03,12.35,printing,independent,legitimate
ds-job-039,57,329.8,206.19,9.78,printing,independent,legitimate
ds-job-039,58,315.61,205.86,10.95,printing,independent,legitimate
ds-job-039,59,376.1,212.84,12.17,printing,independent,legitimate
ds-job-039,60,376.23,206.98,9.69,printing,independent,legitimate
ds-job-039,61,357.36,211.34,10.13,printing,independent,legitimate
ds-job-039,62,353.35,209.39,12.07,printing,independent,legitimate
ds-job-039,63,336.02,209.75,10.67,printing,independent,legitimate
ds-job-039,64,373.05,204.52,10.06,printing,independent,legitimate
ds-job-039,65,350.29,210.3,9.96,printing,independent,legitimate
ds-job-039,66,350.67,213.62,11.67,printing,independent,legitimate
ds-job-039,67,360.87,206.93,11.24,printing,independent,legitimate
ds-job-039,68,347.36,205.33,12.75,printing,independent,legitimate
ds-job-039,69,340.21,203.53,9.29,printing,independent,legitimate
ds-job-039,70,349.61,211.81,11.43,printing,independent,legitimate
ds-job-039,71,352.99,211.75,12.85,printing,independent,legitimate
ds-job-039,72,345.25,204.77,10.5,printing,independent,legitimate
ds-job-039,73,334.72,211.61,11.73,printing,independent,legitimate
ds-job-039,74,349.14,209.04,12.96,printing,independent,legitimate
ds-job-039,75,351.95,211.34,12.79,printing,independent,legitimate
ds-job-039,76,326.59,212.4,8.38,printing,independent,legitimate
ds-job-039,77,359.62,205.18,10.21,printing,independent,legitimate
ds-job-039,78,365.86,207.86,12.06,printing,independent,legitimate
ds-job-039,79,378.04,213.04,10.79,printing,independent,legitimate
ds-job-039,80,342.06,210.22,11.22,printing,independent,legitimate
ds-job-039,81,373.51,210.24,10.36,printing,independent,legitimate
ds-job-039,82,353.86,203.63,10.93,printing,independent,legitimate
ds-job-039,83,351.8,206.18,12.66,printing,independent,legitimate
ds-job-039,84,348.35,207.92,10.68,printing,independent,legitimate
ds-job-039,85,336.43,205.58,11.69,printing,independent,legitimate
ds-job-039,86,349.72,208.39,10.34,printing,independent,legitimate
ds-job-039,87,349.46,212.84,12.08,printing,independent,legitimate
ds-job-039,88,64.82,106.51,0.0,cooling,independent,legitimate
ds-job-039,89,50.37,101.45,0.0,cooling,independent,legitimate
ds-job-039,90,58.07,87.63,0.0,cooling,independent,legitimate
ds-job-039,91,73.27,104.5,0.0,cooling,independent,legitimate
ds-job-039,92,65.68,152.12,0.0,cooling,independent,legitimate
ds-job-039,93,70.13,154.31,0.0,cooling,independent,legitimate
ds-job-039,94,54.18,124.92,0.0,cooling,independent,legitimate
ds-job-039,95,71.06,128.76,0.0,cooling,independent,legitimate
ds-job-039,96,50.74,101.8,0.0,cooling,independent,legitimate
ds-job-040,0,53.61,25.01,0.0,idle,independent,lazy-fake
ds-job-040,1,51.62,26.87,0.0,idle,independent,lazy-fake
ds-job-040,2,52.93,25.8,0.0,idle,independent,lazy-fake
ds-job-040,3,50.48,25.94,0.0,idle,independent,lazy-fake
ds-job-040,4,53.39,26.11,0.0,idle,independent,lazy-fake
ds-job-040,5,52.41,24.67,0.0,heating,independent,lazy-fake
ds-job-040,6,57.87,22.48,0.0,heating,independent,lazy-fake
ds-job-040,7,47.1,26.47,0.0,heating,independent,lazy-fake
ds-job-040,8,50.4,21.46,0.0,heating,independent,lazy-fake
ds-job-040,9,48.13,26.19,0.0,heating,independent,lazy-fake
ds-job-040,10,49.94,24.56,0.0,heating,independent,lazy-fake
ds-job-040,11,54.55,26.4,0.0,heating,independent,lazy-fake
ds-job-040,12,48.87,23.66,0.0,heating,independent,lazy-fake
ds-job-040,13,48.25,26.96,0.0,heating,independent,lazy-fake
ds-job-040,14,57.47,25.98,0.0,heating,independent,lazy-fake
ds-job-040,15,55.69,23.8,0.0,heating,independent,lazy-fake
ds-job-040,16,50.18,24.75,0.0,heating,independent,lazy-fake
ds-job-040,17,51.44,22.91,0.0,heating,independent,lazy-fake
ds-job-040,18,50.53,24.8,0.0,heating,independent,lazy-fake
ds-job-040,19,51.15,27.05,0.0,heating,independent,lazy-fake
ds-job-040,20,49.49,24.55,0.0,heating,independent,lazy-fake
ds-job-040,21,51.22,22.79,0.0,printing,independent,lazy-fake
ds-job-040,22,50.79,27.54,0.0,printing,independent,lazy-fake
ds-job-040,23,49.9,20.48,0.0,printing,independent,lazy-fake
ds-job-040,24,46.8,25.27,0.0,printing,independent,lazy-fake
ds-job-040,25,46.96,24.2,0.0,printing,independent,lazy-fake
ds-job-040,26,52.8,25.59,0.0,printing,independent,lazy-fake
ds-job-040,27,51.52,27.79,0.0,printing,independent,lazy-fake
ds-job-040,28,48.57,26.56,0.0,printing,independent,lazy-fake
ds-job-040,29,47.87,25.54,0.0,printing,independent,lazy-fake
ds-job-040,30,51.66,24.45,0.0,printing,independent,lazy-fake
ds-job-040,31,48.14,22.92,0.0,printing,independent,lazy-fake
ds-job-040,32,52.05,24.62,0.0,printing,independent,lazy-fake
ds-job-040,33,46.04,25.46,0.0,printing,independent,lazy-fake
ds-job-040,34,48.51,24.13,0.0,printing,independent,lazy-fake
ds-job-040,35,53.64,25.43,0.0,printing,independent,lazy-fake
ds-job-040,36,46.36,20.78,0.0,printing,independent,lazy-fake
ds-job-040,37,52.34,23.18,0.0,printing,independent,lazy-fake
ds-job-040,38,48.18,23.84,0.0,printing,independent,lazy-fake
ds-job-040,39,44.51,26.34,0.0,printing,independent,lazy-fake
ds-job-040,40,47.32,27.72,0.0,printing,independent,lazy-fake
ds-job-040,41,48.81,25.37,0.0,printing,independent,lazy-fake
ds-job-040,42,48.28,24.45,0.0,printing,independent,lazy-fake
ds-job-040,43,53.35,23.68,0.0,printing,independent,lazy-fake
ds-job-040,44,48.48,24.97,0.0,printing,independent,lazy-fake
ds-job-040,45,49.08,26.45,0.0,printing,independent,lazy-fake
ds-job-040,46,47.34,23.25,0.0,printing,independent,lazy-fake
ds-job-040,47,47.99,24.64,0.0,printing,independent,lazy-fake
ds-job-040,48,45.4,24.09,0.0,printing,independent,lazy-fake
ds-job-040,49,51.32,26.0,0.0,printing,independent,lazy-fake
ds-job-040,50,44.66,25.11,0.0,printing,independent,lazy-fake
ds-job-040,51,52.84,24.6,0.0,printing,independent,lazy-fake
ds-job-040,52,49.84,26.38,0.0,printing,independent,lazy-fake
ds-job-040,53,51.66,25.5,0.0,printing,independent,lazy-fake
ds-job-040,54,50.4,21.59,0.0,printing,independent,lazy-fake
ds-job-040,55,42.79,25.94,0.0,printing,independent,lazy-fake
ds-job-040,56,51.34,25.91,0.0,printing,independent,lazy-fake
ds-job-040,57,44.32,26.63,0.0,printing,independent,lazy-fake
ds-job-040,58,52.68,25.27,0.0,printing,independent,lazy-fake
ds-job-040,59,46.17,26.42,0.0,printing,independent,lazy-fake
ds-job-040,60,49.5,25.75,0.0,printing,independent,lazy-fake
ds-job-040,61,50.04,24.47,0.0,printing,independent,lazy-fake
ds-job-040,62,54.75,23.83,0.0,printing,independent,lazy-fake
ds-job-040,63,57.17,25.52,0.0,printing,independent,lazy-fake
ds-job-040,64,49.38,27.89,0.0,printing,independent,lazy-fake
ds-job-040,65,49.06,26.01,0.0,printing,independent,lazy-fake
ds-job-040,66,49.62,27.36,0.0,printing,independent,lazy-fake
ds-job-040,67,47.67,26.02,0.0,printing,independent,lazy-fake
ds-job-040,68,52.41,22.94,0.0,printing,independent,lazy-fake
ds-job-040,69,50.62,24.73,0.0,printing,independent,lazy-fake
ds-job-040,70,45.3,24.57,0.0,printing,independent,lazy-fake
ds-job-040,71,47.91,24.32,0.0,printing,independent,lazy-fake
ds-job-040,72,45.79,22.89,0.0,printing,independent,lazy-fake
ds-job-040,73,52.44,24.52,0.0,printing,independent,lazy-fake
ds-job-040,74,44.41,27.12,0.0,printing,independent,lazy-fake
ds-job-040,75,55.5,24.55,0.0,printing,independent,lazy-fake
ds-job-040,76,47.23,27.31,0.0,printing,independent,lazy-fake
ds-job-040,77,49.5,23.47,0.0,printing,independent,lazy-fake
ds-job-040,78,46.71,26.88,0.0,printing,independent,lazy-fake
ds-job-040,79,49.86,24.28,0.0,printing,independent,lazy-fake
ds-job-040,80,49.0,26.45,0.0,printing,independent,lazy-fake
ds-job-040,81,44.99,26.18,0.0,printing,independent,lazy-fake
ds-job-040,82,54.64,23.67,0.0,printing,independent,lazy-fake
ds-job-040,83,48.18,24.77,0.0,printing,independent,lazy-fake
ds-job-040,84,53.47,25.05,0.0,printing,independent,lazy-fake
ds-job-040,85,48.24,21.34,0.0,printing,independent,lazy-fake
ds-job-040,86,47.22,23.4,0.0,printing,independent,lazy-fake
ds-job-040,87,50.84,26.19,0.0,printing,independent,lazy-fake
ds-job-040,88,53.28,24.57,0.0,printing,independent,lazy-fake
ds-job-040,89,50.81,26.34,0.0,printing,independent,lazy-fake
ds-job-040,90,51.41,24.96,0.0,printing,independent,lazy-fake
ds-job-040,91,49.85,24.08,0.0,printing,independent,lazy-fake
ds-job-040,92,52.65,22.52,0.0,printing,independent,lazy-fake
ds-job-040,93,47.02,29.55,0.0,printing,independent,lazy-fake
ds-job-040,94,47.28,25.55,0.0,printing,independent,lazy-fake
ds-job-040,95,49.88,24.0,0.0,printing,independent,lazy-fake
ds-job-040,96,53.25,24.4,0.0,printing,independent,lazy-fake
ds-job-040,97,49.95,27.52,0.0,printing,independent,lazy-fake
ds-job-040,98,47.75,23.5,0.0,printing,independent,lazy-fake
ds-job-040,99,45.53,25.76,0.0,cooling,independent,lazy-fake
ds-job-040,100,51.1,25.91,0.0,cooling,independent,lazy-fake
ds-job-040,101,48.26,25.04,0.0,cooling,independent,lazy-fake
ds-job-040,102,51.04,27.16,0.0,cooling,independent,lazy-fake
ds-job-040,103,53.63,26.22,0.0,cooling,independent,lazy-fake
ds-job-040,104,50.08,25.99,0.0,cooling,independent,lazy-fake
ds-job-040,105,57.17,24.19,0.0,cooling,independent,lazy-fake
ds-job-040,106,42.08,23.68,0.0,cooling,independent,lazy-fake
ds-job-040,107,55.2,24.74,0.0,cooling,independent,lazy-fake
ds-job-040,108,48.18,25.4,0.0,cooling,independent,lazy-fake
ds-job-040,109,56.24,26.1,0.0,cooling,independent,lazy-fake
ds-job-041,0,50.13,24.75,0.0,idle,independent,legitimate
ds-job-041,1,51.65,22.5,0.0,idle,independent,legitimate
ds-job-041,2,45.14,21.38,0.0,idle,independent,legitimate
ds-job-041,3,58.8,22.31,0.0,idle,independent,legitimate
ds-job-041,4,54.87,26.52,0.0,idle,independent,legitimate
ds-job-041,5,51.75,25.92,0.0,idle,independent,legitimate
ds-job-041,6,50.18,26.56,0.0,idle,independent,legitimate
ds-job-041,7,47.94,26.34,0.0,idle,independent,legitimate
ds-job-041,8,186.94,90.02,0.0,heating,independent,legitimate
ds-job-041,9,215.24,134.96,0.0,heating,independent,legitimate
ds-job-041,10,197.78,116.19,0.0,heating,independent,legitimate
ds-job-041,11,227.22,83.71,0.0,heating,independent,legitimate
ds-job-041,12,181.02,189.86,0.0,heating,independent,legitimate
ds-job-041,13,193.78,106.04,0.0,heating,independent,legitimate
ds-job-041,14,201.21,102.03,0.0,heating,independent,legitimate
ds-job-041,15,193.49,119.34,0.0,heating,independent,legitimate
ds-job-041,16,186.58,84.65,0.0,heating,independent,legitimate
ds-job-041,17,193.82,89.79,0.0,heating,independent,legitimate
ds-job-041,18,215.19,128.34,0.0,heating,independent,legitimate
ds-job-041,19,199.92,53.33,0.0,heating,independent,legitimate
ds-job-041,20,203.82,126.56,0.0,heating,independent,legitimate
ds-job-041,21,206.69,92.64,0.0,heating,independent,legitimate
ds-job-041,22,182.53,103.71,0.0,heating,independent,legitimate
ds-job-041,23,222.38,79.9,0.0,heating,independent,legitimate
ds-job-041,24,222.21,105.34,0.0,heating,independent,legitimate
ds-job-041,25,228.58,40.97,0.0,heating,independent,legitimate
ds-job-041,26,219.27,143.26,0.0,heating,independent,legitimate
ds-job-041,27,190.37,98.8,0.0,heating,independent,legitimate
ds-job-041,28,173.69,106.3,0.0,heating,independent,legitimate
ds-job-041,29,220.49,93.78,0.0,heating,independent,legitimate
ds-job-041,30,225.02,97.97,0.0,heating,independent,legitimate
ds-job-041,31,177.77,107.28,0.0,heating,independent,legitimate
ds-job-041,32,164.62,112.04,0.0,heating,independent,legitimate
ds-job-041,33,346.78,209.99,12.3,printing,independent,legitimate
ds-job-041,34,353.96,209.78,11.53,printing,independent,legitimate
ds-job-041,35,324.48,210.73,10.9,printing,independent,legitimate
ds-job-041,36,330.69,210.8,13.15,printing,independent,legitimate
ds-job-041,37,341.02,210.19,11.89,printing,independent,legitimate
ds-job-041,38,361.79,210.52,11.44,printing,independent,legitimate
ds-job-041,39,343.81,212.15,10.75,printing,independent,legitimate
ds-job-041,40,330.09,206.76,9.91,printing,independent,legitimate
ds-job-041,41,367.77,209.5,12.53,printing,independent,legitimate
ds-job-041,42,333.32,203.08,10.88,printing,independent,legitimate
ds-job-041,43,344.13,211.66,12.34,printing,independent,legitimate
ds-job-041,44,381.1,210.02,11.88,printing,independent,legitimate
ds-job-041,45,347.69,212.19,11.55,printing,independent,legitimate
ds-job-041,46,365.54,213.6,11.79,printing,independent,legitimate
ds-job-041,47,361.11,206.93,12.61,printing,independent,legitimate
ds-job-041,48,366.82,208.08,11.72,printing,independent,legitimate
ds-job-041,49,383.94,211.11,11.58,printing,independent,legitimate
ds-job-041,50,360.11,205.3,11.98,printing,independent,legitimate
ds-job-041,51,364.52,204.57,13.08,printing,independent,legitimate
ds-job-041,52,346.37,213.11,12.44,printing,independent,legitimate
ds-job-041,53,355.23,208.17,11.76,printing,independent,legitimate
ds-job-041,54,342.98,211.09,10.99,printing,independent,legitimate
ds-job-041,55,371.29,215.09,11.58,printing,independent,legitimate
ds-job-041,56,368.85,205.04,10.25,printing,independent,legitimate
ds-job-041,57,332.57,212.0,10.7,printing,independent,legitimate
ds-job-041,58,334.28,211.3,10.73,printing,independent,legitimate
ds-job-041,59,360.6,211.81,11.41,printing,independent,legitimate
ds-job-041,60,345.57,209.25,10.39,printing,independent,legitimate
ds-job-041,61,357.22,206.25,10.44,printing,independent,legitimate
ds-job-041,62,352.78,207.4,13.87,printing,independent,legitimate
ds-job-041,63,346.04,214.31,10.49,printing,independent,legitimate
ds-job-041,64,352.78,211.2,11.74,printing,independent,legitimate
ds-job-041,65,376.81,208.57,12.15,printing,independent,legitimate
ds-job-041,66,347.72,203.89,10.28,printing,independent,legitimate
ds-job-041,67,306.96,213.27,12.67,printing,independent,legitimate
ds-job-041,68,315.0,205.63,10.17,printing,independent,legitimate
ds-job-041,69,353.11,205.76,10.39,printing,independent,legitimate
ds-job-041,70,332.71,203.43,11.97,printing,independent,legitimate
ds-job-041,71,344.67,208.05,11.12,printing,independent,legitimate
ds-job-041,72,348.85,206.14,8.27,printing,independent,legitimate
ds-job-041,73,348.11,214.09,9.73,printing,independent,legitimate
ds-job-041,74,332.57,206.62,13.52,printing,independent,legitimate
ds-job-041,75,332.36,207.28,9.91,printing,independent,legitimate
ds-job-041,76,332.6,208.24,11.87,printing,independent,legitimate
ds-job-041,77,358.71,209.07,10.74,printing,independent,legitimate
ds-job-041,78,350.21,213.19,12.63,printing,independent,legitimate
ds-job-041,79,356.77,206.02,11.78,printing,independent,legitimate
ds-job-041,80,354.64,208.35,13.36,printing,independent,legitimate
ds-job-041,81,340.13,204.34,10.44,printing,independent,legitimate
ds-job-041,82,357.0,208.93,12.39,printing,independent,legitimate
ds-job-041,83,347.53,214.68,11.96,printing,independent,legitimate
ds-job-041,84,377.08,207.03,10.92,printing,independent,legitimate
ds-job-041,85,345.77,210.68,12.83,printing,independent,legitimate
ds-job-041,86,324.07,208.88,11.64,printing,independent,legitimate
ds-job-041,87,342.78,207.77,10.11,printing,independent,legitimate
ds-job-041,88,340.36,211.89,10.04,printing,independent,legitimate
ds-job-041,89,349.57,211.61,11.14,printing,independent,legitimate
ds-job-041,90,340.51,208.54,12.41,printing,independent,legitimate
ds-job-041,91,327.52,203.58,13.15,printing,independent,legitimate
ds-job-041,92,351.71,208.69,13.11,printing,independent,legitimate
ds-job-041,93,359.2,210.31,12.15,printing,independent,legitimate
ds-job-041,94,348.85,209.71,13.18,printing,independent,legitimate
ds-job-041,95,365.01,213.48,12.04,printing,independent,legitimate
ds-job-041,96,328.12,213.37,10.75,printing,independent,legitimate
ds-job-041,97,328.97,211.52,12.72,printing,independent,legitimate
ds-job-041,98,347.95,208.91,9.98,printing,independent,legitimate
ds-job-041,99,372.23,209.93,11.07,printing,independent,legitimate
ds-job-041,100,323.91,213.48,12.65,printing,independent,legitimate
ds-job-041,101,382.36,214.63,11.65,printing,independent,legitimate
ds-job-041,102,365.35,212.81,10.91,printing,independent,legitimate
ds-job-041,103,331.09,204.5,12.29,printing,independent,legitimate
ds-job-041,104,342.48,205.06,14.0,printing,independent,legitimate
ds-job-041,105,365.12,209.13,11.82,printing,independent,legitimate
ds-job-041,106,349.62,206.39,11.28,printing,independent,legitimate
ds-job-041,107,342.44,210.7,13.63,printing,independent,legitimate
ds-job-041,108,366.32,203.14,9.04,printing,independent,legitimate
ds-job-041,109,366.73,204.74,10.78,printing,independent,legitimate
ds-job-041,110,373.02,204.15,10.23,printing,independent,legitimate
ds-job-041,111,343.94,204.71,9.76,printing,independent,legitimate
ds-job-041,112,343.28,215.36,14.52,printing,independent,legitimate
ds-job-041,113,379.19,207.92,14.98,printing,independent,legitimate
ds-job-041,114,359.99,209.56,13.0,printing,independent,legitimate
ds-job-041,115,367.11,211.25,10.68,printing,independent,legitimate
ds-job-041,116,347.79,204.28,12.04,printing,independent,legitimate
ds-job-041,117,372.2,204.02,12.99,printing,independent,legitimate
ds-job-041,118,327.13,208.32,11.99,printing,independent,legitimate
ds-job-041,119,343.18,206.85,12.45,printing,independent,legitimate
ds-job-041,120,341.68,209.84,8.75,printing,independent,legitimate
ds-job-041,121,363.84,204.39,10.57,printing,independent,legitimate
ds-job-041,122,368.0,213.73,10.6,printing,independent,legitimate
ds-job-041,123,337.13,212.07,10.37,printing,independent,legitimate
ds-job-041,124,320.03,205.95,11.88,printing,independent,legitimate
ds-job-041,125,307.5,211.13,12.58,printing,independent,legitimate
ds-job-041,126,366.59,205.86,12.16,printing,independent,legitimate
ds-job-041,127,352.21,208.41,10.9,printing,independent,legitimate
ds-job-041,128,357.4,211.08,11.32,printing,independent,legitimate
ds-job-041,129,347.51,212.36,13.07,printing,independent,legitimate
ds-job-041,130,355.69,212.88,13.36,printing,independent,legitimate
ds-job-041,131,357.11,209.68,11.93,printing,independent,legitimate
ds-job-041,132,339.78,205.71,10.33,printing,independent,legitimate
ds-job-041,133,360.06,206.93,12.5,printing,independent,legitimate
ds-job-041,134,359.95,211.32,10.36,printing,independent,legitimate
ds-job-041,135,374.61,215.62,10.24,printing,independent,legitimate
ds-job-041,136,344.13,216.35,11.04,printing,independent,legitimate
ds-job-041,137,351.53,212.75,12.43,printing,independent,legitimate
ds-job-041,138,349.91,211.57,11.99,printing,independent,legitimate
ds-job-041,139,326.29,207.95,12.0,printing,independent,legitimate
ds-job-041,140,355.98,212.47,10.09,printing,independent,legitimate
ds-job-041,141,370.88,205.89,12.37,printing,independent,legitimate
ds-job-041,142,354.29,209.98,13.24,printing,independent,legitimate
ds-job-041,143,362.05,209.61,12.18,printing,independent,legitimate
ds-job-041,144,388.34,213.5,10.0,printing,independent,legitimate
ds-job-041,145,344.19,208.66,11.68,printing,independent,legitimate
ds-job-041,146,362.91,213.77,10.62,printing,independent,legitimate
ds-job-041,147,350.48,207.18,12.87,printing,independent,legitimate
ds-job-041,148,353.41,207.02,11.84,printing,independent,legitimate
ds-job-041,149,390.67,213.74,10.58,printing,independent,legitimate
ds-job-041,150,338.38,207.02,9.89,printing,independent,legitimate
ds-job-041,151,370.97,214.52,12.02,printing,independent,legitimate
ds-job-041,152,350.49,206.26,10.51,printing,independent,legitimate
ds-job-041,153,346.07,202.24,10.52,printing,independent,legitimate
ds-job-041,154,62.69,65.27,0.0,cooling,independent,legitimate
ds-job-041,155,70.33,106.77,0.0,cooling,independent,legitimate
ds-job-041,156,63.61,113.46,0.0,cooling,independent,legitimate
ds-job-041,157,73.38,107.62,0.0,cooling,independent,legitimate
ds-job-041,158,69.68,104.73,0.0,cooling,independent,legitimate
ds-job-041,159,64.79,138.48,0.0,cooling,independent,legitimate
ds-job-041,160,45.87,115.93,0.0,cooling,independent,legitimate
ds-job-041,161,57.12,130.92,0.0,cooling,independent,legitimate
ds-job-041,162,68.5,123.08,0.0,cooling,independent,legitimate
ds-job-041,163,75.45,166.03,0.0,cooling,independent,legitimate
ds-job-041,164,69.94,128.14,0.0,cooling,independent,legitimate
ds-job-041,165,78.61,98.17,0.0,cooling,independent,legitimate
ds-job-041,166,60.03,82.82,0.0,cooling,independent,legitimate
ds-job-041,167,78.3,110.54,0.0,cooling,independent,legitimate
ds-job-041,168,74.74,145.32,0.0,cooling,independent,legitimate
ds-job-041,169,65.27,106.98,0.0,cooling,independent,legitimate
ds-job-041,170,75.73,70.05,0.0,cooling,independent,legitimate
ds-job-042,0,48.86,25.73,0.0,idle,independent,legitimate
ds-job-042,1,48.85,22.85,0.0,idle,independent,legitimate
ds-job-042,2,52.46,25.89,0.0,idle,independent,legitimate
ds-job-042,3,46.12,29.16,0.0,idle,independent,legitimate
ds-job-042,4,50.8,23.64,0.0,idle,independent,legitimate
ds-job-042,5,200.36,111.53,0.0,heating,independent,legitimate
ds-job-042,6,188.04,36.89,0.0,heating,independent,legitimate
ds-job-042,7,209.28,119.2,0.0,heating,independent,legitimate
ds-job-042,8,206.15,79.86,0.0,heating,independent,legitimate
ds-job-042,9,211.22,78.07,0.0,heating,independent,legitimate
ds-job-042,10,182.46,169.96,0.0,heating,independent,legitimate
ds-job-042,11,195.34,72.96,0.0,heating,independent,legitimate
ds-job-042,12,199.82,155.74,0.0,heating,independent,legitimate
ds-job-042,13,191.74,108.28,0.0,heating,independent,legitimate
ds-job-042,14,230.35,138.34,0.0,heating,independent,legitimate
ds-job-042,15,232.23,103.13,0.0,heating,independent,legitimate
ds-job-042,16,183.2,125.5,0.0,heating,independent,legitimate
ds-job-042,17,210.31,123.47,0.0,heating,independent,legitimate
ds-job-042,18,232.77,107.33,0.0,heating,independent,legitimate
ds-job-042,19,206.86,128.93,0.0,heating,independent,legitimate
ds-job-042,20,355.71,207.2,11.64,printing,independent,legitimate
ds-job-042,21,345.51,215.99,12.26,printing,independent,legitimate
ds-job-042,22,318.98,212.6,11.23,printing,independent,legitimate
ds-job-042,23,387.79,202.24,10.42,printing,independent,legitimate
ds-job-042,24,376.38,206.36,12.37,printing,independent,legitimate
ds-job-042,25,369.81,208.63,9.84,printing,independent,legitimate
ds-job-042,26,324.39,210.48,10.98,printing,independent,legitimate
ds-job-042,27,330.24,207.23,10.59,printing,independent,legitimate
ds-job-042,28,371.21,205.61,9.99,printing,independent,legitimate
ds-job-042,29,358.14,213.67,11.87,printing,independent,legitimate
ds-job-042,30,338.52,206.57,11.47,printing,independent,legitimate
ds-job-042,31,369.5,211.64,12.92,printing,independent,legitimate
ds-job-042,32,352.91,207.26,14.16,printing,independent,legitimate
ds-job-042,33,310.79,203.48,12.71,printing,independent,legitimate
ds-job-042,34,342.86,209.58,12.15,printing,independent,legitimate
ds-job-042,35,370.99,213.75,11.05,printing,independent,legitimate
ds-job-042,36,365.62,210.08,12.93,printing,independent,legitimate
ds-job-042,37,322.84,206.31,11.88,printing,independent,legitimate
ds-job-042,38,356.27,210.97,13.09,printing,independent,legitimate
ds-job-042,39,369.86,216.14,12.07,printing,independent,legitimate
ds-job-042,40,358.38,208.61,10.27,printing,independent,legitimate
ds-job-042,41,379.51,217.51,9.68,printing,independent,legitimate
ds-job-042,42,357.17,214.44,10.81,printing,independent,legitimate
ds-job-042,43,326.33,208.98,9.6,printing,independent,legitimate
ds-job-042,44,335.76,205.19,11.52,printing,independent,legitimate
ds-job-042,45,376.77,210.47,13.04,printing,independent,legitimate
ds-job-042,46,329.02,207.36,12.82,printing,independent,legitimate
ds-job-042,47,357.72,210.31,11.59,printing,independent,legitimate
ds-job-042,48,345.96,212.13,11.43,printing,independent,legitimate
ds-job-042,49,352.63,210.62,11.39,printing,independent,legitimate
ds-job-042,50,386.67,209.54,13.07,printing,independent,legitimate
ds-job-042,51,332.95,204.9,11.94,printing,independent,legitimate
ds-job-042,52,356.97,209.51,9.69,printing,independent,legitimate
ds-job-042,53,343.99,210.54,9.66,printing,independent,legitimate
ds-job-042,54,358.38,208.68,12.62,printing,independent,legitimate
ds-job-042,55,354.37,210.35,9.54,printing,independent,legitimate
ds-job-042,56,317.49,209.08,10.9,printing,independent,legitimate
ds-job-042,57,361.27,207.97,11.26,printing,independent,legitimate
ds-job-042,58,386.27,211.61,12.37,printing,independent,legitimate
ds-job-042,59,339.1,203.42,11.47,printing,independent,legitimate
ds-job-042,60,372.73,210.65,11.72,printing,independent,legitimate
ds-job-042,61,360.24,207.75,10.36,printing,independent,legitimate
ds-job-042,62,333.9,207.0,9.99,printing,independent,legitimate
ds-job-042,63,365.25,211.11,10.18,printing,independent,legitimate
ds-job-042,64,351.97,213.35,12.86,printing,independent,legitimate
ds-job-042,65,345.65,209.98,9.98,printing,independent,legitimate
ds-job-042,66,349.46,206.58,10.72,printing,independent,legitimate
ds-job-042,67,327.27,207.82,12.22,printing,independent,legitimate
ds-job-042,68,375.74,200.94,11.96,printing,independent,legitimate
ds-job-042,69,348.59,209.42,9.34,printing,independent,legitimate
ds-job-042,70,344.28,212.44,12.88,printing,independent,legitimate
ds-job-042,71,362.98,206.54,10.52,printing,independent,legitimate
ds-job-042,72,366.39,210.13,11.66,printing,independent,legitimate
ds-job-042,73,327.32,208.4,11.28,printing,independent,legitimate
ds-job-042,74,350.11,206.38,12.26,printing,independent,legitimate
ds-job-042,75,339.24,204.53,10.73,printing,independent,legitimate
ds-job-042,76,353.51,208.43,12.29,printing,independent,legitimate
ds-job-042,77,343.31,209.73,11.53,printing,independent,legitimate
ds-job-042,78,341.32,213.1,11.39,printing,independent,legitimate
ds-job-042,79,337.06,210.84,12.48,printing,independent,legitimate
ds-job-042,80,337.74,211.44,12.95,printing,independent,legitimate
ds-job-042,81,323.29,209.37,9.02,printing,independent,legitimate
ds-job-042,82,322.7,208.95,12.6,printing,independent,legitimate
ds-job-042,83,366.25,208.24,9.75,printing,independent,legitimate
ds-job-042,84,358.22,203.58,12.69,printing,independent,legitimate
ds-job-042,85,359.77,209.3,12.3,printing,independent,legitimate
ds-job-042,86,369.71,206.69,9.06,printing,independent,legitimate
ds-job-042,87,367.77,206.71,9.18,printing,independent,legitimate
ds-job-042,88,343.0,211.27,11.22,printing,independent,legitimate
ds-job-042,89,369.18,210.13,11.39,printing,independent,legitimate
ds-job-042,90,356.21,213.64,13.82,printing,independent,legitimate
ds-job-042,91,377.4,203.94,13.49,printing,independent,legitimate
ds-job-042,92,366.46,212.15,13.0,printing,independent,legitimate
ds-job-042,93,362.99,208.34,12.55,printing,independent,legitimate
ds-job-042,94,374.62,206.68,11.8,printing,independent,legitimate
ds-job-042,95,368.6,208.33,10.8,printing,independent,legitimate
ds-job-042,96,55.83,160.73,0.0,cooling,independent,legitimate
ds-job-042,97,45.89,71.0,0.0,cooling,independent,legitimate
ds-job-042,98,74.56,148.32,0.0,cooling,independent,legitimate
ds-job-042,99,75.62,148.93,0.0,cooling,independent,legitimate
ds-job-042,100,82.56,96.74,0.0,cooling,independent,legitimate
ds-job-042,101,57.86,159.67,0.0,cooling,independent,legitimate
ds-job-042,102,66.09,86.91,0.0,cooling,independent,legitimate
ds-job-042,103,67.01,104.97,0.0,cooling,independent,legitimate
ds-job-042,104,70.13,106.82,0.0,cooling,independent,legitimate
ds-job-042,105,43.94,116.64,0.0,cooling,independent,legitimate
ds-job-043,0,46.77,25.5,0.0,idle,independent,lazy-fake
ds-job-043,1,48.88,24.59,0.0,idle,independent,lazy-fake
ds-job-043,2,56.21,25.77,0.0,idle,independent,lazy-fake
ds-job-043,3,50.37,23.84,0.0,idle,independent,lazy-fake
ds-job-043,4,49.94,24.65,0.0,idle,independent,lazy-fake
ds-job-043,5,47.62,24.68,0.0,heating,independent,lazy-fake
ds-job-043,6,49.52,23.91,0.0,heating,independent,lazy-fake
ds-job-043,7,46.28,23.25,0.0,heating,independent,lazy-fake
ds-job-043,8,42.78,26.89,0.0,heating,independent,lazy-fake
ds-job-043,9,48.83,24.29,0.0,heating,independent,lazy-fake
ds-job-043,10,55.03,22.3,0.0,heating,independent,lazy-fake
ds-job-043,11,47.35,24.36,0.0,heating,independent,lazy-fake
ds-job-043,12,54.01,27.2,0.0,heating,independent,lazy-fake
ds-job-043,13,51.91,26.94,0.0,heating,independent,lazy-fake
ds-job-043,14,52.03,26.4,0.0,heating,independent,lazy-fake
ds-job-043,15,45.64,25.52,0.0,heating,independent,lazy-fake
ds-job-043,16,44.91,24.62,0.0,heating,independent,lazy-fake
ds-job-043,17,49.92,24.97,0.0,heating,independent,lazy-fake
ds-job-043,18,48.04,25.2,0.0,heating,independent,lazy-fake
ds-job-043,19,49.11,24.74,0.0,heating,independent,lazy-fake
ds-job-043,20,54.84,24.22,0.0,heating,independent,lazy-fake
ds-job-043,21,51.35,22.64,0.0,heating,independent,lazy-fake
ds-job-043,22,52.95,29.22,0.0,printing,independent,lazy-fake
ds-job-043,23,51.2,24.91,0.0,printing,independent,lazy-fake
ds-job-043,24,57.52,26.54,0.0,printing,independent,lazy-fake
ds-job-043,25,50.12,24.89,0.0,printing,independent,lazy-fake
ds-job-043,26,54.25,22.94,0.0,printing,independent,lazy-fake
ds-job-043,27,51.75,21.61,0.0,printing,independent,lazy-fake
ds-job-043,28,52.3,28.27,0.0,printing,independent,lazy-fake
ds-job-043,29,57.22,23.76,0.0,printing,independent,lazy-fake
ds-job-043,30,52.14,24.65,0.0,printing,independent,lazy-fake
ds-job-043,31,53.12,27.06,0.0,printing,independent,lazy-fake
ds-job-043,32,46.48,22.52,0.0,printing,independent,lazy-fake
ds-job-043,33,48.06,26.02,0.0,printing,independent,lazy-fake
ds-job-043,34,49.76,26.31,0.0,printing,independent,lazy-fake
ds-job-043,35,54.55,24.06,0.0,printing,independent,lazy-fake
ds-job-043,36,49.11,22.85,0.0,printing,independent,lazy-fake
ds-job-043,37,44.47,25.36,0.0,printing,independent,lazy-fake
ds-job-043,38,51.25,25.52,0.0,printing,independent,lazy-fake
ds-job-043,39,47.8,24.55,0.0,printing,independent,lazy-fake
ds-job-043,40,45.61,25.1,0.0,printing,independent,lazy-fake
ds-job-043,41,55.6,22.76,0.0,printing,independent,lazy-fake
ds-job-043,42,49.74,24.36,0.0,printing,independent,lazy-fake
ds-job-043,43,46.28,25.05,0.0,printing,independent,lazy-fake
ds-job-043,44,45.96,21.93,0.0,printing,independent,lazy-fake
ds-job-043,45,45.15,23.72,0.0,printing,independent,lazy-fake
ds-job-043,46,51.04,23.93,0.0,printing,independent,lazy-fake
ds-job-043,47,51.88,26.76,0.0,printing,independent,lazy-fake
ds-job-043,48,47.94,22.83,0.0,printing,independent,lazy-fake
ds-job-043,49,52.22,25.48,0.0,printing,independent,lazy-fake
ds-job-043,50,49.99,25.56,0.0,printing,independent,lazy-fake
ds-job-043,51,46.02,28.73,0.0,printing,independent,lazy-fake
ds-job-043,52,54.75,22.83,0.0,printing,independent,lazy-fake
ds-job-043,53,51.58,24.38,0.0,printing,independent,lazy-fake
ds-job-043,54,49.21,23.67,0.0,printing,independent,lazy-fake
ds-job-043,55,52.09,24.08,0.0,printing,independent,lazy-fake
ds-job-043,56,46.18,25.57,0.0,printing,independent,lazy-fake
ds-job-043,57,50.23,24.96,0.0,printing,independent,lazy-fake
ds-job-043,58,49.95,27.0,0.0,printing,independent,lazy-fake
ds-job-043,59,46.9,24.12,0.0,printing,independent,lazy-fake
ds-job-043,60,50.16,23.06,0.0,printing,independent,lazy-fake
ds-job-043,61,49.7,22.91,0.0,printing,independent,lazy-fake
ds-job-043,62,58.31,24.03,0.0,printing,independent,lazy-fake
ds-job-043,63,45.97,26.48,0.0,printing,independent,lazy-fake
ds-job-043,64,54.19,27.66,0.0,printing,independent,lazy-fake
ds-job-043,65,50.04,25.44,0.0,printing,independent,lazy-fake
ds-job-043,66,50.45,21.06,0.0,printing,independent,lazy-fake
ds-job-043,67,54.91,24.74,0.0,printing,independent,lazy-fake
ds-job-043,68,53.82,24.09,0.0,printing,independent,lazy-fake
ds-job-043,69,52.21,25.51,0.0,printing,independent,lazy-fake
ds-job-043,70,52.13,28.06,0.0,printing,independent,lazy-fake
ds-job-043,71,48.01,27.74,0.0,printing,independent,lazy-fake
ds-job-043,72,43.05,24.68,0.0,printing,independent,lazy-fake
ds-job-043,73,49.0,26.44,0.0,printing,independent,lazy-fake
ds-job-043,74,50.14,24.7,0.0,printing,independent,lazy-fake
ds-job-043,75,45.7,25.85,0.0,printing,independent,lazy-fake
ds-job-043,76,53.36,24.64,0.0,printing,independent,lazy-fake
ds-job-043,77,54.15,25.3,0.0,printing,independent,lazy-fake
ds-job-043,78,50.83,22.75,0.0,printing,independent,lazy-fake
ds-job-043,79,51.09,22.82,0.0,printing,independent,lazy-fake
ds-job-043,80,51.92,25.39,0.0,printing,independent,lazy-fake
ds-job-043,81,48.56,24.81,0.0,printing,independent,lazy-fake
ds-job-043,82,52.93,25.24,0.0,printing,independent,lazy-fake
ds-job-043,83,47.11,26.36,0.0,printing,independent,lazy-fake
ds-job-043,84,51.29,24.59,0.0,printing,independent,lazy-fake
ds-job-043,85,45.39,27.96,0.0,printing,independent,lazy-fake
ds-job-043,86,52.54,23.46,0.0,printing,independent,lazy-fake
ds-job-043,87,49.26,24.43,0.0,printing,independent,lazy-fake
ds-job-043,88,50.5,25.48,0.0,printing,independent,lazy-fake
ds-job-043,89,55.25,24.88,0.0,printing,independent,lazy-fake
ds-job-043,90,45.82,23.85,0.0,printing,independent,lazy-fake
ds-job-043,91,50.79,24.09,0.0,printing,independent,lazy-fake
ds-job-043,92,48.96,27.2,0.0,printing,independent,lazy-fake
ds-job-043,93,49.7,26.01,0.0,printing,independent,lazy-fake
ds-job-043,94,55.39,22.59,0.0,printing,independent,lazy-fake
ds-job-043,95,49.33,24.26,0.0,printing,independent,lazy-fake
ds-job-043,96,47.65,25.73,0.0,printing,independent,lazy-fake
ds-job-043,97,47.98,24.5,0.0,printing,independent,lazy-fake
ds-job-043,98,56.25,24.41,0.0,printing,independent,lazy-fake
ds-job-043,99,52.16,25.44,0.0,printing,independent,lazy-fake
ds-job-043,100,51.17,24.31,0.0,printing,independent,lazy-fake
ds-job-043,101,52.64,22.23,0.0,printing,independent,lazy-fake
ds-job-043,102,48.36,24.18,0.0,printing,independent,lazy-fake
ds-job-043,103,53.1,24.27,0.0,printing,independent,lazy-fake
ds-job-043,104,47.62,23.88,0.0,printing,independent,lazy-fake
ds-job-043,105,53.59,21.4,0.0,printing,independent,lazy-fake
ds-job-043,106,51.5,22.38,0.0,cooling,independent,lazy-fake
ds-job-043,107,55.19,24.35,0.0,cooling,independent,lazy-fake
ds-job-043,108,50.66,26.47,0.0,cooling,independent,lazy-fake
ds-job-043,109,50.26,23.44,0.0,cooling,independent,lazy-fake
ds-job-043,110,44.67,23.15,0.0,cooling,independent,lazy-fake
ds-job-043,111,45.41,26.33,0.0,cooling,independent,lazy-fake
ds-job-043,112,56.99,23.24,0.0,cooling,independent,lazy-fake
ds-job-043,113,47.01,25.68,0.0,cooling,independent,lazy-fake
ds-job-043,114,43.36,24.07,0.0,cooling,independent,lazy-fake
ds-job-043,115,47.88,23.25,0.0,cooling,independent,lazy-fake
ds-job-043,116,46.14,25.31,0.0,cooling,independent,lazy-fake
ds-job-044,0,50.71,27.27,0.0,idle,independent,lazy-fake
ds-job-044,1,54.17,24.86,0.0,idle,independent,lazy-fake
ds-job-044,2,54.13,24.37,0.0,idle,independent,lazy-fake
ds-job-044,3,46.48,27.36,0.0,idle,independent,lazy-fake
ds-job-044,4,42.17,24.06,0.0,idle,independent,lazy-fake
ds-job-044,5,48.97,24.62,0.0,idle,independent,lazy-fake
ds-job-044,6,55.05,24.54,0.0,idle,independent,lazy-fake
ds-job-044,7,50.51,25.17,0.0,heating,independent,lazy-fake
ds-job-044,8,48.12,24.93,0.0,heating,independent,lazy-fake
ds-job-044,9,56.93,25.68,0.0,heating,independent,lazy-fake
ds-job-044,10,45.55,25.3,0.0,heating,independent,lazy-fake
ds-job-044,11,56.02,24.0,0.0,heating,independent,lazy-fake
ds-job-044,12,45.26,23.94,0.0,heating,independent,lazy-fake
ds-job-044,13,46.18,22.56,0.0,heating,independent,lazy-fake
ds-job-044,14,44.17,26.06,0.0,heating,independent,lazy-fake
ds-job-044,15,51.17,22.77,0.0,heating,independent,lazy-fake
ds-job-044,16,54.76,26.07,0.0,heating,independent,lazy-fake
ds-job-044,17,53.06,21.86,0.0,heating,independent,lazy-fake
ds-job-044,18,48.87,23.92,0.0,heating,independent,lazy-fake
ds-job-044,19,43.99,23.49,0.0,heating,independent,lazy-fake
ds-job-044,20,51.35,25.64,0.0,heating,independent,lazy-fake
ds-job-044,21,45.53,24.13,0.0,heating,independent,lazy-fake
ds-job-044,22,53.26,26.86,0.0,heating,independent,lazy-fake
ds-job-044,23,48.98,25.29,0.0,heating,independent,lazy-fake
ds-job-044,24,48.82,24.61,0.0,heating,independent,lazy-fake
ds-job-044,25,51.75,24.64,0.0,heating,independent,lazy-fake
ds-job-044,26,52.37,27.08,0.0,heating,independent,lazy-fake
ds-job-044,27,46.83,24.92,0.0,heating,independent,lazy-fake
ds-job-044,28,51.58,20.0,0.0,printing,independent,lazy-fake
ds-job-044,29,51.01,24.18,0.0,printing,independent,lazy-fake
ds-job-044,30,60.0,24.57,0.0,printing,independent,lazy-fake
ds-job-044,31,49.2,24.95,0.0,printing,independent,lazy-fake
ds-job-044,32,49.58,25.97,0.0,printing,independent,lazy-fake
ds-job-044,33,51.17,23.12,0.0,printing,independent,lazy-fake
ds-job-044,34,50.54,28.42,0.0,printing,independent,lazy-fake
ds-job-044,35,51.09,24.0,0.0,printing,independent,lazy-fake
ds-job-044,36,52.77,26.23,0.0,printing,independent,lazy-fake
ds-job-044,37,45.73,27.43,0.0,printing,independent,lazy-fake
ds-job-044,38,47.95,25.71,0.0,printing,independent,lazy-fake
ds-job-044,39,46.75,25.59,0.0,printing,independent,lazy-fake
ds-job-044,40,43.02,26.31,0.0,printing,independent,lazy-fake
ds-job-044,41,52.11,26.85,0.0,printing,independent,lazy-fake
ds-job-044,42,56.89,24.1,0.0,printing,independent,lazy-fake
ds-job-044,43,46.67,26.36,0.0,printing,independent,lazy-fake
ds-job-044,44,52.44,23.08,0.0,printing,independent,lazy-fake
ds-job-044,45,46.74,25.84,0.0,printing,independent,lazy-fake
ds-job-044,46,49.06,26.05,0.0,printing,independent,lazy-fake
ds-job-044,47,51.61,27.34,0.0,printing,independent,lazy-fake
ds-job-044,48,50.35,25.32,0.0,printing,independent,lazy-fake
ds-job-044,49,55.27,23.91,0.0,printing,independent,lazy-fake
ds-job-044,50,50.24,23.65,0.0,printing,independent,lazy-fake
ds-job-044,51,49.01,23.78,0.0,printing,independent,lazy-fake
ds-job-044,52,50.64,26.32,0.0,printing,independent,lazy-fake
ds-job-044,53,53.67,27.89,0.0,printing,independent,lazy-fake
ds-job-044,54,52.66,23.43,0.0,printing,independent,lazy-fake
ds-job-044,55,50.57,22.57,0.0,printing,independent,lazy-fake
ds-job-044,56,46.3,27.19,0.0,printing,independent,lazy-fake
ds-job-044,57,50.04,23.49,0.0,printing,independent,lazy-fake
ds-job-044,58,44.72,24.35,0.0,printing,independent,lazy-fake
ds-job-044,59,47.24,23.24,0.0,printing,independent,lazy-fake
ds-job-044,60,52.32,22.69,0.0,printing,independent,lazy-fake
ds-job-044,61,53.03,24.77,0.0,printing,independent,lazy-fake
ds-job-044,62,56.69,26.63,0.0,printing,independent,lazy-fake
ds-job-044,63,45.72,24.1,0.0,printing,independent,lazy-fake
ds-job-044,64,47.74,24.07,0.0,printing,independent,lazy-fake
ds-job-044,65,51.78,22.81,0.0,printing,independent,lazy-fake
ds-job-044,66,48.87,24.14,0.0,printing,independent,lazy-fake
ds-job-044,67,51.78,26.86,0.0,printing,independent,lazy-fake
ds-job-044,68,56.44,24.39,0.0,printing,independent,lazy-fake
ds-job-044,69,51.96,24.16,0.0,printing,independent,lazy-fake
ds-job-044,70,50.7,26.59,0.0,printing,independent,lazy-fake
ds-job-044,71,49.16,23.19,0.0,printing,independent,lazy-fake
ds-job-044,72,47.3,24.82,0.0,printing,independent,lazy-fake
ds-job-044,73,53.99,25.93,0.0,printing,independent,lazy-fake
ds-job-044,74,47.35,25.12,0.0,printing,independent,lazy-fake
ds-job-044,75,56.56,24.68,0.0,printing,independent,lazy-fake
ds-job-044,76,50.32,26.0,0.0,printing,independent,lazy-fake
ds-job-044,77,53.36,26.27,0.0,printing,independent,lazy-fake
ds-job-044,78,49.39,25.29,0.0,printing,independent,lazy-fake
ds-job-044,79,47.95,25.64,0.0,printing,independent,lazy-fake
ds-job-044,80,54.42,25.88,0.0,printing,independent,lazy-fake
ds-job-044,81,49.21,24.54,0.0,printing,independent,lazy-fake
ds-job-044,82,53.17,24.41,0.0,printing,independent,lazy-fake
ds-job-044,83,48.94,25.18,0.0,printing,independent,lazy-fake
ds-job-044,84,54.69,24.16,0.0,printing,independent,lazy-fake
ds-job-044,85,51.98,23.02,0.0,printing,independent,lazy-fake
ds-job-044,86,46.41,25.6,0.0,printing,independent,lazy-fake
ds-job-044,87,53.42,23.72,0.0,printing,independent,lazy-fake
ds-job-044,88,52.09,25.73,0.0,printing,independent,lazy-fake
ds-job-044,89,49.46,22.04,0.0,printing,independent,lazy-fake
ds-job-044,90,55.01,25.14,0.0,printing,independent,lazy-fake
ds-job-044,91,51.03,26.03,0.0,printing,independent,lazy-fake
ds-job-044,92,50.62,26.73,0.0,printing,independent,lazy-fake
ds-job-044,93,54.79,25.98,0.0,printing,independent,lazy-fake
ds-job-044,94,46.96,25.47,0.0,printing,independent,lazy-fake
ds-job-044,95,46.47,26.85,0.0,printing,independent,lazy-fake
ds-job-044,96,48.61,24.93,0.0,printing,independent,lazy-fake
ds-job-044,97,50.71,26.47,0.0,printing,independent,lazy-fake
ds-job-044,98,46.82,24.98,0.0,printing,independent,lazy-fake
ds-job-044,99,54.18,25.23,0.0,printing,independent,lazy-fake
ds-job-044,100,46.93,26.53,0.0,printing,independent,lazy-fake
ds-job-044,101,54.73,26.63,0.0,printing,independent,lazy-fake
ds-job-044,102,53.37,26.16,0.0,printing,independent,lazy-fake
ds-job-044,103,53.3,22.0,0.0,printing,independent,lazy-fake
ds-job-044,104,53.81,23.0,0.0,printing,independent,lazy-fake
ds-job-044,105,44.42,28.7,0.0,printing,independent,lazy-fake
ds-job-044,106,50.34,27.45,0.0,printing,independent,lazy-fake
ds-job-044,107,50.47,22.87,0.0,printing,independent,lazy-fake
ds-job-044,108,46.35,24.16,0.0,printing,independent,lazy-fake
ds-job-044,109,49.62,25.44,0.0,printing,independent,lazy-fake
ds-job-044,110,52.16,26.87,0.0,printing,independent,lazy-fake
ds-job-044,111,50.56,23.51,0.0,printing,independent,lazy-fake
ds-job-044,112,49.25,27.97,0.0,printing,independent,lazy-fake
ds-job-044,113,50.57,25.73,0.0,printing,independent,lazy-fake
ds-job-044,114,52.81,24.31,0.0,printing,independent,lazy-fake
ds-job-044,115,51.97,24.43,0.0,printing,independent,lazy-fake
ds-job-044,116,50.57,24.79,0.0,printing,independent,lazy-fake
ds-job-044,117,54.19,26.69,0.0,printing,independent,lazy-fake
ds-job-044,118,48.61,24.6,0.0,printing,independent,lazy-fake
ds-job-044,119,47.69,23.44,0.0,printing,independent,lazy-fake
ds-job-044,120,52.34,27.98,0.0,printing,independent,lazy-fake
ds-job-044,121,47.72,24.52,0.0,printing,independent,lazy-fake
ds-job-044,122,53.2,23.08,0.0,printing,independent,lazy-fake
ds-job-044,123,44.25,27.74,0.0,printing,independent,lazy-fake
ds-job-044,124,50.35,24.78,0.0,printing,independent,lazy-fake
ds-job-044,125,46.33,25.07,0.0,printing,independent,lazy-fake
ds-job-044,126,47.4,26.66,0.0,printing,independent,lazy-fake
ds-job-044,127,53.4,23.98,0.0,cooling,independent,lazy-fake
ds-job-044,128,54.75,25.79,0.0,cooling,independent,lazy-fake
ds-job-044,129,47.18,24.57,0.0,cooling,independent,lazy-fake
ds-job-044,130,45.27,26.57,0.0,cooling,independent,lazy-fake
ds-job-044,131,52.68,24.78,0.0,cooling,independent,lazy-fake
ds-job-044,132,49.85,27.4,0.0,cooling,independent,lazy-fake
ds-job-044,133,48.54,25.72,0.0,cooling,independent,lazy-fake
ds-job-044,134,50.77,22.99,0.0,cooling,independent,lazy-fake
ds-job-044,135,48.52,24.62,0.0,cooling,independent,lazy-fake
ds-job-044,136,49.74,25.88,0.0,cooling,independent,lazy-fake
ds-job-044,137,47.09,26.1,0.0,cooling,independent,lazy-fake
ds-job-044,138,47.97,25.41,0.0,cooling,independent,lazy-fake
ds-job-044,139,46.5,21.85,0.0,cooling,independent,lazy-fake
ds-job-044,140,51.38,25.97,0.0,cooling,independent,lazy-fake
ds-job-045,0,49.4,25.86,0.0,idle,independent,lazy-fake
ds-job-045,1,45.68,25.3,0.0,idle,independent,lazy-fake
ds-job-045,2,51.32,23.21,0.0,idle,independent,lazy-fake
ds-job-045,3,50.65,24.52,0.0,idle,independent,lazy-fake
ds-job-045,4,47.26,24.38,0.0,idle,independent,lazy-fake
ds-job-045,5,41.77,25.99,0.0,heating,independent,lazy-fake
ds-job-045,6,50.3,24.39,0.0,heating,independent,lazy-fake
ds-job-045,7,48.78,21.88,0.0,heating,independent,lazy-fake
ds-job-045,8,49.33,25.76,0.0,heating,independent,lazy-fake
ds-job-045,9,47.01,25.67,0.0,heating,independent,lazy-fake
ds-job-045,10,52.68,25.21,0.0,heating,independent,lazy-fake
ds-job-045,11,40.42,29.42,0.0,heating,independent,lazy-fake
ds-job-045,12,53.14,25.59,0.0,heating,independent,lazy-fake
ds-job-045,13,53.17,24.94,0.0,heating,independent,lazy-fake
ds-job-045,14,44.59,23.92,0.0,heating,independent,lazy-fake
ds-job-045,15,53.76,25.41,0.0,heating,independent,lazy-fake
ds-job-045,16,51.53,23.93,0.0,heating,independent,lazy-fake
ds-job-045,17,54.14,25.21,0.0,heating,independent,lazy-fake
ds-job-045,18,50.52,26.17,0.0,heating,independent,lazy-fake
ds-job-045,19,47.52,25.1,0.0,heating,independent,lazy-fake
ds-job-045,20,48.84,24.44,0.0,printing,independent,lazy-fake
ds-job-045,21,45.89,26.55,0.0,printing,independent,lazy-fake
ds-job-045,22,51.08,21.55,0.0,printing,independent,lazy-fake
ds-job-045,23,47.12,23.54,0.0,printing,independent,lazy-fake
ds-job-045,24,47.94,22.78,0.0,printing,independent,lazy-fake
ds-job-045,25,47.07,25.4,0.0,printing,independent,lazy-fake
ds-job-045,26,49.39,25.16,0.0,printing,independent,lazy-fake
ds-job-045,27,54.03,26.58,0.0,printing,independent,lazy-fake
ds-job-045,28,49.32,22.55,0.0,printing,independent,lazy-fake
ds-job-045,29,51.87,23.88,0.0,printing,independent,lazy-fake
ds-job-045,30,49.84,28.25,0.0,printing,independent,lazy-fake
ds-job-045,31,44.91,26.79,0.0,printing,independent,lazy-fake
ds-job-045,32,47.85,24.41,0.0,printing,independent,lazy-fake
ds-job-045,33,48.64,26.83,0.0,printing,independent,lazy-fake
ds-job-045,34,53.12,27.95,0.0,printing,independent,lazy-fake
ds-job-045,35,47.9,24.47,0.0,printing,independent,lazy-fake
ds-job-045,36,53.39,23.77,0.0,printing,independent,lazy-fake
ds-job-045,37,52.05,25.25,0.0,printing,independent,lazy-fake
ds-job-045,38,48.4,25.55,0.0,printing,independent,lazy-fake
ds-job-045,39,51.32,24.57,0.0,printing,independent,lazy-fake
ds-job-045,40,47.3,23.61,0.0,printing,independent,lazy-fake
ds-job-045,41,51.57,24.38,0.0,printing,independent,lazy-fake
ds-job-045,42,45.12,23.61,0.0,printing,independent,lazy-fake
ds-job-045,43,55.45,22.96,0.0,printing,independent,lazy-fake
ds-job-045,44,51.85,23.83,0.0,printing,independent,lazy-fake
ds-job-045,45,50.25,24.58,0.0,printing,independent,lazy-fake
ds-job-045,46,44.06,26.65,0.0,printing,independent,lazy-fake
ds-job-045,47,45.59,23.57,0.0,printing,independent,lazy-fake
ds-job-045,48,51.44,22.45,0.0,printing,independent,lazy-fake
ds-job-045,49,47.72,23.12,0.0,printing,independent,lazy-fake
ds-job-045,50,53.12,24.19,0.0,printing,independent,lazy-fake
ds-job-045,51,47.33,24.68,0.0,printing,independent,lazy-fake
ds-job-045,52,44.66,24.17,0.0,printing,independent,lazy-fake
ds-job-045,53,47.44,22.19,0.0,printing,independent,lazy-fake
ds-job-045,54,44.56,25.25,0.0,printing,independent,lazy-fake
ds-job-045,55,54.4,25.41,0.0,printing,independent,lazy-fake
ds-job-045,56,47.37,25.62,0.0,printing,independent,lazy-fake
ds-job-045,57,53.65,25.71,0.0,printing,independent,lazy-fake
ds-job-045,58,45.5,23.12,0.0,printing,independent,lazy-fake
ds-job-045,59,48.63,25.9,0.0,printing,independent,lazy-fake
ds-job-045,60,51.73,25.57,0.0,printing,independent,lazy-fake
ds-job-045,61,43.15,24.96,0.0,printing,independent,lazy-fake
ds-job-045,62,45.06,23.72,0.0,printing,independent,lazy-fake
ds-job-045,63,51.11,24.15,0.0,printing,independent,lazy-fake
ds-job-045,64,47.46,23.95,0.0,printing,independent,lazy-fake
ds-job-045,65,51.0,28.0,0.0,printing,independent,lazy-fake
ds-job-045,66,48.18,30.0,0.0,printing,independent,lazy-fake
ds-job-045,67,56.46,26.22,0.0,printing,independent,lazy-fake
ds-job-045,68,49.17,23.73,0.0,printing,independent,lazy-fake
ds-job-045,69,53.45,27.39,0.0,printing,independent,lazy-fake
ds-job-045,70,47.4,26.05,0.0,printing,independent,lazy-fake
ds-job-045,71,50.72,25.22,0.0,printing,independent,lazy-fake
ds-job-045,72,50.83,23.86,0.0,printing,independent,lazy-fake
ds-job-045,73,44.2,25.12,0.0,printing,independent,lazy-fake
ds-job-045,74,48.7,26.8,0.0,printing,independent,lazy-fake
ds-job-045,75,49.33,26.39,0.0,printing,independent,lazy-fake
ds-job-045,76,51.31,21.32,0.0,printing,independent,lazy-fake
ds-job-045,77,48.94,23.19,0.0,printing,independent,lazy-fake
ds-job-045,78,48.52,24.83,0.0,printing,independent,lazy-fake
ds-job-045,79,49.68,27.09,0.0,printing,independent,lazy-fake
ds-job-045,80,51.28,26.08,0.0,printing,independent,lazy-fake
ds-job-045,81,48.94,27.64,0.0,printing,independent,lazy-fake
ds-job-045,82,43.75,21.4,0.0,printing,independent,lazy-fake
ds-job-045,83,49.08,24.5,0.0,printing,independent,lazy-fake
ds-job-045,84,49.48,22.02,0.0,printing,independent,lazy-fake
ds-job-045,85,55.64,26.36,0.0,printing,independent,lazy-fake
ds-job-045,86,56.76,27.72,0.0,printing,independent,lazy-fake
ds-job-045,87,48.43,26.89,0.0,printing,independent,lazy-fake
ds-job-045,88,51.15,24.17,0.0,printing,independent,lazy-fake
ds-job-045,89,54.97,22.68,0.0,printing,independent,lazy-fake
ds-job-045,90,47.15,25.69,0.0,printing,independent,lazy-fake
ds-job-045,91,51.87,24.33,0.0,printing,independent,lazy-fake
ds-job-045,92,51.87,25.39,0.0,cooling,independent,lazy-fake
ds-job-045,93,47.66,26.55,0.0,cooling,independent,lazy-fake
ds-job-045,94,51.22,28.57,0.0,cooling,independent,lazy-fake
ds-job-045,95,54.55,25.34,0.0,cooling,independent,lazy-fake
ds-job-045,96,50.84,29.02,0.0,cooling,independent,lazy-fake
ds-job-045,97,59.11,28.51,0.0,cooling,independent,lazy-fake
ds-job-045,98,52.8,25.35,0.0,cooling,independent,lazy-fake
ds-job-045,99,52.45,23.36,0.0,cooling,independent,lazy-fake
ds-job-045,100,52.13,26.13,0.0,cooling,independent,lazy-fake
ds-job-045,101,49.38,24.67,0.0,cooling,independent,lazy-fake
ds-job-046,0,40.0,25.37,0.0,idle,independent,lazy-fake
ds-job-046,1,49.49,24.66,0.0,idle,independent,lazy-fake
ds-job-046,2,48.7,25.98,0.0,idle,independent,lazy-fake
ds-job-046,3,51.33,24.46,0.0,idle,independent,lazy-fake
ds-job-046,4,52.33,23.55,0.0,idle,independent,lazy-fake
ds-job-046,5,49.31,25.0,0.0,idle,independent,lazy-fake
ds-job-046,6,47.4,25.08,0.0,idle,independent,lazy-fake
ds-job-046,7,49.39,22.71,0.0,idle,independent,lazy-fake
ds-job-046,8,52.0,23.18,0.0,heating,independent,lazy-fake
ds-job-046,9,44.76,20.51,0.0,heating,independent,lazy-fake
ds-job-046,10,51.76,24.55,0.0,heating,independent,lazy-fake
ds-job-046,11,51.48,26.09,0.0,heating,independent,lazy-fake
ds-job-046,12,46.58,25.07,0.0,heating,independent,lazy-fake
ds-job-046,13,48.4,23.16,0.0,heating,independent,lazy-fake
ds-job-046,14,53.16,25.08,0.0,heating,independent,lazy-fake
ds-job-046,15,53.51,26.72,0.0,heating,independent,lazy-fake
ds-job-046,16,48.46,24.57,0.0,heating,independent,lazy-fake
ds-job-046,17,52.65,27.45,0.0,heating,independent,lazy-fake
ds-job-046,18,51.52,25.74,0.0,heating,independent,lazy-fake
ds-job-046,19,54.86,22.77,0.0,heating,independent,lazy-fake
ds-job-046,20,44.58,26.19,0.0,heating,independent,lazy-fake
ds-job-046,21,50.26,25.88,0.0,heating,independent,lazy-fake
ds-job-046,22,54.19,24.4,0.0,heating,independent,lazy-fake
ds-job-046,23,49.18,26.25,0.0,heating,independent,lazy-fake
ds-job-046,24,43.58,22.57,0.0,heating,independent,lazy-fake
ds-job-046,25,51.07,25.95,0.0,heating,independent,lazy-fake
ds-job-046,26,51.12,23.43,0.0,heating,independent,lazy-fake
ds-job-046,27,49.48,22.35,0.0,heating,independent,lazy-fake
ds-job-046,28,51.43,27.21,0.0,heating,independent,lazy-fake
ds-job-046,29,46.81,27.14,0.0,heating,independent,lazy-fake
ds-job-046,30,43.18,29.35,0.0,heating,independent,lazy-fake
ds-job-046,31,50.9,22.18,0.0,heating,independent,lazy-fake
ds-job-046,32,52.49,24.43,0.0,heating,independent,lazy-fake
ds-job-046,33,50.53,24.29,0.0,heating,independent,lazy-fake
ds-job-046,34,49.41,24.42,0.0,printing,independent,lazy-fake
ds-job-046,35,50.56,24.48,0.0,printing,independent,lazy-fake
ds-job-046,36,49.42,26.58,0.0,printing,independent,lazy-fake
ds-job-046,37,46.96,25.36,0.0,printing,independent,lazy-fake
ds-job-046,38,49.84,23.63,0.0,printing,independent,lazy-fake
ds-job-046,39,48.46,23.2,0.0,printing,independent,lazy-fake
ds-job-046,40,52.34,25.18,0.0,printing,independent,lazy-fake
ds-job-046,41,50.32,24.22,0.0,printing,independent,lazy-fake
ds-job-046,42,50.77,26.85,0.0,printing,independent,lazy-fake
ds-job-046,43,52.62,22.42,0.0,printing,independent,lazy-fake
ds-job-046,44,51.94,23.7,0.0,printing,independent,lazy-fake
ds-job-046,45,48.95,23.57,0.0,printing,independent,lazy-fake
ds-job-046,46,47.66,22.46,0.0,printing,independent,lazy-fake
ds-job-046,47,50.88,25.99,0.0,printing,independent,lazy-fake
ds-job-046,48,47.96,23.11,0.0,printing,independent,lazy-fake
ds-job-046,49,51.0,25.72,0.0,printing,independent,lazy-fake
ds-job-046,50,51.79,28.66,0.0,printing,independent,lazy-fake
ds-job-046,51,52.24,27.03,0.0,printing,independent,lazy-fake
ds-job-046,52,49.05,23.62,0.0,printing,independent,lazy-fake
ds-job-046,53,50.36,25.24,0.0,printing,independent,lazy-fake
ds-job-046,54,46.28,22.33,0.0,printing,independent,lazy-fake
ds-job-046,55,54.07,25.53,0.0,printing,independent,lazy-fake
ds-job-046,56,54.74,22.99,0.0,printing,independent,lazy-fake
ds-job-046,57,45.94,26.24,0.0,printing,independent,lazy-fake
ds-job-046,58,45.82,21.05,0.0,printing,independent,lazy-fake
ds-job-046,59,51.95,25.82,0.0,printing,independent,lazy-fake
ds-job-046,60,47.87,22.55,0.0,printing,independent,lazy-fake
ds-job-046,61,52.77,24.13,0.0,printing,independent,lazy-fake
ds-job-046,62,48.48,27.19,0.0,printing,independent,lazy-fake
ds-job-046,63,51.2,26.36,0.0,printing,independent,lazy-fake
ds-job-046,64,47.8,25.71,0.0,printing,independent,lazy-fake
ds-job-046,65,51.28,24.69,0.0,printing,independent,lazy-fake
ds-job-046,66,52.46,23.84,0.0,printing,independent,lazy-fake
ds-job-046,67,55.5,28.05,0.0,printing,independent,lazy-fake
ds-job-046,68,52.39,26.17,0.0,printing,independent,lazy-fake
ds-job-046,69,49.12,23.7,0.0,printing,independent,lazy-fake
ds-job-046,70,45.18,26.31,0.0,printing,independent,lazy-fake
ds-job-046,71,52.72,22.4,0.0,printing,independent,lazy-fake
ds-job-046,72,53.03,27.21,0.0,printing,independent,lazy-fake
ds-job-046,73,53.47,25.03,0.0,printing,independent,lazy-fake
ds-job-046,74,49.25,22.1,0.0,printing,independent,lazy-fake
ds-job-046,75,46.71,26.48,0.0,printing,independent,lazy-fake
ds-job-046,76,50.26,26.25,0.0,printing,independent,lazy-fake
ds-job-046,77,46.13,20.28,0.0,printing,independent,lazy-fake
ds-job-046,78,54.38,22.34,0.0,printing,independent,lazy-fake
ds-job-046,79,48.98,27.18,0.0,printing,independent,lazy-fake
ds-job-046,80,50.44,24.52,0.0,printing,independent,lazy-fake
ds-job-046,81,52.77,25.01,0.0,printing,independent,lazy-fake
ds-job-046,82,50.0,23.65,0.0,printing,independent,lazy-fake
ds-job-046,83,50.58,26.81,0.0,printing,independent,lazy-fake
ds-job-046,84,46.5,23.86,0.0,printing,independent,lazy-fake
ds-job-046,85,49.5,24.88,0.0,printing,independent,lazy-fake
ds-job-046,86,47.1,27.26,0.0,printing,independent,lazy-fake
ds-job-046,87,47.32,25.45,0.0,printing,independent,lazy-fake
ds-job-046,88,52.66,27.07,0.0,printing,independent,lazy-fake
ds-job-046,89,41.8,25.78,0.0,printing,independent,lazy-fake
ds-job-046,90,53.09,23.61,0.0,printing,independent,lazy-fake
ds-job-046,91,44.59,25.54,0.0,printing,independent,lazy-fake
ds-job-046,92,51.64,23.93,0.0,printing,independent,lazy-fake
ds-job-046,93,46.7,25.6,0.0,printing,independent,lazy-fake
ds-job-046,94,51.74,26.58,0.0,printing,independent,lazy-fake
ds-job-046,95,45.22,25.62,0.0,printing,independent,lazy-fake
ds-job-046,96,49.18,26.62,0.0,printing,independent,lazy-fake
ds-job-046,97,45.53,27.19,0.0,printing,independent,lazy-fake
ds-job-046,98,50.49,24.73,0.0,printing,independent,lazy-fake
ds-job-046,99,52.62,23.87,0.0,printing,independent,lazy-fake
ds-job-046,100,45.91,27.28,0.0,printing,independent,lazy-fake
ds-job-046,101,45.34,27.5,0.0,printing,independent,lazy-fake
ds-job-046,102,46.44,26.4,0.0,printing,independent,lazy-fake
ds-job-046,103,48.87,26.44,0.0,printing,independent,lazy-fake
ds-job-046,104,53.65,26.14,0.0,printing,independent,lazy-fake
ds-job-046,105,48.27,27.36,0.0,printing,independent,lazy-fake
ds-job-046,106,53.48,22.62,0.0,printing,independent,lazy-fake
ds-job-046,107,48.03,25.02,0.0,printing,independent,lazy-fake
ds-job-046,108,48.93,24.38,0.0,printing,independent,lazy-fake
ds-job-046,109,49.78,26.06,0.0,printing,independent,lazy-fake
ds-job-046,110,52.2,26.08,0.0,printing,independent,lazy-fake
ds-job-046,111,48.78,26.16,0.0,printing,independent,lazy-fake
ds-job-046,112,50.69,24.04,0.0,printing,independent,lazy-fake
ds-job-046,113,48.47,25.14,0.0,printing,independent,lazy-fake
ds-job-046,114,59.01,24.7,0.0,printing,independent,lazy-fake
ds-job-046,115,50.11,25.9,0.0,printing,independent,lazy-fake
ds-job-046,116,51.87,26.47,0.0,printing,independent,lazy-fake
ds-job-046,117,50.14,24.46,0.0,printing,independent,lazy-fake
ds-job-046,118,54.64,22.71,0.0,printing,independent,lazy-fake
ds-job-046,119,55.38,23.25,0.0,printing,independent,lazy-fake
ds-job-046,120,51.37,24.81,0.0,printing,independent,lazy-fake
ds-job-046,121,54.46,25.07,0.0,printing,independent,lazy-fake
ds-job-046,122,52.64,26.81,0.0,printing,independent,lazy-fake
ds-job-046,123,49.15,28.81,0.0,printing,independent,lazy-fake
ds-job-046,124,45.76,27.51,0.0,printing,independent,lazy-fake
ds-job-046,125,47.76,23.97,0.0,printing,independent,lazy-fake
ds-job-046,126,53.58,22.31,0.0,printing,independent,lazy-fake
ds-job-046,127,53.07,23.61,0.0,printing,independent,lazy-fake
ds-job-046,128,49.65,24.11,0.0,printing,independent,lazy-fake
ds-job-046,129,46.57,26.14,0.0,printing,independent,lazy-fake
ds-job-046,130,52.39,25.5,0.0,printing,independent,lazy-fake
ds-job-046,131,56.83,25.89,0.0,printing,independent,lazy-fake
ds-job-046,132,54.23,24.17,0.0,printing,independent,lazy-fake
ds-job-046,133,50.08,23.21,0.0,printing,independent,lazy-fake
ds-job-046,134,54.57,26.1,0.0,printing,independent,lazy-fake
ds-job-046,135,55.65,25.94,0.0,printing,independent,lazy-fake
ds-job-046,136,51.21,21.62,0.0,printing,independent,lazy-fake
ds-job-046,137,49.82,28.43,0.0,printing,independent,lazy-fake
ds-job-046,138,50.0,22.79,0.0,printing,independent,lazy-fake
ds-job-046,139,53.2,25.74,0.0,printing,independent,lazy-fake
ds-job-046,140,55.2,25.76,0.0,printing,independent,lazy-fake
ds-job-046,141,47.38,24.85,0.0,printing,independent,lazy-fake
ds-job-046,142,56.17,24.18,0.0,printing,independent,lazy-fake
ds-job-046,143,49.16,25.63,0.0,printing,independent,lazy-fake
ds-job-046,144,49.65,22.34,0.0,printing,independent,lazy-fake
ds-job-046,145,48.38,23.69,0.0,printing,independent,lazy-fake
ds-job-046,146,52.35,27.0,0.0,printing,independent,lazy-fake
ds-job-046,147,54.5,24.23,0.0,printing,independent,lazy-fake
ds-job-046,148,52.31,23.14,0.0,printing,independent,lazy-fake
ds-job-046,149,49.68,28.18,0.0,printing,independent,lazy-fake
ds-job-046,150,50.27,22.02,0.0,printing,independent,lazy-fake
ds-job-046,151,52.0,25.88,0.0,printing,independent,lazy-fake
ds-job-046,152,55.82,24.39,0.0,printing,independent,lazy-fake
ds-job-046,153,56.62,27.25,0.0,printing,independent,lazy-fake
ds-job-046,154,49.9,24.73,0.0,printing,independent,lazy-fake
ds-job-046,155,44.7,25.69,0.0,printing,independent,lazy-fake
ds-job-046,156,50.88,24.8,0.0,printing,independent,lazy-fake
ds-job-046,157,47.82,27.35,0.0,printing,independent,lazy-fake
ds-job-046,158,46.98,26.39,0.0,cooling,independent,lazy-fake
ds-job-046,159,51.43,26.08,0.0,cooling,independent,lazy-fake
ds-job-046,160,48.1,26.18,0.0,cooling,independent,lazy-fake
ds-job-046,161,47.44,26.34,0.0,cooling,independent,lazy-fake
ds-job-046,162,52.42,25.82,0.0,cooling,independent,lazy-fake
ds-job-046,163,52.37,23.68,0.0,cooling,independent,lazy-fake
ds-job-046,164,55.97,25.28,0.0,cooling,independent,lazy-fake
ds-job-046,165,41.44,24.68,0.0,cooling,independent,lazy-fake
ds-job-046,166,49.77,23.23,0.0,cooling,independent,lazy-fake
ds-job-046,167,52.07,23.61,0.0,cooling,independent,lazy-fake
ds-job-046,168,51.99,25.13,0.0,cooling,independent,lazy-fake
ds-job-046,169,48.02,25.15,0.0,cooling,independent,lazy-fake
ds-job-046,170,56.19,23.45,0.0,cooling,independent,lazy-fake
ds-job-046,171,56.17,28.46,0.0,cooling,independent,lazy-fake
ds-job-046,172,47.61,25.91,0.0,cooling,independent,lazy-fake
ds-job-046,173,52.45,24.62,0.0,cooling,independent,lazy-fake
ds-job-046,174,54.92,24.15,0.0,cooling,independent,lazy-fake
ds-job-047,0,45.86,25.61,0.0,idle,independent,legitimate
ds-job-047,1,55.99,22.16,0.0,idle,independent,legitimate
ds-job-047,2,48.09,23.02,0.0,idle,independent,legitimate
ds-job-047,3,51.54,25.3,0.0,idle,independent,legitimate
ds-job-047,4,49.52,25.49,0.0,idle,independent,legitimate
ds-job-047,5,204.67,109.85,0.0,heating,independent,legitimate
ds-job-047,6,198.15,96.23,0.0,heating,independent,legitimate
ds-job-047,7,203.3,98.71,0.0,heating,independent,legitimate
ds-job-047,8,155.24,137.03,0.0,heating,independent,legitimate
ds-job-047,9,237.84,94.97,0.0,heating,independent,legitimate
ds-job-047,10,207.36,100.64,0.0,heating,independent,legitimate
ds-job-047,11,205.92,179.9,0.0,heating,independent,legitimate
ds-job-047,12,190.65,158.25,0.0,heating,independent,legitimate
ds-job-047,13,244.3,162.55,0.0,heating,independent,legitimate
ds-job-047,14,226.46,115.84,0.0,heating,independent,legitimate
ds-job-047,15,185.82,172.21,0.0,heating,independent,legitimate
ds-job-047,16,188.88,116.82,0.0,heating,independent,legitimate
ds-job-047,17,207.54,210.0,0.0,heating,independent,legitimate
ds-job-047,18,228.04,159.02,0.0,heating,independent,legitimate
ds-job-047,19,194.49,121.08,0.0,heating,independent,legitimate
ds-job-047,20,206.4,117.86,0.0,heating,independent,legitimate
ds-job-047,21,358.79,210.78,14.53,printing,independent,legitimate
ds-job-047,22,355.74,213.34,11.59,printing,independent,legitimate
ds-job-047,23,328.0,209.88,13.91,printing,independent,legitimate
ds-job-047,24,334.06,208.16,9.9,printing,independent,legitimate
ds-job-047,25,335.0,208.16,12.23,printing,independent,legitimate
ds-job-047,26,339.6,217.0,11.48,printing,independent,legitimate
ds-job-047,27,355.82,212.22,12.27,printing,independent,legitimate
ds-job-047,28,340.84,206.11,9.7,printing,independent,legitimate
ds-job-047,29,360.1,207.96,11.37,printing,independent,legitimate
ds-job-047,30,369.56,206.53,9.87,printing,independent,legitimate
ds-job-047,31,346.72,207.06,11.22,printing,independent,legitimate
ds-job-047,32,352.23,210.98,12.22,printing,independent,legitimate
ds-job-047,33,359.87,205.3,11.95,printing,independent,legitimate
ds-job-047,34,356.79,207.72,12.74,printing,independent,legitimate
ds-job-047,35,345.02,206.45,10.64,printing,independent,legitimate
ds-job-047,36,340.8,203.66,11.54,printing,independent,legitimate
ds-job-047,37,373.92,204.7,11.45,printing,independent,legitimate
ds-job-047,38,343.83,205.31,9.56,printing,independent,legitimate
ds-job-047,39,342.02,207.76,12.36,printing,independent,legitimate
ds-job-047,40,350.97,209.11,11.27,printing,independent,legitimate
ds-job-047,41,366.16,210.59,13.5,printing,independent,legitimate
ds-job-047,42,339.7,211.07,10.96,printing,independent,legitimate
ds-job-047,43,323.77,206.1,10.64,printing,independent,legitimate
ds-job-047,44,345.82,210.69,11.12,printing,independent,legitimate
ds-job-047,45,372.79,201.1,13.59,printing,independent,legitimate
ds-job-047,46,349.85,205.23,11.22,printing,independent,legitimate
ds-job-047,47,392.82,206.36,11.31,printing,independent,legitimate
ds-job-047,48,360.25,206.35,14.06,printing,independent,legitimate
ds-job-047,49,363.21,214.49,10.42,printing,independent,legitimate
ds-job-047,50,362.67,203.42,11.51,printing,independent,legitimate
ds-job-047,51,322.6,202.03,12.01,printing,independent,legitimate
ds-job-047,52,357.16,209.74,12.07,printing,independent,legitimate
ds-job-047,53,347.62,213.8,10.09,printing,independent,legitimate
ds-job-047,54,363.47,212.42,10.1,printing,independent,legitimate
ds-job-047,55,338.82,203.78,10.93,printing,independent,legitimate
ds-job-047,56,342.76,209.43,12.69,printing,independent,legitimate
ds-job-047,57,349.42,207.83,10.83,printing,independent,legitimate
ds-job-047,58,363.0,210.11,10.84,printing,independent,legitimate
ds-job-047,59,393.84,209.85,11.45,printing,independent,legitimate
ds-job-047,60,334.69,213.4,11.0,printing,independent,legitimate
ds-job-047,61,372.24,208.18,10.23,printing,independent,legitimate
ds-job-047,62,392.09,212.11,11.68,printing,independent,legitimate
ds-job-047,63,359.82,203.48,13.87,printing,independent,legitimate
ds-job-047,64,351.23,206.61,10.85,printing,independent,legitimate
ds-job-047,65,354.8,206.52,11.52,printing,independent,legitimate
ds-job-047,66,344.66,200.87,10.56,printing,independent,legitimate
ds-job-047,67,362.59,212.13,10.88,printing,independent,legitimate
ds-job-047,68,352.32,206.71,13.72,printing,independent,legitimate
ds-job-047,69,346.8,209.26,11.4,printing,independent,legitimate
ds-job-047,70,328.21,213.1,10.39,printing,independent,legitimate
ds-job-047,71,338.34,213.58,11.2,printing,independent,legitimate
ds-job-047,72,338.57,209.14,10.91,printing,independent,legitimate
ds-job-047,73,319.92,212.03,11.02,printing,independent,legitimate
ds-job-047,74,329.52,208.57,9.46,printing,independent,legitimate
ds-job-047,75,337.38,212.2,12.66,printing,independent,legitimate
ds-job-047,76,376.99,211.21,10.72,printing,independent,legitimate
ds-job-047,77,329.68,208.13,9.88,printing,independent,legitimate
ds-job-047,78,368.68,206.82,11.78,printing,independent,legitimate
ds-job-047,79,354.72,205.09,9.94,printing,independent,legitimate
ds-job-047,80,329.33,212.17,12.75,printing,independent,legitimate
ds-job-047,81,335.38,212.17,10.08,printing,independent,legitimate
ds-job-047,82,324.5,207.44,10.78,printing,independent,legitimate
ds-job-047,83,349.31,206.46,11.29,printing,independent,legitimate
ds-job-047,84,348.85,208.73,8.01,printing,independent,legitimate
ds-job-047,85,357.06,210.58,11.07,printing,independent,legitimate
ds-job-047,86,350.19,211.67,12.32,printing,independent,legitimate
ds-job-047,87,336.41,209.78,12.41,printing,independent,legitimate
ds-job-047,88,300.0,209.44,11.0,printing,independent,legitimate
ds-job-047,89,356.49,210.23,13.09,printing,independent,legitimate
ds-job-047,90,349.49,206.77,13.61,printing,independent,legitimate
ds-job-047,91,373.15,202.2,10.38,printing,independent,legitimate
ds-job-047,92,359.42,209.41,9.52,printing,independent,legitimate
ds-job-047,93,341.4,212.91,9.8,printing,independent,legitimate
ds-job-047,94,353.35,213.68,10.47,printing,independent,legitimate
ds-job-047,95,349.29,209.24,10.56,printing,independent,legitimate
ds-job-047,96,355.78,208.97,11.95,printing,independent,legitimate
ds-job-047,97,347.1,211.46,13.67,printing,independent,legitimate
ds-job-047,98,59.15,129.75,0.0,cooling,independent,legitimate
ds-job-047,99,61.09,88.3,0.0,cooling,independent,legitimate
ds-job-047,100,80.85,142.85,0.0,cooling,independent,legitimate
ds-job-047,101,59.78,187.88,0.0,cooling,independent,legitimate
ds-job-047,102,74.1,134.9,0.0,cooling,independent,legitimate
ds-job-047,103,69.18,133.3,0.0,cooling,independent,legitimate
ds-job-047,104,67.35,121.45,0.0,cooling,independent,legitimate
ds-job-047,105,63.81,81.82,0.0,cooling,independent,legitimate
ds-job-047,106,65.6,121.38,0.0,cooling,independent,legitimate
ds-job-047,107,56.61,120.33,0.0,cooling,independent,legitimate
ds-job-048,0,55.27,23.68,0.0,idle,independent,legitimate
ds-job-048,1,46.79,26.38,0.0,idle,independent,legitimate
ds-job-048,2,55.25,24.51,0.0,idle,independent,legitimate
ds-job-048,3,44.58,25.7,0.0,idle,independent,legitimate
ds-job-048,4,50.26,23.78,0.0,idle,independent,legitimate
ds-job-048,5,49.43,26.2,0.0,idle,independent,legitimate
ds-job-048,6,205.69,88.42,0.0,heating,independent,legitimate
ds-job-048,7,229.1,107.34,0.0,heating,independent,legitimate
ds-job-048,8,227.88,109.81,0.0,heating,independent,legitimate
ds-job-048,9,201.53,106.64,0.0,heating,independent,legitimate
ds-job-048,10,197.18,134.06,0.0,heating,independent,legitimate
ds-job-048,11,180.02,110.97,0.0,heating,independent,legitimate
ds-job-048,12,172.15,147.62,0.0,heating,independent,legitimate
ds-job-048,13,221.6,114.47,0.0,heating,independent,legitimate
ds-job-048,14,196.28,135.56,0.0,heating,independent,legitimate
ds-job-048,15,184.59,125.42,0.0,heating,independent,legitimate
ds-job-048,16,216.39,87.52,0.0,heating,independent,legitimate
ds-job-048,17,201.61,99.17,0.0,heating,independent,legitimate
ds-job-048,18,217.63,141.08,0.0,heating,independent,legitimate
ds-job-048,19,201.94,68.36,0.0,heating,independent,legitimate
ds-job-048,20,196.72,94.48,0.0,heating,independent,legitimate
ds-job-048,21,199.69,124.89,0.0,heating,independent,legitimate
ds-job-048,22,227.68,34.75,0.0,heating,independent,legitimate
ds-job-048,23,218.16,131.61,0.0,heating,independent,legitimate
ds-job-048,24,208.75,154.14,0.0,heating,independent,legitimate
ds-job-048,25,216.05,129.82,0.0,heating,independent,legitimate
ds-job-048,26,371.99,210.06,9.86,printing,independent,legitimate
ds-job-048,27,359.32,213.35,9.52,printing,independent,legitimate
ds-job-048,28,386.89,201.56,10.12,printing,independent,legitimate
ds-job-048,29,357.57,209.17,10.95,printing,independent,legitimate
ds-job-048,30,343.96,205.35,11.09,printing,independent,legitimate
ds-job-048,31,399.79,204.18,10.57,printing,independent,legitimate
ds-job-048,32,342.23,205.04,10.24,printing,independent,legitimate
ds-job-048,33,333.56,209.14,13.28,printing,independent,legitimate
ds-job-048,34,359.41,208.19,11.26,printing,independent,legitimate
ds-job-048,35,342.23,203.74,10.55,printing,independent,legitimate
ds-job-048,36,346.24,210.44,11.75,printing,independent,legitimate
ds-job-048,37,345.58,211.45,11.26,printing,independent,legitimate
ds-job-048,38,353.04,203.34,12.8,printing,independent,legitimate
ds-job-048,39,341.5,213.39,9.31,printing,independent,legitimate
ds-job-048,40,366.7,208.41,13.8,printing,independent,legitimate
ds-job-048,41,337.81,205.44,11.96,printing,independent,legitimate
ds-job-048,42,370.67,209.72,11.97,printing,independent,legitimate
ds-job-048,43,354.68,210.79,10.38,printing,independent,legitimate
ds-job-048,44,347.68,202.45,12.34,printing,independent,legitimate
ds-job-048,45,366.45,211.46,9.89,printing,independent,legitimate
ds-job-048,46,364.06,213.55,11.22,printing,independent,legitimate
ds-job-048,47,355.45,208.9,9.95,printing,independent,legitimate
ds-job-048,48,351.11,201.54,13.83,printing,independent,legitimate
ds-job-048,49,315.3,210.58,10.15,printing,independent,legitimate
ds-job-048,50,350.39,213.76,9.44,printing,independent,legitimate
ds-job-048,51,365.58,207.39,10.25,printing,independent,legitimate
ds-job-048,52,300.0,210.3,11.98,printing,independent,legitimate
ds-job-048,53,355.48,211.32,12.02,printing,independent,legitimate
ds-job-048,54,351.42,209.01,11.42,printing,independent,legitimate
ds-job-048,55,349.78,210.77,13.18,printing,independent,legitimate
ds-job-048,56,327.09,216.34,13.82,printing,independent,legitimate
ds-job-048,57,345.37,210.7,10.81,printing,independent,legitimate
ds-job-048,58,349.94,207.59,9.74,printing,independent,legitimate
ds-job-048,59,354.75,208.01,11.99,printing,independent,legitimate
ds-job-048,60,356.54,207.3,12.62,printing,independent,legitimate
ds-job-048,61,331.36,210.31,13.19,printing,independent,legitimate
ds-job-048,62,363.2,212.14,11.51,printing,independent,legitimate
ds-job-048,63,340.48,208.33,10.56,printing,independent,legitimate
ds-job-048,64,331.77,211.24,11.04,printing,independent,legitimate
ds-job-048,65,356.28,208.58,10.09,printing,independent,legitimate
ds-job-048,66,330.83,208.36,9.34,printing,independent,legitimate
ds-job-048,67,344.74,211.6,11.29,printing,independent,legitimate
ds-job-048,68,338.51,206.61,10.34,printing,independent,legitimate
ds-job-048,69,372.45,207.94,11.49,printing,independent,legitimate
ds-job-048,70,352.79,205.27,10.53,printing,independent,legitimate
ds-job-048,71,361.7,208.88,11.38,printing,independent,legitimate
ds-job-048,72,340.46,213.0,10.62,printing,independent,legitimate
ds-job-048,73,353.83,206.15,12.23,printing,independent,legitimate
ds-job-048,74,344.23,210.2,11.99,printing,independent,legitimate
ds-job-048,75,352.73,209.29,11.89,printing,independent,legitimate
ds-job-048,76,365.51,206.91,13.59,printing,independent,legitimate
ds-job-048,77,383.03,208.34,11.75,printing,independent,legitimate
ds-job-048,78,327.71,207.3,12.27,printing,independent,legitimate
ds-job-048,79,346.97,211.61,11.84,printing,independent,legitimate
ds-job-048,80,341.77,213.27,11.4,printing,independent,legitimate
ds-job-048,81,345.61,208.67,11.18,printing,independent,legitimate
ds-job-048,82,334.47,209.37,12.23,printing,independent,legitimate
ds-job-048,83,362.35,201.74,12.49,printing,independent,legitimate
ds-job-048,84,338.1,213.84,12.27,printing,independent,legitimate
ds-job-048,85,320.77,207.33,12.58,printing,independent,legitimate
ds-job-048,86,351.2,209.3,11.49,printing,independent,legitimate
ds-job-048,87,342.08,211.34,10.59,printing,independent,legitimate
ds-job-048,88,353.36,210.53,9.63,printing,independent,legitimate
ds-job-048,89,353.59,212.99,10.15,printing,independent,legitimate
ds-job-048,90,346.75,214.67,12.57,printing,independent,legitimate
ds-job-048,91,324.75,203.79,10.33,printing,independent,legitimate
ds-job-048,92,376.81,210.13,12.15,printing,independent,legitimate
ds-job-048,93,334.44,208.31,11.74,printing,independent,legitimate
ds-job-048,94,337.29,206.91,11.95,printing,independent,legitimate
ds-job-048,95,340.54,211.14,11.49,printing,independent,legitimate
ds-job-048,96,329.34,209.27,10.32,printing,independent,legitimate
ds-job-048,97,348.95,207.67,10.13,printing,independent,legitimate
ds-job-048,98,346.94,208.16,10.2,printing,independent,legitimate
ds-job-048,99,382.13,206.11,13.24,printing,independent,legitimate
ds-job-048,100,337.43,210.08,11.38,printing,independent,legitimate
ds-job-048,101,326.36,208.76,10.6,printing,independent,legitimate
ds-job-048,102,349.69,207.72,12.23,printing,independent,legitimate
ds-job-048,103,352.24,208.05,10.89,printing,independent,legitimate
ds-job-048,104,335.77,208.32,10.52,printing,independent,legitimate
ds-job-048,105,342.13,211.66,12.04,printing,independent,legitimate
ds-job-048,106,345.39,205.19,11.68,printing,independent,legitimate
ds-job-048,107,343.63,205.48,12.2,printing,independent,legitimate
ds-job-048,108,354.5,213.41,10.82,printing,independent,legitimate
ds-job-048,109,348.05,211.52,12.72,printing,independent,legitimate
ds-job-048,110,380.94,209.41,12.12,printing,independent,legitimate
ds-job-048,111,319.3,205.86,12.52,printing,independent,legitimate
ds-job-048,112,339.2,212.04,11.73,printing,independent,legitimate
ds-job-048,113,357.0,208.07,11.64,printing,independent,legitimate
ds-job-048,114,356.15,209.36,10.97,printing,independent,legitimate
ds-job-048,115,374.66,207.79,12.03,printing,independent,legitimate
ds-job-048,116,359.35,211.05,10.55,printing,independent,legitimate
ds-job-048,117,334.7,209.9,11.69,printing,independent,legitimate
ds-job-048,118,347.89,207.86,9.98,printing,independent,legitimate
ds-job-048,119,338.34,204.7,10.31,printing,independent,legitimate
ds-job-048,120,352.58,209.04,11.43,printing,independent,legitimate
ds-job-048,121,346.82,208.76,11.2,printing,independent,legitimate
ds-job-048,122,318.97,208.83,13.39,printing,independent,legitimate
ds-job-048,123,66.96,95.66,0.0,cooling,independent,legitimate
ds-job-048,124,61.23,108.24,0.0,cooling,independent,legitimate
ds-job-048,125,72.84,141.72,0.0,cooling,independent,legitimate
ds-job-048,126,62.26,80.73,0.0,cooling,independent,legitimate
ds-job-048,127,64.98,109.03,0.0,cooling,independent,legitimate
ds-job-048,128,66.24,127.53,0.0,cooling,independent,legitimate
ds-job-048,129,69.57,148.36,0.0,cooling,independent,legitimate
ds-job-048,130,59.3,121.01,0.0,cooling,independent,legitimate
ds-job-048,131,54.44,153.74,0.0,cooling,independent,legitimate
ds-job-048,132,61.68,76.45,0.0,cooling,independent,legitimate
ds-job-048,133,63.68,85.56,0.0,cooling,independent,legitimate
ds-job-048,134,59.45,153.15,0.0,cooling,independent,legitimate
ds-job-048,135,57.86,66.88,0.0,cooling,independent,legitimate
ds-job-049,0,50.33,26.14,0.0,idle,independent,sabotaged
ds-job-049,1,50.11,25.71,0.0,idle,independent,sabotaged
ds-job-049,2,46.69,24.38,0.0,idle,independent,sabotaged
ds-job-049,3,49.57,24.8,0.0,idle,independent,sabotaged
ds-job-049,4,52.94,23.53,0.0,idle,independent,sabotaged
ds-job-049,5,52.5,28.5,0.0,idle,independent,sabotaged
ds-job-049,6,47.61,24.38,0.0,idle,independent,sabotaged
ds-job-049,7,56.13,25.85,0.0,idle,independent,sabotaged
ds-job-049,8,220.9,130.49,0.0,heating,independent,sabotaged
ds-job-049,9,204.42,177.94,0.0,heating,independent,sabotaged
ds-job-049,10,199.51,125.84,0.0,heating,independent,sabotaged
ds-job-049,11,209.18,156.46,0.0,heating,independent,sabotaged
ds-job-049,12,198.35,122.62,0.0,heating,independent,sabotaged
ds-job-049,13,230.7,89.26,0.0,heating,independent,sabotaged
ds-job-049,14,212.61,204.2,0.0,heating,independent,sabotaged
ds-job-049,15,196.91,114.93,0.0,heating,independent,sabotaged
ds-job-049,16,207.49,132.02,0.0,heating,independent,sabotaged
ds-job-049,17,217.68,150.63,0.0,heating,independent,sabotaged
ds-job-049,18,186.39,127.14,0.0,heating,independent,sabotaged
ds-job-049,19,200.65,128.52,0.0,heating,independent,sabotaged
ds-job-049,20,216.45,151.79,0.0,heating,independent,sabotaged
ds-job-049,21,230.61,127.05,0.0,heating,independent,sabotaged
ds-job-049,22,191.94,69.7,0.0,heating,independent,sabotaged
ds-job-049,23,186.1,146.53,0.0,heating,independent,sabotaged
ds-job-049,24,215.4,120.48,0.0,heating,independent,sabotaged
ds-job-049,25,227.71,134.26,0.0,heating,independent,sabotaged
ds-job-049,26,187.69,103.8,0.0,heating,independent,sabotaged
ds-job-049,27,197.84,146.16,0.0,heating,independent,sabotaged
ds-job-049,28,215.32,117.05,0.0,heating,independent,sabotaged
ds-job-049,29,213.47,180.1,0.0,heating,independent,sabotaged
ds-job-049,30,195.55,99.85,0.0,heating,independent,sabotaged
ds-job-049,31,197.32,130.98,0.0,heating,independent,sabotaged
ds-job-049,32,224.92,150.1,0.0,heating,independent,sabotaged
ds-job-049,33,363.26,204.0,10.77,printing,independent,sabotaged
ds-job-049,34,320.89,205.31,11.91,printing,independent,sabotaged
ds-job-049,35,354.71,210.95,10.64,printing,independent,sabotaged
ds-job-049,36,354.22,211.63,11.47,printing,independent,sabotaged
ds-job-049,37,346.12,210.01,12.36,printing,independent,sabotaged
ds-job-049,38,350.69,208.12,11.46,printing,independent,sabotaged
ds-job-049,39,349.32,207.35,12.06,printing,independent,sabotaged
ds-job-049,40,329.27,210.03,11.78,printing,independent,sabotaged
ds-job-049,41,341.47,206.44,11.27,printing,independent,sabotaged
ds-job-049,42,305.45,209.08,12.07,printing,independent,sabotaged
ds-job-049,43,306.97,206.83,10.2,printing,independent,sabotaged
ds-job-049,44,379.0,209.64,10.91,printing,independent,sabotaged
ds-job-049,45,340.65,210.62,13.04,printing,independent,sabotaged
ds-job-049,46,324.69,207.98,12.75,printing,independent,sabotaged
ds-job-049,47,347.82,213.62,14.11,printing,independent,sabotaged
ds-job-049,48,380.3,212.03,10.32,printing,independent,sabotaged
ds-job-049,49,355.81,210.59,10.18,printing,independent,sabotaged
ds-job-049,50,358.48,206.26,12.32,printing,independent,sabotaged
ds-job-049,51,361.25,208.38,11.86,printing,independent,sabotaged
ds-job-049,52,325.81,209.86,12.38,printing,independent,sabotaged
ds-job-049,53,352.01,201.41,12.07,printing,independent,sabotaged
ds-job-049,54,348.98,210.26,12.48,printing,independent,sabotaged
ds-job-049,55,372.03,204.71,10.96,printing,independent,sabotaged
ds-job-049,56,347.79,208.87,11.7,printing,independent,sabotaged
ds-job-049,57,358.84,209.09,13.05,printing,independent,sabotaged
ds-job-049,58,357.18,213.08,12.78,printing,independent,sabotaged
ds-job-049,59,347.54,200.0,13.82,printing,independent,sabotaged
ds-job-049,60,344.4,209.01,10.3,printing,independent,sabotaged
ds-job-049,61,359.59,203.16,10.92,printing,independent,sabotaged
ds-job-049,62,355.12,211.57,13.68,printing,independent,sabotaged
ds-job-049,63,323.74,208.67,12.65,printing,independent,sabotaged
ds-job-049,64,348.91,206.04,10.28,printing,independent,sabotaged
ds-job-049,65,348.45,208.91,13.17,printing,independent,sabotaged
ds-job-049,66,345.01,209.52,11.84,printing,independent,sabotaged
ds-job-049,67,359.96,204.22,10.14,printing,independent,sabotaged
ds-job-049,68,379.03,209.08,12.02,printing,independent,sabotaged
ds-job-049,69,350.61,206.51,11.2,printing,independent,sabotaged
ds-job-049,70,339.08,200.0,9.39,printing,independent,sabotaged
ds-job-049,71,341.63,209.36,10.96,printing,independent,sabotaged
ds-job-049,72,375.7,208.89,12.0,printing,independent,sabotaged
ds-job-049,73,322.59,209.28,11.35,printing,independent,sabotaged
ds-job-049,74,349.81,210.56,11.81,printing,independent,sabotaged
ds-job-049,75,348.88,208.68,11.27,printing,independent,sabotaged
ds-job-049,76,371.31,210.26,12.2,printing,independent,sabotaged
ds-job-049,77,366.87,212.51,10.82,printing,independent,sabotaged
ds-job-049,78,334.62,209.12,13.44,printing,independent,sabotaged
ds-job-049,79,337.58,204.51,11.02,printing,independent,sabotaged
ds-job-049,80,355.61,210.72,10.38,printing,independent,sabotaged
ds-job-049,81,368.86,212.37,9.56,printing,independent,sabotaged
ds-job-049,82,351.15,213.45,12.79,printing,independent,sabotaged
ds-job-049,83,352.78,211.96,12.84,printing,independent,sabotaged
ds-job-049,84,364.01,207.69,11.16,printing,independent,sabotaged
ds-job-049,85,360.22,207.23,11.34,printing,independent,sabotaged
ds-job-049,86,344.39,212.28,12.23,printing,independent,sabotaged
ds-job-049,87,336.92,208.71,10.07,printing,independent,sabotaged
ds-job-049,88,338.83,211.95,11.74,printing,independent,sabotaged
ds-job-049,89,333.06,211.81,10.47,printing,independent,sabotaged
ds-job-049,90,339.73,204.93,12.33,printing,independent,sabotaged
ds-job-049,91,343.54,207.03,10.66,printing,independent,sabotaged
ds-job-049,92,343.77,208.84,11.33,printing,independent,sabotaged
ds-job-049,93,290.0,209.94,0.0,printing,independent,sabotaged
ds-job-049,94,290.0,210.84,0.0,printing,independent,sabotaged
ds-job-049,95,290.0,208.59,0.0,printing,independent,sabotaged
ds-job-049,96,369.77,204.59,11.68,printing,independent,sabotaged
ds-job-049,97,327.99,206.88,12.14,printing,independent,sabotaged
ds-job-049,98,352.39,208.11,8.0,printing,independent,sabotaged
ds-job-049,99,364.3,206.97,11.8,printing,independent,sabotaged
ds-job-049,100,330.49,209.29,11.67,printing,independent,sabotaged
ds-job-049,101,381.63,207.5,12.17,printing,independent,sabotaged
ds-job-049,102,346.95,206.36,13.37,printing,independent,sabotaged
ds-job-049,103,384.68,205.42,14.8,printing,independent,sabotaged
ds-job-049,104,341.15,208.45,11.88,printing,independent,sabotaged
ds-job-049,105,358.2,210.01,10.03,printing,independent,sabotaged
ds-job-049,106,334.01,215.69,10.24,printing,independent,sabotaged
ds-job-049,107,379.3,214.23,11.56,printing,independent,sabotaged
ds-job-049,108,355.54,207.95,8.07,printing,independent,sabotaged
ds-job-049,109,337.88,207.21,11.86,printing,independent,sabotaged
ds-job-049,110,359.25,208.74,10.52,printing,independent,sabotaged
ds-job-049,111,372.31,209.7,12.37,printing,independent,sabotaged
ds-job-049,112,331.29,213.41,12.8,printing,independent,sabotaged
ds-job-049,113,398.11,212.8,14.05,printing,independent,sabotaged
ds-job-049,114,364.33,206.39,11.52,printing,independent,sabotaged
ds-job-049,115,323.47,208.96,12.72,printing,independent,sabotaged
ds-job-049,116,318.11,210.67,12.09,printing,independent,sabotaged
ds-job-049,117,324.16,213.18,11.87,printing,independent,sabotaged
ds-job-049,118,333.36,211.42,13.26,printing,independent,sabotaged
ds-job-049,119,339.82,208.64,11.47,printing,independent,sabotaged
ds-job-049,120,358.85,206.98,8.97,printing,independent,sabotaged
ds-job-049,121,363.95,204.99,12.66,printing,independent,sabotaged
ds-job-049,122,347.44,201.75,11.61,printing,independent,sabotaged
ds-job-049,123,330.23,206.72,10.81,printing,independent,sabotaged
ds-job-049,124,344.81,204.1,10.37,printing,independent,sabotaged
ds-job-049,125,346.34,207.64,11.44,printing,independent,sabotaged
ds-job-049,126,363.09,210.1,12.63,printing,independent,sabotaged
ds-job-049,127,328.52,212.31,13.23,printing,independent,sabotaged
ds-job-049,128,356.24,215.91,11.62,printing,independent,sabotaged
ds-job-049,129,379.27,209.52,12.25,printing,independent,sabotaged
ds-job-049,130,368.06,210.62,10.52,printing,independent,sabotaged
ds-job-049,131,324.72,208.55,9.79,printing,independent,sabotaged
ds-job-049,132,352.66,209.71,13.93,printing,independent,sabotaged
ds-job-049,133,348.66,210.67,11.36,printing,independent,sabotaged
ds-job-049,134,345.72,211.87,12.22,printing,independent,sabotaged
ds-job-049,135,343.32,210.1,11.0,printing,independent,sabotaged
ds-job-049,136,342.49,207.87,10.33,printing,independent,sabotaged
ds-job-049,137,371.83,209.56,12.07,printing,independent,sabotaged
ds-job-049,138,353.06,214.2,9.72,printing,independent,sabotaged
ds-job-049,139,337.89,209.01,12.52,printing,independent,sabotaged
ds-job-049,140,372.79,206.86,9.56,printing,independent,sabotaged
ds-job-049,141,353.63,204.54,13.47,printing,independent,sabotaged
ds-job-049,142,312.34,203.81,9.2,printing,independent,sabotaged
ds-job-049,143,356.59,210.67,12.14,printing,independent,sabotaged
ds-job-049,144,367.5,213.57,13.73,printing,independent,sabotaged
ds-job-049,145,333.36,204.12,11.09,printing,independent,sabotaged
ds-job-049,146,333.09,206.53,11.1,printing,independent,sabotaged
ds-job-049,147,338.28,209.76,11.98,printing,independent,sabotaged
ds-job-049,148,343.82,207.74,9.55,printing,independent,sabotaged
ds-job-049,149,354.72,201.83,10.69,printing,independent,sabotaged
ds-job-049,150,340.21,208.59,12.46,printing,independent,sabotaged
ds-job-049,151,348.83,207.04,11.54,printing,independent,sabotaged
ds-job-049,152,328.23,214.33,10.48,printing,independent,sabotaged
ds-job-049,153,70.08,97.79,0.0,cooling,independent,sabotaged
ds-job-049,154,62.23,146.13,0.0,cooling,independent,sabotaged
ds-job-049,155,61.02,58.33,0.0,cooling,independent,sabotaged
ds-job-049,156,69.9,57.55,0.0,cooling,independent,sabotaged
ds-job-049,157,82.66,63.37,0.0,cooling,independent,sabotaged
ds-job-049,158,60.87,104.98,0.0,cooling,independent,sabotaged
ds-job-049,159,72.49,85.92,0.0,cooling,independent,sabotaged
ds-job-049,160,58.54,160.55,0.0,cooling,independent,sabotaged
ds-job-049,161,71.73,152.06,0.0,cooling,independent,sabotaged
ds-job-049,162,90.0,122.05,0.0,cooling,independent,sabotaged
ds-job-049,163,64.26,176.66,0.0,cooling,independent,sabotaged
ds-job-049,164,58.83,127.01,0.0,cooling,independent,sabotaged
ds-job-049,165,76.67,121.48,0.0,cooling,independent,sabotaged
ds-job-049,166,77.24,150.0,0.0,cooling,independent,sabotaged
ds-job-049,167,85.74,132.54,0.0,cooling,independent,sabotaged
ds-job-049,168,72.37,159.96,0.0,cooling,independent,sabotaged
ds-job-049,169,70.21,135.56,0.0,cooling,independent,sabotaged
ds-job-050,0,48.58,24.98,0.0,idle,independent,lazy-fake
ds-job-050,1,45.14,25.03,0.0,idle,independent,lazy-fake
ds-job-050,2,54.94,25.03,0.0,idle,independent,lazy-fake
ds-job-050,3,50.03,24.83,0.0,idle,independent,lazy-fake
ds-job-050,4,52.0,25.95,0.0,idle,independent,lazy-fake
ds-job-050,5,47.87,26.38,0.0,idle,independent,lazy-fake
ds-job-050,6,49.6,24.86,0.0,idle,independent,lazy-fake
ds-job-050,7,42.09,25.66,0.0,heating,independent,lazy-fake
ds-job-050,8,49.06,23.12,0.0,heating,independent,lazy-fake
ds-job-050,9,49.52,23.26,0.0,heating,independent,lazy-fake
ds-job-050,10,49.7,23.61,0.0,heating,independent,lazy-fake
ds-job-050,11,55.89,22.82,0.0,heating,independent,lazy-fake
ds-job-050,12,48.13,22.97,0.0,heating,independent,lazy-fake
ds-job-050,13,50.25,24.13,0.0,heating,independent,lazy-fake
ds-job-050,14,55.02,25.22,0.0,heating,independent,lazy-fake
ds-job-050,15,53.19,23.69,0.0,heating,independent,lazy-fake
ds-job-050,16,49.61,25.7,0.0,heating,independent,lazy-fake
ds-job-050,17,49.49,20.98,0.0,heating,independent,lazy-fake
ds-job-050,18,55.87,22.61,0.0,heating,independent,lazy-fake
ds-job-050,19,54.64,26.14,0.0,heating,independent,lazy-fake
ds-job-050,20,46.28,27.22,0.0,heating,independent,lazy-fake
ds-job-050,21,49.13,21.04,0.0,heating,independent,lazy-fake
ds-job-050,22,48.76,25.34,0.0,heating,independent,lazy-fake
ds-job-050,23,52.97,26.41,0.0,heating,independent,lazy-fake
ds-job-050,24,47.5,25.04,0.0,heating,independent,lazy-fake
ds-job-050,25,48.1,25.8,0.0,heating,independent,lazy-fake
ds-job-050,26,51.72,27.15,0.0,heating,independent,lazy-fake
ds-job-050,27,51.53,23.14,0.0,heating,independent,lazy-fake
ds-job-050,28,53.0,21.79,0.0,heating,independent,lazy-fake
ds-job-050,29,48.39,22.21,0.0,heating,independent,lazy-fake
ds-job-050,30,54.29,25.52,0.0,printing,independent,lazy-fake
ds-job-050,31,50.44,24.14,0.0,printing,independent,lazy-fake
ds-job-050,32,43.52,26.87,0.0,printing,independent,lazy-fake
ds-job-050,33,44.85,24.35,0.0,printing,independent,lazy-fake
ds-job-050,34,50.56,27.96,0.0,printing,independent,lazy-fake
ds-job-050,35,49.78,25.78,0.0,printing,independent,lazy-fake
ds-job-050,36,42.33,24.29,0.0,printing,independent,lazy-fake
ds-job-050,37,47.66,26.62,0.0,printing,independent,lazy-fake
ds-job-050,38,49.56,22.68,0.0,printing,independent,lazy-fake
ds-job-050,39,52.83,24.55,0.0,printing,independent,lazy-fake
ds-job-050,40,48.23,24.3,0.0,printing,independent,lazy-fake
ds-job-050,41,48.98,22.24,0.0,printing,independent,lazy-fake
ds-job-050,42,50.21,25.42,0.0,printing,independent,lazy-fake
ds-job-050,43,48.3,23.08,0.0,printing,independent,lazy-fake
ds-job-050,44,53.84,26.0,0.0,printing,independent,lazy-fake
ds-job-050,45,44.48,24.87,0.0,printing,independent,lazy-fake
ds-job-050,46,49.41,25.55,0.0,printing,independent,lazy-fake
ds-job-050,47,50.87,27.46,0.0,printing,independent,lazy-fake
ds-job-050,48,44.46,23.92,0.0,printing,independent,lazy-fake
ds-job-050,49,45.12,26.84,0.0,printing,independent,lazy-fake
ds-job-050,50,49.04,23.91,0.0,printing,independent,lazy-fake
ds-job-050,51,52.23,26.11,0.0,printing,independent,lazy-fake
ds-job-050,52,45.68,24.99,0.0,printing,independent,lazy-fake
ds-job-050,53,43.14,22.63,0.0,printing,independent,lazy-fake
ds-job-050,54,48.34,26.75,0.0,printing,independent,lazy-fake
ds-job-050,55,52.58,25.37,0.0,printing,independent,lazy-fake
ds-job-050,56,50.8,23.96,0.0,printing,independent,lazy-fake
ds-job-050,57,50.54,26.96,0.0,printing,independent,lazy-fake
ds-job-050,58,47.96,25.35,0.0,printing,independent,lazy-fake
ds-job-050,59,50.08,22.55,0.0,printing,independent,lazy-fake
ds-job-050,60,43.24,28.26,0.0,printing,independent,lazy-fake
ds-job-050,61,48.04,22.94,0.0,printing,independent,lazy-fake
ds-job-050,62,53.6,27.88,0.0,printing,independent,lazy-fake
ds-job-050,63,49.8,26.92,0.0,printing,independent,lazy-fake
ds-job-050,64,60.0,26.52,0.0,printing,independent,lazy-fake
ds-job-050,65,49.79,24.91,0.0,printing,independent,lazy-fake
ds-job-050,66,47.84,27.69,0.0,printing,independent,lazy-fake
ds-job-050,67,48.67,23.39,0.0,printing,independent,lazy-fake
ds-job-050,68,52.07,24.94,0.0,printing,independent,lazy-fake
ds-job-050,69,50.94,24.17,0.0,printing,independent,lazy-fake
ds-job-050,70,45.75,25.3,0.0,printing,independent,lazy-fake
ds-job-050,71,54.43,24.86,0.0,printing,independent,lazy-fake
ds-job-050,72,49.41,21.16,0.0,printing,independent,lazy-fake
ds-job-050,73,52.17,25.59,0.0,printing,independent,lazy-fake
ds-job-050,74,47.59,23.4,0.0,printing,independent,lazy-fake
ds-job-050,75,55.11,28.64,0.0,printing,independent,lazy-fake
ds-job-050,76,43.16,26.01,0.0,printing,independent,lazy-fake
ds-job-050,77,48.57,26.68,0.0,printing,independent,lazy-fake
ds-job-050,78,50.8,22.54,0.0,printing,independent,lazy-fake
ds-job-050,79,45.32,24.77,0.0,printing,independent,lazy-fake
ds-job-050,80,52.94,20.78,0.0,printing,independent,lazy-fake
ds-job-050,81,50.71,27.7,0.0,printing,independent,lazy-fake
ds-job-050,82,54.09,26.31,0.0,printing,independent,lazy-fake
ds-job-050,83,50.33,25.14,0.0,printing,independent,lazy-fake
ds-job-050,84,49.93,25.04,0.0,printing,independent,lazy-fake
ds-job-050,85,46.7,25.32,0.0,printing,independent,lazy-fake
ds-job-050,86,48.29,27.05,0.0,printing,independent,lazy-fake
ds-job-050,87,53.31,24.57,0.0,printing,independent,lazy-fake
ds-job-050,88,53.8,23.6,0.0,printing,independent,lazy-fake
ds-job-050,89,44.4,23.78,0.0,printing,independent,lazy-fake
ds-job-050,90,51.0,26.89,0.0,printing,independent,lazy-fake
ds-job-050,91,55.57,24.84,0.0,printing,independent,lazy-fake
ds-job-050,92,54.14,24.49,0.0,printing,independent,lazy-fake
ds-job-050,93,53.31,29.07,0.0,printing,independent,lazy-fake
ds-job-050,94,47.7,25.47,0.0,printing,independent,lazy-fake
ds-job-050,95,43.35,26.8,0.0,printing,independent,lazy-fake
ds-job-050,96,45.74,24.62,0.0,printing,independent,lazy-fake
ds-job-050,97,57.1,24.76,0.0,printing,independent,lazy-fake
ds-job-050,98,46.13,27.0,0.0,printing,independent,lazy-fake
ds-job-050,99,51.05,28.24,0.0,printing,independent,lazy-fake
ds-job-050,100,45.62,23.69,0.0,printing,independent,lazy-fake
ds-job-050,101,49.29,26.83,0.0,printing,independent,lazy-fake
ds-job-050,102,49.33,22.95,0.0,printing,independent,lazy-fake
ds-job-050,103,52.75,25.2,0.0,printing,independent,lazy-fake
ds-job-050,104,52.3,24.65,0.0,printing,independent,lazy-fake
ds-job-050,105,46.46,24.86,0.0,printing,independent,lazy-fake
ds-job-050,106,49.17,23.66,0.0,printing,independent,lazy-fake
ds-job-050,107,49.84,26.94,0.0,printing,independent,lazy-fake
ds-job-050,108,52.28,23.04,0.0,printing,independent,lazy-fake
ds-job-050,109,51.44,24.09,0.0,printing,independent,lazy-fake
ds-job-050,110,49.72,26.06,0.0,printing,independent,lazy-fake
ds-job-050,111,57.04,24.34,0.0,printing,independent,lazy-fake
ds-job-050,112,50.09,27.2,0.0,printing,independent,lazy-fake
ds-job-050,113,53.81,26.51,0.0,printing,independent,lazy-fake
ds-job-050,114,56.1,25.78,0.0,printing,independent,lazy-fake
ds-job-050,115,46.76,24.04,0.0,printing,independent,lazy-fake
ds-job-050,116,51.18,24.63,0.0,printing,independent,lazy-fake
ds-job-050,117,46.61,25.63,0.0,printing,independent,lazy-fake
ds-job-050,118,52.63,24.09,0.0,printing,independent,lazy-fake
ds-job-050,119,47.46,25.08,0.0,printing,independent,lazy-fake
ds-job-050,120,50.17,24.69,0.0,printing,independent,lazy-fake
ds-job-050,121,48.55,27.82,0.0,printing,independent,lazy-fake
ds-job-050,122,45.57,27.07,0.0,printing,independent,lazy-fake
ds-job-050,123,50.14,25.4,0.0,printing,independent,lazy-fake
ds-job-050,124,56.77,26.23,0.0,printing,independent,lazy-fake
ds-job-050,125,53.22,24.31,0.0,printing,independent,lazy-fake
ds-job-050,126,46.47,26.1,0.0,printing,independent,lazy-fake
ds-job-050,127,51.5,24.66,0.0,printing,independent,lazy-fake
ds-job-050,128,51.3,25.66,0.0,printing,independent,lazy-fake
ds-job-050,129,46.26,28.37,0.0,printing,independent,lazy-fake
ds-job-050,130,48.43,24.78,0.0,printing,independent,lazy-fake
ds-job-050,131,49.02,26.05,0.0,printing,independent,lazy-fake
ds-job-050,132,47.06,21.41,0.0,printing,independent,lazy-fake
ds-job-050,133,48.1,26.52,0.0,printing,independent,lazy-fake
ds-job-050,134,43.78,24.14,0.0,printing,independent,lazy-fake
ds-job-050,135,53.9,25.3,0.0,printing,independent,lazy-fake
ds-job-050,136,48.68,26.42,0.0,printing,independent,lazy-fake
ds-job-050,137,50.57,25.76,0.0,printing,independent,lazy-fake
ds-job-050,138,52.1,25.65,0.0,printing,independent,lazy-fake
ds-job-050,139,48.77,21.63,0.0,printing,independent,lazy-fake
ds-job-050,140,53.92,28.78,0.0,printing,independent,lazy-fake
ds-job-050,141,45.39,24.6,0.0,cooling,independent,lazy-fake
ds-job-050,142,49.74,24.33,0.0,cooling,independent,lazy-fake
ds-job-050,143,49.1,22.95,0.0,cooling,independent,lazy-fake
ds-job-050,144,43.22,24.12,0.0,cooling,independent,lazy-fake
ds-job-050,145,45.28,23.35,0.0,cooling,independent,lazy-fake
ds-job-050,146,49.66,26.02,0.0,cooling,independent,lazy-fake
ds-job-050,147,52.53,26.67,0.0,cooling,independent,lazy-fake
ds-job-050,148,52.22,23.83,0.0,cooling,independent,lazy-fake
ds-job-050,149,51.93,24.6,0.0,cooling,independent,lazy-fake
ds-job-050,150,45.83,21.58,0.0,cooling,independent,lazy-fake
ds-job-050,151,53.63,27.4,0.0,cooling,independent,lazy-fake
ds-job-050,152,49.99,25.01,0.0,cooling,independent,lazy-fake
ds-job-050,153,51.2,24.97,0.0,cooling,independent,lazy-fake
ds-job-050,154,46.65,22.53,0.0,cooling,independent,lazy-fake
ds-job-050,155,48.49,22.49,0.0,cooling,independent,lazy-fake
ds-job-051,0,50.37,25.65,0.0,idle,independent,legitimate
ds-job-051,1,51.55,25.42,0.0,idle,independent,legitimate
ds-job-051,2,54.93,26.33,0.0,idle,independent,legitimate
ds-job-051,3,46.26,25.54,0.0,idle,independent,legitimate
ds-job-051,4,52.02,23.4,0.0,idle,independent,legitimate
ds-job-051,5,55.53,24.5,0.0,idle,independent,legitimate
ds-job-051,6,52.17,25.95,0.0,idle,independent,legitimate
ds-job-051,7,51.57,23.52,0.0,idle,independent,legitimate
ds-job-051,8,205.59,132.5,0.0,heating,independent,legitimate
ds-job-051,9,241.17,132.11,0.0,heating,independent,legitimate
ds-job-051,10,207.58,144.44,0.0,heating,independent,legitimate
ds-job-051,11,206.06,112.75,0.0,heating,independent,legitimate
ds-job-051,12,195.66,80.33,0.0,heating,independent,legitimate
ds-job-051,13,196.72,138.66,0.0,heating,independent,legitimate
ds-job-051,14,195.04,128.96,0.0,heating,independent,legitimate
ds-job-051,15,207.31,93.18,0.0,heating,independent,legitimate
ds-job-051,16,234.9,174.41,0.0,heating,independent,legitimate
ds-job-051,17,209.48,79.44,0.0,heating,independent,legitimate
ds-job-051,18,214.49,83.01,0.0,heating,independent,legitimate
ds-job-051,19,176.21,103.45,0.0,heating,independent,legitimate
ds-job-051,20,208.02,159.21,0.0,heating,independent,legitimate
ds-job-051,21,210.83,108.29,0.0,heating,independent,legitimate
ds-job-051,22,159.64,143.8,0.0,heating,independent,legitimate
ds-job-051,23,217.98,96.12,0.0,heating,independent,legitimate
ds-job-051,24,221.33,97.33,0.0,heating,independent,legitimate
ds-job-051,25,233.0,117.73,0.0,heating,independent,legitimate
ds-job-051,26,206.93,111.11,0.0,heating,independent,legitimate
ds-job-051,27,214.38,138.77,0.0,heating,independent,legitimate
ds-job-051,28,203.2,142.44,0.0,heating,independent,legitimate
ds-job-051,29,227.07,115.46,0.0,heating,independent,legitimate
ds-job-051,30,194.45,62.12,0.0,heating,independent,legitimate
ds-job-051,31,214.08,146.62,0.0,heating,independent,legitimate
ds-job-051,32,365.52,208.21,12.36,printing,independent,legitimate
ds-job-051,33,381.56,209.71,12.32,printing,independent,legitimate
ds-job-051,34,345.59,206.27,10.58,printing,independent,legitimate
ds-job-051,35,308.72,207.5,12.12,printing,independent,legitimate
ds-job-051,36,369.76,212.22,10.61,printing,independent,legitimate
ds-job-051,37,352.94,209.44,10.58,printing,independent,legitimate
ds-job-051,38,332.51,205.05,13.8,printing,independent,legitimate
ds-job-051,39,338.75,205.25,12.99,printing,independent,legitimate
ds-job-051,40,360.46,208.81,10.34,printing,independent,legitimate
ds-job-051,41,380.89,209.7,11.8,printing,independent,legitimate
ds-job-051,42,342.9,209.3,11.75,printing,independent,legitimate
ds-job-051,43,373.84,207.71,10.07,printing,independent,legitimate
ds-job-051,44,330.82,212.16,9.59,printing,independent,legitimate
ds-job-051,45,350.52,209.12,10.67,printing,independent,legitimate
ds-job-051,46,346.23,211.12,13.26,printing,independent,legitimate
ds-job-051,47,339.96,209.79,9.61,printing,independent,legitimate
ds-job-051,48,370.78,204.76,12.44,printing,independent,legitimate
ds-job-051,49,337.82,202.84,12.82,printing,independent,legitimate
ds-job-051,50,365.32,208.01,10.49,printing,independent,legitimate
ds-job-051,51,349.25,205.48,11.58,printing,independent,legitimate
ds-job-051,52,327.79,207.47,10.17,printing,independent,legitimate
ds-job-051,53,315.64,210.31,14.25,printing,independent,legitimate
ds-job-051,54,337.81,211.85,9.41,printing,independent,legitimate
ds-job-051,55,351.57,206.58,9.27,printing,independent,legitimate
ds-job-051,56,363.43,214.55,12.98,printing,independent,legitimate
ds-job-051,57,334.54,204.98,12.85,printing,independent,legitimate
ds-job-051,58,378.78,207.75,12.81,printing,independent,legitimate
ds-job-051,59,349.03,210.22,9.9,printing,independent,legitimate
ds-job-051,60,347.21,212.97,12.74,printing,independent,legitimate
ds-job-051,61,357.95,206.69,10.78,printing,independent,legitimate
ds-job-051,62,325.31,208.49,12.16,printing,independent,legitimate
ds-job-051,63,354.34,208.4,11.24,printing,independent,legitimate
ds-job-051,64,360.26,208.08,9.58,printing,independent,legitimate
ds-job-051,65,355.04,208.58,10.34,printing,independent,legitimate
ds-job-051,66,376.55,207.5,11.71,printing,independent,legitimate
ds-job-051,67,300.0,206.61,11.15,printing,independent,legitimate
ds-job-051,68,362.21,210.87,9.27,printing,independent,legitimate
ds-job-051,69,323.55,206.09,10.98,printing,independent,legitimate
ds-job-051,70,370.69,211.7,10.54,printing,independent,legitimate
ds-job-051,71,326.46,209.83,12.97,printing,independent,legitimate
ds-job-051,72,366.09,210.07,11.94,printing,independent,legitimate
ds-job-051,73,340.73,210.11,10.65,printing,independent,legitimate
ds-job-051,74,351.14,204.73,10.31,printing,independent,legitimate
ds-job-051,75,353.74,210.63,11.27,printing,independent,legitimate
ds-job-051,76,349.27,207.29,10.95,printing,independent,legitimate
ds-job-051,77,357.38,205.93,11.82,printing,independent,legitimate
ds-job-051,78,371.93,212.75,10.67,printing,independent,legitimate
ds-job-051,79,345.81,212.73,10.46,printing,independent,legitimate
ds-job-051,80,359.22,206.37,9.08,printing,independent,legitimate
ds-job-051,81,341.75,204.82,10.16,printing,independent,legitimate
ds-job-051,82,344.45,204.73,13.97,printing,independent,legitimate
ds-job-051,83,339.7,207.66,12.42,printing,independent,legitimate
ds-job-051,84,321.06,205.92,11.77,printing,independent,legitimate
ds-job-051,85,331.29,204.79,12.05,printing,independent,legitimate
ds-job-051,86,333.13,211.99,10.31,printing,independent,legitimate
ds-job-051,87,365.16,214.13,12.22,printing,independent,legitimate
ds-job-051,88,346.93,208.74,12.1,printing,independent,legitimate
ds-job-051,89,327.01,206.45,12.35,printing,independent,legitimate
ds-job-051,90,335.48,207.51,12.52,printing,independent,legitimate
ds-job-051,91,334.34,212.61,12.31,printing,independent,legitimate
ds-job-051,92,357.66,213.46,10.56,printing,independent,legitimate
ds-job-051,93,370.5,208.6,11.19,printing,independent,legitimate
ds-job-051,94,321.47,212.26,10.14,printing,independent,legitimate
ds-job-051,95,355.56,208.27,12.99,printing,independent,legitimate
ds-job-051,96,362.09,207.79,10.71,printing,independent,legitimate
ds-job-051,97,326.81,207.67,12.14,printing,independent,legitimate
ds-job-051,98,350.48,213.97,12.47,printing,independent,legitimate
ds-job-051,99,329.16,207.5,10.62,printing,independent,legitimate
ds-job-051,100,360.75,214.35,11.31,printing,independent,legitimate
ds-job-051,101,370.97,205.83,12.56,printing,independent,legitimate
ds-job-051,102,362.47,210.66,11.08,printing,independent,legitimate
ds-job-051,103,343.37,208.48,9.83,printing,independent,legitimate
ds-job-051,104,345.15,210.53,8.65,printing,independent,legitimate
ds-job-051,105,343.71,209.42,10.65,printing,independent,legitimate
ds-job-051,106,349.36,207.69,9.38,printing,independent,legitimate
ds-job-051,107,346.29,206.98,13.33,printing,independent,legitimate
ds-job-051,108,349.45,212.96,9.53,printing,independent,legitimate
ds-job-051,109,338.26,207.8,12.35,printing,independent,legitimate
ds-job-051,110,364.82,215.88,14.37,printing,independent,legitimate
ds-job-051,111,348.91,210.03,11.85,printing,independent,legitimate
ds-job-051,112,318.66,209.23,11.89,printing,independent,legitimate
ds-job-051,113,363.78,210.14,11.35,printing,independent,legitimate
ds-job-051,114,334.25,204.72,12.71,printing,independent,legitimate
ds-job-051,115,335.39,211.23,11.15,printing,independent,legitimate
ds-job-051,116,329.9,209.0,10.96,printing,independent,legitimate
ds-job-051,117,353.51,209.36,12.24,printing,independent,legitimate
ds-job-051,118,354.7,209.81,13.26,printing,independent,legitimate
ds-job-051,119,347.96,218.0,11.66,printing,independent,legitimate
ds-job-051,120,363.37,206.89,11.39,printing,independent,legitimate
ds-job-051,121,327.18,210.64,10.61,printing,independent,legitimate
ds-job-051,122,334.52,213.39,12.83,printing,independent,legitimate
ds-job-051,123,339.8,215.07,11.79,printing,independent,legitimate
ds-job-051,124,351.61,208.15,10.12,printing,independent,legitimate
ds-job-051,125,334.3,213.17,11.57,printing,independent,legitimate
ds-job-051,126,338.47,209.26,13.0,printing,independent,legitimate
ds-job-051,127,337.59,207.66,10.53,printing,independent,legitimate
ds-job-051,128,315.71,206.97,13.01,printing,independent,legitimate
ds-job-051,129,350.55,207.97,12.49,printing,independent,legitimate
ds-job-051,130,357.89,203.93,12.48,printing,independent,legitimate
ds-job-051,131,336.54,210.05,10.2,printing,independent,legitimate
ds-job-051,132,383.22,206.9,11.69,printing,independent,legitimate
ds-job-051,133,345.1,211.64,12.33,printing,independent,legitimate
ds-job-051,134,347.95,211.22,10.2,printing,independent,legitimate
ds-job-051,135,347.65,213.46,11.19,printing,independent,legitimate
ds-job-051,136,343.63,208.68,10.31,printing,independent,legitimate
ds-job-051,137,351.26,206.87,11.98,printing,independent,legitimate
ds-job-051,138,338.54,207.75,10.22,printing,independent,legitimate
ds-job-051,139,340.7,202.64,11.63,printing,independent,legitimate
ds-job-051,140,384.27,211.08,9.72,printing,independent,legitimate
ds-job-051,141,343.06,209.31,10.67,printing,independent,legitimate
ds-job-051,142,344.07,205.37,11.1,printing,independent,legitimate
ds-job-051,143,364.44,209.27,14.27,printing,independent,legitimate
ds-job-051,144,360.38,209.43,13.88,printing,independent,legitimate
ds-job-051,145,360.99,210.86,10.93,printing,independent,legitimate
ds-job-051,146,335.74,211.29,9.43,printing,independent,legitimate
ds-job-051,147,318.22,211.14,11.69,printing,independent,legitimate
ds-job-051,148,68.11,73.79,0.0,cooling,independent,legitimate
ds-job-051,149,60.84,157.05,0.0,cooling,independent,legitimate
ds-job-051,150,60.13,93.57,0.0,cooling,independent,legitimate
ds-job-051,151,51.95,155.67,0.0,cooling,independent,legitimate
ds-job-051,152,76.09,83.26,0.0,cooling,independent,legitimate
ds-job-051,153,60.29,131.81,0.0,cooling,independent,legitimate
ds-job-051,154,68.08,87.92,0.0,cooling,independent,legitimate
ds-job-051,155,59.49,117.35,0.0,cooling,independent,legitimate
ds-job-051,156,72.24,165.76,0.0,cooling,independent,legitimate
ds-job-051,157,49.22,107.78,0.0,cooling,independent,legitimate
ds-job-051,158,66.97,118.96,0.0,cooling,independent,legitimate
ds-job-051,159,53.21,99.46,0.0,cooling,independent,legitimate
ds-job-051,160,74.08,151.43,0.0,cooling,independent,legitimate
ds-job-051,161,68.86,108.23,0.0,cooling,independent,legitimate
ds-job-051,162,56.84,175.59,0.0,cooling,independent,legitimate
ds-job-051,163,56.37,195.76,0.0,cooling,independent,legitimate
ds-job-052,0,51.96,21.33,0.0,idle,independent,legitimate
ds-job-052,1,46.97,26.14,0.0,idle,independent,legitimate
ds-job-052,2,58.03,24.3,0.0,idle,independent,legitimate
ds-job-052,3,50.48,22.41,0.0,idle,independent,legitimate
ds-job-052,4,52.79,27.1,0.0,idle,independent,legitimate
ds-job-052,5,47.37,25.52,0.0,idle,independent,legitimate
ds-job-052,6,49.34,24.08,0.0,idle,independent,legitimate
ds-job-052,7,45.99,25.47,0.0,idle,independent,legitimate
ds-job-052,8,190.81,152.08,0.0,heating,independent,legitimate
ds-job-052,9,217.61,85.82,0.0,heating,independent,legitimate
ds-job-052,10,210.35,142.96,0.0,heating,independent,legitimate
ds-job-052,11,197.64,124.02,0.0,heating,independent,legitimate
ds-job-052,12,188.66,153.94,0.0,heating,independent,legitimate
ds-job-052,13,182.62,144.61,0.0,heating,independent,legitimate
ds-job-052,14,220.73,92.55,0.0,heating,independent,legitimate
ds-job-052,15,216.53,144.1,0.0,heating,independent,legitimate
ds-job-052,16,177.37,115.96,0.0,heating,independent,legitimate
ds-job-052,17,182.22,105.31,0.0,heating,independent,legitimate
ds-job-052,18,222.23,164.98,0.0,heating,independent,legitimate
ds-job-052,19,179.35,105.35,0.0,heating,independent,legitimate
ds-job-052,20,218.59,114.69,0.0,heating,independent,legitimate
ds-job-052,21,196.72,125.66,0.0,heating,independent,legitimate
ds-job-052,22,222.57,140.63,0.0,heating,independent,legitimate
ds-job-052,23,212.99,115.39,0.0,heating,independent,legitimate
ds-job-052,24,188.2,109.64,0.0,heating,independent,legitimate
ds-job-052,25,189.53,101.32,0.0,heating,independent,legitimate
ds-job-052,26,218.66,63.68,0.0,heating,independent,legitimate
ds-job-052,27,193.22,102.04,0.0,heating,independent,legitimate
ds-job-052,28,209.61,124.87,0.0,heating,independent,legitimate
ds-job-052,29,200.4,73.2,0.0,heating,independent,legitimate
ds-job-052,30,189.91,102.63,0.0,heating,independent,legitimate
ds-job-052,31,239.49,98.41,0.0,heating,independent,legitimate
ds-job-052,32,241.15,155.97,0.0,heating,independent,legitimate
ds-job-052,33,358.54,205.62,12.69,printing,independent,legitimate
ds-job-052,34,342.61,213.36,11.15,printing,independent,legitimate
ds-job-052,35,369.65,209.96,11.81,printing,independent,legitimate
ds-job-052,36,355.22,210.93,10.25,printing,independent,legitimate
ds-job-052,37,359.45,206.01,10.73,printing,independent,legitimate
ds-job-052,38,359.33,212.49,11.34,printing,independent,legitimate
ds-job-052,39,348.33,204.66,11.38,printing,independent,legitimate
ds-job-052,40,360.21,205.15,9.89,printing,independent,legitimate
ds-job-052,41,362.48,206.28,11.72,printing,independent,legitimate
ds-job-052,42,327.02,205.66,12.67,printing,independent,legitimate
ds-job-052,43,331.5,206.12,13.73,printing,independent,legitimate
ds-job-052,44,340.13,207.47,9.29,printing,independent,legitimate
ds-job-052,45,358.41,208.07,10.57,printing,independent,legitimate
ds-job-052,46,346.98,208.86,13.46,printing,independent,legitimate
ds-job-052,47,366.54,207.47,11.13,printing,independent,legitimate
ds-job-052,48,335.32,211.71,11.1,printing,independent,legitimate
ds-job-052,49,347.66,206.52,11.01,printing,independent,legitimate
ds-job-052,50,340.79,209.22,10.99,printing,independent,legitimate
ds-job-052,51,394.02,207.22,11.29,printing,independent,legitimate
ds-job-052,52,357.44,212.38,9.95,printing,independent,legitimate
ds-job-052,53,364.57,209.75,10.9,printing,independent,legitimate
ds-job-052,54,348.65,211.43,11.19,printing,independent,legitimate
ds-job-052,55,355.05,212.05,11.74,printing,independent,legitimate
ds-job-052,56,350.93,206.7,11.2,printing,independent,legitimate
ds-job-052,57,344.24,210.47,10.29,printing,independent,legitimate
ds-job-052,58,371.54,210.48,11.14,printing,independent,legitimate
ds-job-052,59,339.57,209.69,10.84,printing,independent,legitimate
ds-job-052,60,360.67,208.44,12.01,printing,independent,legitimate
ds-job-052,61,311.63,212.76,9.65,printing,independent,legitimate
ds-job-052,62,348.79,208.42,13.36,printing,independent,legitimate
ds-job-052,63,345.56,200.94,12.72,printing,independent,legitimate
ds-job-052,64,369.09,206.47,12.13,printing,independent,legitimate
ds-job-052,65,336.71,205.94,10.29,printing,independent,legitimate
ds-job-052,66,339.52,204.83,11.29,printing,independent,legitimate
ds-job-052,67,343.17,208.64,12.61,printing,independent,legitimate
ds-job-052,68,346.72,215.77,12.76,printing,independent,legitimate
ds-job-052,69,326.44,211.68,8.35,printing,independent,legitimate
ds-job-052,70,366.98,208.28,11.73,printing,independent,legitimate
ds-job-052,71,351.9,210.1,14.1,printing,independent,legitimate
ds-job-052,72,324.87,204.59,14.08,printing,independent,legitimate
ds-job-052,73,355.31,205.28,11.0,printing,independent,legitimate
ds-job-052,74,346.19,210.68,9.78,printing,independent,legitimate
ds-job-052,75,365.2,213.79,11.35,printing,independent,legitimate
ds-job-052,76,358.75,211.24,13.29,printing,independent,legitimate
ds-job-052,77,361.34,208.66,11.97,printing,independent,legitimate
ds-job-052,78,359.88,210.72,11.09,printing,independent,legitimate
ds-job-052,79,340.34,207.85,10.58,printing,independent,legitimate
ds-job-052,80,333.78,214.39,10.7,printing,independent,legitimate
ds-job-052,81,335.51,204.03,9.99,printing,independent,legitimate
ds-job-052,82,368.26,214.38,10.66,printing,independent,legitimate
ds-job-052,83,366.94,207.53,11.72,printing,independent,legitimate
ds-job-052,84,353.75,210.58,10.84,printing,independent,legitimate
ds-job-052,85,357.95,209.22,12.02,printing,independent,legitimate
ds-job-052,86,360.55,214.25,11.1,printing,independent,legitimate
ds-job-052,87,322.83,209.2,10.33,printing,independent,legitimate
ds-job-052,88,361.88,209.1,9.38,printing,independent,legitimate
ds-job-052,89,365.81,205.16,10.88,printing,independent,legitimate
ds-job-052,90,312.58,210.19,10.28,printing,independent,legitimate
ds-job-052,91,331.16,211.23,10.14,printing,independent,legitimate
ds-job-052,92,328.67,208.1,10.64,printing,independent,legitimate
ds-job-052,93,347.81,204.42,10.78,printing,independent,legitimate
ds-job-052,94,356.05,208.21,10.08,printing,independent,legitimate
ds-job-052,95,324.37,209.32,10.6,printing,independent,legitimate
ds-job-052,96,336.57,213.05,12.14,printing,independent,legitimate
ds-job-052,97,335.29,214.03,11.98,printing,independent,legitimate
ds-job-052,98,349.53,208.58,10.59,printing,independent,legitimate
ds-job-052,99,357.72,209.15,11.91,printing,independent,legitimate
ds-job-052,100,371.42,206.28,11.05,printing,independent,legitimate
ds-job-052,101,370.71,209.84,11.63,printing,independent,legitimate
ds-job-052,102,334.26,207.01,12.49,printing,independent,legitimate
ds-job-052,103,338.08,210.21,13.85,printing,independent,legitimate
ds-job-052,104,343.72,207.81,12.24,printing,independent,legitimate
ds-job-052,105,350.87,207.87,9.9,printing,independent,legitimate
ds-job-052,106,334.38,213.05,10.72,printing,independent,legitimate
ds-job-052,107,338.93,208.55,11.79,printing,independent,legitimate
ds-job-052,108,346.86,210.33,11.74,printing,independent,legitimate
ds-job-052,109,387.99,206.91,11.58,printing,independent,legitimate
ds-job-052,110,336.71,208.44,10.29,printing,independent,legitimate
ds-job-052,111,329.43,211.41,12.9,printing,independent,legitimate
ds-job-052,112,350.65,201.3,11.54,printing,independent,legitimate
ds-job-052,113,310.38,216.49,11.42,printing,independent,legitimate
ds-job-052,114,361.49,210.32,11.68,printing,independent,legitimate
ds-job-052,115,313.68,210.47,11.24,printing,independent,legitimate
ds-job-052,116,369.7,202.76,13.17,printing,independent,legitimate
ds-job-052,117,323.38,209.72,14.55,printing,independent,legitimate
ds-job-052,118,346.89,207.82,11.75,printing,independent,legitimate
ds-job-052,119,344.02,209.49,15.0,printing,independent,legitimate
ds-job-052,120,314.83,209.07,10.24,printing,independent,legitimate
ds-job-052,121,353.53,208.19,12.24,printing,independent,legitimate
ds-job-052,122,345.79,210.18,13.82,printing,independent,legitimate
ds-job-052,123,376.32,207.25,12.11,printing,independent,legitimate
ds-job-052,124,360.21,206.27,11.38,printing,independent,legitimate
ds-job-052,125,363.03,207.51,12.73,printing,independent,legitimate
ds-job-052,126,366.11,211.07,10.61,printing,independent,legitimate
ds-job-052,127,336.86,208.29,10.34,printing,independent,legitimate
ds-job-052,128,356.51,211.13,11.93,printing,independent,legitimate
ds-job-052,129,348.58,209.68,11.31,printing,independent,legitimate
ds-job-052,130,371.67,203.29,11.41,printing,independent,legitimate
ds-job-052,131,360.52,209.25,13.5,printing,independent,legitimate
ds-job-052,132,351.16,211.86,10.17,printing,independent,legitimate
ds-job-052,133,354.2,211.07,11.68,printing,independent,legitimate
ds-job-052,134,312.5,204.87,12.7,printing,independent,legitimate
ds-job-052,135,343.34,200.19,11.3,printing,independent,legitimate
ds-job-052,136,359.73,208.72,11.32,printing,independent,legitimate
ds-job-052,137,373.57,208.47,8.54,printing,independent,legitimate
ds-job-052,138,377.85,213.96,9.96,printing,independent,legitimate
ds-job-052,139,324.81,209.71,12.42,printing,independent,legitimate
ds-job-052,140,351.94,208.64,12.38,printing,independent,legitimate
ds-job-052,141,335.11,208.14,11.93,printing,independent,legitimate
ds-job-052,142,331.2,207.98,9.94,printing,independent,legitimate
ds-job-052,143,336.03,210.31,10.55,printing,independent,legitimate
ds-job-052,144,364.43,207.78,9.99,printing,independent,legitimate
ds-job-052,145,352.57,206.63,11.37,printing,independent,legitimate
ds-job-052,146,305.96,210.15,10.52,printing,independent,legitimate
ds-job-052,147,315.97,213.82,9.66,printing,independent,legitimate
ds-job-052,148,361.15,208.47,13.01,printing,independent,legitimate
ds-job-052,149,362.87,208.36,13.56,printing,independent,legitimate
ds-job-052,150,329.7,206.04,11.02,printing,independent,legitimate
ds-job-052,151,346.94,210.4,11.38,printing,independent,legitimate
ds-job-052,152,341.88,206.9,10.78,printing,independent,legitimate
ds-job-052,153,90.0,132.33,0.0,cooling,independent,legitimate
ds-job-052,154,67.46,115.71,0.0,cooling,independent,legitimate
ds-job-052,155,77.91,126.24,0.0,cooling,independent,legitimate
ds-job-052,156,59.39,171.5,0.0,cooling,independent,legitimate
ds-job-052,157,61.0,138.76,0.0,cooling,independent,legitimate
ds-job-052,158,53.29,104.53,0.0,cooling,independent,legitimate
ds-job-052,159,82.9,133.52,0.0,cooling,independent,legitimate
ds-job-052,160,56.3,119.89,0.0,cooling,independent,legitimate
ds-job-052,161,74.79,140.21,0.0,cooling,independent,legitimate
ds-job-052,162,69.05,111.51,0.0,cooling,independent,legitimate
ds-job-052,163,68.86,104.1,0.0,cooling,independent,legitimate
ds-job-052,164,71.53,75.43,0.0,cooling,independent,legitimate
ds-job-052,165,67.45,92.81,0.0,cooling,independent,legitimate
ds-job-052,166,81.56,104.73,0.0,cooling,independent,legitimate
ds-job-052,167,78.12,116.8,0.0,cooling,independent,legitimate
ds-job-052,168,71.82,98.0,0.0,cooling,independent,legitimate
ds-job-053,0,44.76,25.21,0.0,idle,independent,legitimate
ds-job-053,1,51.95,25.84,0.0,idle,independent,legitimate
ds-job-053,2,53.04,25.6,0.0,idle,independent,legitimate
ds-job-053,3,55.16,24.29,0.0,idle,independent,legitimate
ds-job-053,4,48.9,25.02,0.0,idle,independent,legitimate
ds-job-053,5,53.69,24.79,0.0,idle,independent,legitimate
ds-job-053,6,51.4,25.87,0.0,idle,independent,legitimate
ds-job-053,7,203.54,75.81,0.0,heating,independent,legitimate
ds-job-053,8,211.05,119.79,0.0,heating,independent,legitimate
ds-job-053,9,217.51,102.7,0.0,heating,independent,legitimate
ds-job-053,10,180.31,150.73,0.0,heating,independent,legitimate
ds-job-053,11,188.23,112.11,0.0,heating,independent,legitimate
ds-job-053,12,220.15,91.31,0.0,heating,independent,legitimate
ds-job-053,13,177.14,154.66,0.0,heating,independent,legitimate
ds-job-053,14,211.05,99.9,0.0,heating,independent,legitimate
ds-job-053,15,224.94,121.5,0.0,heating,independent,legitimate
ds-job-053,16,178.35,119.66,0.0,heating,independent,legitimate
ds-job-053,17,188.78,55.72,0.0,heating,independent,legitimate
ds-job-053,18,189.35,127.63,0.0,heating,independent,legitimate
ds-job-053,19,181.65,191.04,0.0,heating,independent,legitimate
ds-job-053,20,181.61,138.45,0.0,heating,independent,legitimate
ds-job-053,21,203.33,118.64,0.0,heating,independent,legitimate
ds-job-053,22,214.96,108.73,0.0,heating,independent,legitimate
ds-job-053,23,220.24,121.15,0.0,heating,independent,legitimate
ds-job-053,24,210.59,168.52,0.0,heating,independent,legitimate
ds-job-053,25,224.44,108.83,0.0,heating,independent,legitimate
ds-job-053,26,198.47,113.41,0.0,heating,independent,legitimate
ds-job-053,27,216.28,108.86,0.0,heating,independent,legitimate
ds-job-053,28,190.1,100.55,0.0,heating,independent,legitimate
ds-job-053,29,207.97,151.87,0.0,heating,independent,legitimate
ds-job-053,30,339.9,211.62,12.32,printing,independent,legitimate
ds-job-053,31,353.25,210.99,10.61,printing,independent,legitimate
ds-job-053,32,345.66,210.67,11.72,printing,independent,legitimate
ds-job-053,33,361.49,210.48,11.67,printing,independent,legitimate
ds-job-053,34,377.87,208.45,11.9,printing,independent,legitimate
ds-job-053,35,369.97,206.12,11.79,printing,independent,legitimate
ds-job-053,36,339.88,211.95,10.52,printing,independent,legitimate
ds-job-053,37,347.03,211.09,10.77,printing,independent,legitimate
ds-job-053,38,353.45,214.91,12.39,printing,independent,legitimate
ds-job-053,39,356.92,208.89,12.63,printing,independent,legitimate
ds-job-053,40,348.55,211.85,9.08,printing,independent,legitimate
ds-job-053,41,339.51,204.57,11.68,printing,independent,legitimate
ds-job-053,42,366.49,207.28,12.97,printing,independent,legitimate
ds-job-053,43,337.2,212.56,9.49,printing,independent,legitimate
ds-job-053,44,354.72,213.32,12.24,printing,independent,legitimate
ds-job-053,45,386.17,212.57,10.33,printing,independent,legitimate
ds-job-053,46,355.76,210.61,11.37,printing,independent,legitimate
ds-job-053,47,329.48,209.22,11.74,printing,independent,legitimate
ds-job-053,48,361.22,210.26,9.34,printing,independent,legitimate
ds-job-053,49,361.8,211.72,10.99,printing,independent,legitimate
ds-job-053,50,346.44,208.58,9.91,printing,independent,legitimate
ds-job-053,51,317.5,204.12,10.8,printing,independent,legitimate
ds-job-053,52,372.7,210.43,12.36,printing,independent,legitimate
ds-job-053,53,342.54,210.1,11.34,printing,independent,legitimate
ds-job-053,54,369.3,201.69,13.89,printing,independent,legitimate
ds-job-053,55,341.78,210.38,10.29,printing,independent,legitimate
ds-job-053,56,328.05,210.76,13.16,printing,independent,legitimate
ds-job-053,57,342.38,216.66,10.78,printing,independent,legitimate
ds-job-053,58,339.36,214.2,10.31,printing,independent,legitimate
ds-job-053,59,358.65,208.64,10.3,printing,independent,legitimate
ds-job-053,60,349.0,206.37,10.54,printing,independent,legitimate
ds-job-053,61,364.95,207.11,10.89,printing,independent,legitimate
ds-job-053,62,354.91,205.55,12.68,printing,independent,legitimate
ds-job-053,63,325.9,207.2,11.96,printing,independent,legitimate
ds-job-053,64,329.68,211.72,12.44,printing,independent,legitimate
ds-job-053,65,342.15,203.33,10.2,printing,independent,legitimate
ds-job-053,66,363.88,210.12,11.42,printing,independent,legitimate
ds-job-053,67,350.88,212.24,12.46,printing,independent,legitimate
ds-job-053,68,337.69,204.14,12.49,printing,independent,legitimate
ds-job-053,69,353.01,212.92,11.69,printing,independent,legitimate
ds-job-053,70,357.14,211.3,10.76,printing,independent,legitimate
ds-job-053,71,363.08,210.68,11.24,printing,independent,legitimate
ds-job-053,72,388.7,206.42,12.62,printing,independent,legitimate
ds-job-053,73,351.07,206.09,11.68,printing,independent,legitimate
ds-job-053,74,378.08,207.62,12.76,printing,independent,legitimate
ds-job-053,75,356.2,204.87,11.19,printing,independent,legitimate
ds-job-053,76,358.61,203.85,13.24,printing,independent,legitimate
ds-job-053,77,361.09,209.4,10.61,printing,independent,legitimate
ds-job-053,78,329.1,211.09,10.34,printing,independent,legitimate
ds-job-053,79,346.86,207.83,11.88,printing,independent,legitimate
ds-job-053,80,332.21,207.29,12.74,printing,independent,legitimate
ds-job-053,81,316.38,210.54,10.17,printing,independent,legitimate
ds-job-053,82,362.48,208.84,11.3,printing,independent,legitimate
ds-job-053,83,358.98,209.86,11.06,printing,independent,legitimate
ds-job-053,84,353.72,208.77,12.38,printing,independent,legitimate
ds-job-053,85,343.75,205.87,10.67,printing,independent,legitimate
ds-job-053,86,362.97,215.88,10.45,printing,independent,legitimate
ds-job-053,87,332.57,211.23,11.21,printing,independent,legitimate
ds-job-053,88,385.3,210.86,13.1,printing,independent,legitimate
ds-job-053,89,387.79,211.56,11.96,printing,independent,legitimate
ds-job-053,90,344.58,208.36,9.95,printing,independent,legitimate
ds-job-053,91,351.23,208.06,11.83,printing,independent,legitimate
ds-job-053,92,362.37,206.13,11.86,printing,independent,legitimate
ds-job-053,93,363.57,210.9,12.67,printing,independent,legitimate
ds-job-053,94,359.3,208.24,10.31,printing,independent,legitimate
ds-job-053,95,367.79,200.07,10.59,printing,independent,legitimate
ds-job-053,96,333.11,208.3,11.36,printing,independent,legitimate
ds-job-053,97,330.32,206.39,9.78,printing,independent,legitimate
ds-job-053,98,367.36,207.72,10.86,printing,independent,legitimate
ds-job-053,99,336.82,211.64,11.08,printing,independent,legitimate
ds-job-053,100,361.39,206.32,10.71,printing,independent,legitimate
ds-job-053,101,343.35,213.64,13.15,printing,independent,legitimate
ds-job-053,102,368.86,208.09,11.91,printing,independent,legitimate
ds-job-053,103,377.52,215.27,12.9,printing,independent,legitimate
ds-job-053,104,340.87,212.63,10.81,printing,independent,legitimate
ds-job-053,105,357.71,209.99,13.04,printing,independent,legitimate
ds-job-053,106,333.88,203.16,13.2,printing,independent,legitimate
ds-job-053,107,343.29,209.26,12.1,printing,independent,legitimate
ds-job-053,108,313.69,210.98,11.64,printing,independent,legitimate
ds-job-053,109,301.22,211.37,11.44,printing,independent,legitimate
ds-job-053,110,355.58,204.09,14.5,printing,independent,legitimate
ds-job-053,111,341.83,209.68,10.42,printing,independent,legitimate
ds-job-053,112,358.91,216.12,10.99,printing,independent,legitimate
ds-job-053,113,347.68,206.37,9.62,printing,independent,legitimate
ds-job-053,114,305.68,209.64,11.08,printing,independent,legitimate
ds-job-053,115,341.74,202.09,11.85,printing,independent,legitimate
ds-job-053,116,351.25,200.8,12.82,printing,independent,legitimate
ds-job-053,117,329.19,215.15,9.97,printing,independent,legitimate
ds-job-053,118,349.43,209.8,12.88,printing,independent,legitimate
ds-job-053,119,342.17,206.99,10.17,printing,independent,legitimate
ds-job-053,120,349.96,208.68,10.65,printing,independent,legitimate
ds-job-053,121,346.34,206.9,10.99,printing,independent,legitimate
ds-job-053,122,364.25,212.39,10.45,printing,independent,legitimate
ds-job-053,123,365.57,206.07,11.68,printing,independent,legitimate
ds-job-053,124,371.77,206.89,9.05,printing,independent,legitimate
ds-job-053,125,354.13,212.32,11.11,printing,independent,legitimate
ds-job-053,126,356.17,211.85,10.09,printing,independent,legitimate
ds-job-053,127,336.83,206.16,9.48,printing,independent,legitimate
ds-job-053,128,358.9,205.54,11.26,printing,independent,legitimate
ds-job-053,129,360.44,210.16,9.09,printing,independent,legitimate
ds-job-053,130,351.06,206.26,9.73,printing,independent,legitimate
ds-job-053,131,388.84,209.6,10.79,printing,independent,legitimate
ds-job-053,132,364.14,212.85,12.87,printing,independent,legitimate
ds-job-053,133,380.28,208.07,12.39,printing,independent,legitimate
ds-job-053,134,376.06,210.87,14.03,printing,independent,legitimate
ds-job-053,135,370.57,207.74,10.86,printing,independent,legitimate
ds-job-053,136,345.03,212.17,12.02,printing,independent,legitimate
ds-job-053,137,350.7,210.78,11.93,printing,independent,legitimate
ds-job-053,138,374.15,206.18,9.84,printing,independent,legitimate
ds-job-053,139,72.27,83.69,0.0,cooling,independent,legitimate
ds-job-053,140,66.21,113.71,0.0,cooling,independent,legitimate
ds-job-053,141,59.22,57.01,0.0,cooling,independent,legitimate
ds-job-053,142,66.66,124.53,0.0,cooling,independent,legitimate
ds-job-053,143,57.84,106.11,0.0,cooling,independent,legitimate
ds-job-053,144,51.62,139.62,0.0,cooling,independent,legitimate
ds-job-053,145,63.45,110.92,0.0,cooling,independent,legitimate
ds-job-053,146,71.8,123.85,0.0,cooling,independent,legitimate
ds-job-053,147,54.56,132.49,0.0,cooling,independent,legitimate
ds-job-053,148,75.52,143.38,0.0,cooling,independent,legitimate
ds-job-053,149,71.71,88.89,0.0,cooling,independent,legitimate
ds-job-053,150,64.33,188.09,0.0,cooling,independent,legitimate
ds-job-053,151,61.23,89.39,0.0,cooling,independent,legitimate
ds-job-053,152,72.81,117.23,0.0,cooling,independent,legitimate
ds-job-053,153,71.38,108.79,0.0,cooling,independent,legitimate
ds-job-054,0,46.44,26.94,0.0,idle,independent,legitimate
ds-job-054,1,47.5,24.8,0.0,idle,independent,legitimate
ds-job-054,2,42.96,26.31,0.0,idle,independent,legitimate
ds-job-054,3,49.09,23.27,0.0,idle,independent,legitimate
ds-job-054,4,215.84,118.0,0.0,heating,independent,legitimate
ds-job-054,5,189.04,120.19,0.0,heating,independent,legitimate
ds-job-054,6,199.51,93.74,0.0,heating,independent,legitimate
ds-job-054,7,204.24,75.24,0.0,heating,independent,legitimate
ds-job-054,8,200.02,114.69,0.0,heating,independent,legitimate
ds-job-054,9,198.57,142.45,0.0,heating,independent,legitimate
ds-job-054,10,186.6,119.81,0.0,heating,independent,legitimate
ds-job-054,11,213.74,159.35,0.0,heating,independent,legitimate
ds-job-054,12,197.07,98.53,0.0,heating,independent,legitimate
ds-job-054,13,231.44,105.71,0.0,heating,independent,legitimate
ds-job-054,14,200.89,147.35,0.0,heating,independent,legitimate
ds-job-054,15,183.96,200.37,0.0,heating,independent,legitimate
ds-job-054,16,201.53,129.08,0.0,heating,independent,legitimate
ds-job-054,17,220.41,87.47,0.0,heating,independent,legitimate
ds-job-054,18,345.95,206.6,9.17,printing,independent,legitimate
ds-job-054,19,354.02,205.02,11.29,printing,independent,legitimate
ds-job-054,20,371.7,206.54,11.9,printing,independent,legitimate
ds-job-054,21,336.63,212.83,13.04,printing,independent,legitimate
ds-job-054,22,328.3,204.96,11.86,printing,independent,legitimate
ds-job-054,23,336.68,208.35,10.97,printing,independent,legitimate
ds-job-054,24,368.34,209.45,12.4,printing,independent,legitimate
ds-job-054,25,347.83,210.27,11.08,printing,independent,legitimate
ds-job-054,26,349.74,206.53,13.11,printing,independent,legitimate
ds-job-054,27,344.97,206.06,12.46,printing,independent,legitimate
ds-job-054,28,389.87,209.02,11.64,printing,independent,legitimate
ds-job-054,29,366.82,206.94,12.47,printing,independent,legitimate
ds-job-054,30,338.93,205.44,10.32,printing,independent,legitimate
ds-job-054,31,364.79,209.66,11.99,printing,independent,legitimate
ds-job-054,32,359.07,210.74,12.87,printing,independent,legitimate
ds-job-054,33,368.88,208.19,12.06,printing,independent,legitimate
ds-job-054,34,345.57,210.87,11.18,printing,independent,legitimate
ds-job-054,35,357.13,210.02,10.12,printing,independent,legitimate
ds-job-054,36,355.48,207.69,12.96,printing,independent,legitimate
ds-job-054,37,356.82,207.2,11.12,printing,independent,legitimate
ds-job-054,38,358.36,208.41,10.24,printing,independent,legitimate
ds-job-054,39,357.86,204.43,9.5,printing,independent,legitimate
ds-job-054,40,328.51,211.04,10.35,printing,independent,legitimate
ds-job-054,41,349.25,206.92,11.04,printing,independent,legitimate
ds-job-054,42,375.36,208.95,11.47,printing,independent,legitimate
ds-job-054,43,355.8,206.8,10.84,printing,independent,legitimate
ds-job-054,44,332.45,209.57,11.28,printing,independent,legitimate
ds-job-054,45,373.14,208.96,14.57,printing,independent,legitimate
ds-job-054,46,352.35,206.97,12.69,printing,independent,legitimate
ds-job-054,47,345.22,215.31,10.71,printing,independent,legitimate
ds-job-054,48,356.98,211.61,11.79,printing,independent,legitimate
ds-job-054,49,359.26,208.82,9.5,printing,independent,legitimate
ds-job-054,50,354.72,211.6,10.19,printing,independent,legitimate
ds-job-054,51,354.28,210.87,12.8,printing,independent,legitimate
ds-job-054,52,348.39,207.75,14.1,printing,independent,legitimate
ds-job-054,53,346.72,203.98,11.46,printing,independent,legitimate
ds-job-054,54,370.29,208.32,13.41,printing,independent,legitimate
ds-job-054,55,352.71,200.11,11.03,printing,independent,legitimate
ds-job-054,56,319.67,208.57,9.11,printing,independent,legitimate
ds-job-054,57,349.04,201.87,12.77,printing,independent,legitimate
ds-job-054,58,332.38,207.11,10.53,printing,independent,legitimate
ds-job-054,59,342.75,207.77,13.28,printing,independent,legitimate
ds-job-054,60,354.62,203.34,11.17,printing,independent,legitimate
ds-job-054,61,355.25,209.83,11.76,printing,independent,legitimate
ds-job-054,62,367.46,210.96,11.3,printing,independent,legitimate
ds-job-054,63,359.79,210.0,13.06,printing,independent,legitimate
ds-job-054,64,336.46,200.0,11.13,printing,independent,legitimate
ds-job-054,65,349.07,206.66,13.53,printing,independent,legitimate
ds-job-054,66,368.38,214.74,12.53,printing,independent,legitimate
ds-job-054,67,358.6,206.16,14.87,printing,independent,legitimate
ds-job-054,68,347.23,212.1,11.88,printing,independent,legitimate
ds-job-054,69,360.09,214.54,10.43,printing,independent,legitimate
ds-job-054,70,351.67,207.79,11.84,printing,independent,legitimate
ds-job-054,71,356.43,212.1,9.37,printing,independent,legitimate
ds-job-054,72,336.12,215.77,12.37,printing,independent,legitimate
ds-job-054,73,353.24,210.52,11.56,printing,independent,legitimate
ds-job-054,74,350.41,203.73,12.95,printing,independent,legitimate
ds-job-054,75,334.42,208.65,11.0,printing,independent,legitimate
ds-job-054,76,335.91,207.8,11.13,printing,independent,legitimate
ds-job-054,77,333.52,204.95,8.82,printing,independent,legitimate
ds-job-054,78,343.18,208.76,12.3,printing,independent,legitimate
ds-job-054,79,315.11,206.96,10.83,printing,independent,legitimate
ds-job-054,80,361.67,208.64,11.72,printing,independent,legitimate
ds-job-054,81,345.25,210.23,12.38,printing,independent,legitimate
ds-job-054,82,350.1,204.89,10.73,printing,independent,legitimate
ds-job-054,83,346.52,209.6,10.68,printing,independent,legitimate
ds-job-054,84,336.67,210.83,11.6,printing,independent,legitimate
ds-job-054,85,334.41,212.36,11.39,printing,independent,legitimate
ds-job-054,86,345.54,214.38,10.7,printing,independent,legitimate
ds-job-054,87,66.15,148.04,0.0,cooling,independent,legitimate
ds-job-054,88,61.51,169.53,0.0,cooling,independent,legitimate
ds-job-054,89,77.0,154.64,0.0,cooling,independent,legitimate
ds-job-054,90,72.62,122.77,0.0,cooling,independent,legitimate
ds-job-054,91,60.63,125.46,0.0,cooling,independent,legitimate
ds-job-054,92,56.11,120.35,0.0,cooling,independent,legitimate
ds-job-054,93,69.98,74.32,0.0,cooling,independent,legitimate
ds-job-054,94,72.56,80.24,0.0,cooling,independent,legitimate
ds-job-054,95,72.22,111.38,0.0,cooling,independent,legitimate
ds-job-055,0,50.98,24.09,0.0,idle,independent,legitimate
ds-job-055,1,48.18,25.27,0.0,idle,independent,legitimate
ds-job-055,2,47.81,24.3,0.0,idle,independent,legitimate
ds-job-055,3,59.13,26.15,0.0,idle,independent,legitimate
ds-job-055,4,49.1,23.51,0.0,idle,independent,legitimate
ds-job-055,5,200.89,174.11,0.0,heating,independent,legitimate
ds-job-055,6,192.07,92.28,0.0,heating,independent,legitimate
ds-job-055,7,222.82,128.05,0.0,heating,independent,legitimate
ds-job-055,8,184.98,140.3,0.0,heating,independent,legitimate
ds-job-055,9,210.44,59.22,0.0,heating,independent,legitimate
ds-job-055,10,205.21,155.06,0.0,heating,independent,legitimate
ds-job-055,11,219.98,77.54,0.0,heating,independent,legitimate
ds-job-055,12,186.57,146.79,0.0,heating,independent,legitimate
ds-job-055,13,207.11,126.72,0.0,heating,independent,legitimate
ds-job-055,14,203.41,131.55,0.0,heating,independent,legitimate
ds-job-055,15,227.38,132.33,0.0,heating,independent,legitimate
ds-job-055,16,204.38,145.5,0.0,heating,independent,legitimate
ds-job-055,17,204.86,110.76,0.0,heating,independent,legitimate
ds-job-055,18,200.37,134.72,0.0,heating,independent,legitimate
ds-job-055,19,192.07,92.11,0.0,heating,independent,legitimate
ds-job-055,20,386.68,211.9,10.47,printing,independent,legitimate
ds-job-055,21,355.58,206.48,12.64,printing,independent,legitimate
ds-job-055,22,346.9,208.93,14.07,printing,independent,legitimate
ds-job-055,23,359.59,214.29,9.87,printing,independent,legitimate
ds-job-055,24,327.52,206.94,12.1,printing,independent,legitimate
ds-job-055,25,355.12,211.29,12.66,printing,independent,legitimate
ds-job-055,26,359.66,209.21,10.56,printing,independent,legitimate
ds-job-055,27,353.09,213.01,10.14,printing,independent,legitimate
ds-job-055,28,338.16,207.71,9.81,printing,independent,legitimate
ds-job-055,29,319.71,205.36,9.26,printing,independent,legitimate
ds-job-055,30,332.0,213.56,11.85,printing,independent,legitimate
ds-job-055,31,362.24,207.16,10.98,printing,independent,legitimate
ds-job-055,32,349.31,207.58,11.26,printing,independent,legitimate
ds-job-055,33,366.86,207.64,11.07,printing,independent,legitimate
ds-job-055,34,339.46,203.89,10.42,printing,independent,legitimate
ds-job-055,35,343.36,209.41,12.26,printing,independent,legitimate
ds-job-055,36,348.52,210.53,12.96,printing,independent,legitimate
ds-job-055,37,362.05,204.5,13.61,printing,independent,legitimate
ds-job-055,38,333.19,210.27,8.0,printing,independent,legitimate
ds-job-055,39,338.17,209.58,11.13,printing,independent,legitimate
ds-job-055,40,379.36,211.93,12.1,printing,independent,legitimate
ds-job-055,41,359.84,210.49,11.13,printing,independent,legitimate
ds-job-055,42,353.75,215.8,11.19,printing,independent,legitimate
ds-job-055,43,349.98,209.11,9.84,printing,independent,legitimate
ds-job-055,44,361.81,211.4,11.43,printing,independent,legitimate
ds-job-055,45,317.19,210.9,9.55,printing,independent,legitimate
ds-job-055,46,353.13,209.49,11.5,printing,independent,legitimate
ds-job-055,47,343.29,214.72,11.66,printing,independent,legitimate
ds-job-055,48,352.52,206.98,10.39,printing,independent,legitimate
ds-job-055,49,369.14,208.25,10.9,printing,independent,legitimate
ds-job-055,50,338.76,210.87,10.2,printing,independent,legitimate
ds-job-055,51,350.56,202.49,12.22,printing,independent,legitimate
ds-job-055,52,339.7,207.66,12.64,printing,independent,legitimate
ds-job-055,53,372.83,204.14,12.54,printing,independent,legitimate
ds-job-055,54,356.59,205.22,11.06,printing,independent,legitimate
ds-job-055,55,370.14,207.25,11.91,printing,independent,legitimate
ds-job-055,56,333.55,209.61,12.48,printing,independent,legitimate
ds-job-055,57,329.75,204.27,12.58,printing,independent,legitimate
ds-job-055,58,352.73,208.37,12.3,printing,independent,legitimate
ds-job-055,59,352.55,207.57,12.17,printing,independent,legitimate
ds-job-055,60,362.58,209.33,13.27,printing,independent,legitimate
ds-job-055,61,354.99,210.77,11.63,printing,independent,legitimate
ds-job-055,62,373.76,208.55,10.57,printing,independent,legitimate
ds-job-055,63,358.68,209.98,11.55,printing,independent,legitimate
ds-job-055,64,322.3,208.87,12.52,printing,independent,legitimate
ds-job-055,65,363.65,207.28,10.45,printing,independent,legitimate
ds-job-055,66,354.24,201.46,11.42,printing,independent,legitimate
ds-job-055,67,349.16,208.89,10.97,printing,independent,legitimate
ds-job-055,68,345.49,210.51,10.62,printing,independent,legitimate
ds-job-055,69,380.6,211.53,11.78,printing,independent,legitimate
ds-job-055,70,352.43,203.59,12.88,printing,independent,legitimate
ds-job-055,71,328.55,203.61,11.75,printing,independent,legitimate
ds-job-055,72,378.32,213.67,12.01,printing,independent,legitimate
ds-job-055,73,375.54,208.6,12.84,printing,independent,legitimate
ds-job-055,74,346.69,208.45,13.56,printing,independent,legitimate
ds-job-055,75,354.64,208.7,10.69,printing,independent,legitimate
ds-job-055,76,324.31,211.62,9.87,printing,independent,legitimate
ds-job-055,77,381.03,205.07,11.84,printing,independent,legitimate
ds-job-055,78,367.69,210.25,11.78,printing,independent,legitimate
ds-job-055,79,361.72,205.08,10.56,printing,independent,legitimate
ds-job-055,80,331.19,209.99,8.12,printing,independent,legitimate
ds-job-055,81,357.76,209.29,13.12,printing,independent,legitimate
ds-job-055,82,350.87,210.71,13.14,printing,independent,legitimate
ds-job-055,83,341.57,208.12,11.4,printing,independent,legitimate
ds-job-055,84,363.31,205.61,10.08,printing,independent,legitimate
ds-job-055,85,344.97,209.74,11.8,printing,independent,legitimate
ds-job-055,86,364.74,211.25,10.35,printing,independent,legitimate
ds-job-055,87,344.78,209.78,11.66,printing,independent,legitimate
ds-job-055,88,346.29,207.75,12.27,printing,independent,legitimate
ds-job-055,89,362.63,210.95,12.31,printing,independent,legitimate
ds-job-055,90,346.01,211.72,12.58,printing,independent,legitimate
ds-job-055,91,361.39,211.69,11.72,printing,independent,legitimate
ds-job-055,92,350.59,207.57,12.86,printing,independent,legitimate
ds-job-055,93,363.93,205.74,10.95,printing,independent,legitimate
ds-job-055,94,58.68,45.03,0.0,cooling,independent,legitimate
ds-job-055,95,67.39,112.9,0.0,cooling,independent,legitimate
ds-job-055,96,72.61,75.7,0.0,cooling,independent,legitimate
ds-job-055,97,65.38,135.96,0.0,cooling,independent,legitimate
ds-job-055,98,51.83,138.24,0.0,cooling,independent,legitimate
ds-job-055,99,72.24,111.88,0.0,cooling,independent,legitimate
ds-job-055,100,60.64,135.83,0.0,cooling,independent,legitimate
ds-job-055,101,66.17,69.06,0.0,cooling,independent,legitimate
ds-job-055,102,64.43,123.13,0.0,cooling,independent,legitimate
ds-job-055,103,65.51,135.38,0.0,cooling,independent,legitimate
ds-job-056,0,53.13,25.68,0.0,idle,independent,sabotaged
ds-job-056,1,53.64,21.85,0.0,idle,independent,sabotaged
ds-job-056,2,52.65,23.58,0.0,idle,independent,sabotaged
ds-job-056,3,48.03,25.4,0.0,idle,independent,sabotaged
ds-job-056,4,48.45,25.02,0.0,idle,independent,sabotaged
ds-job-056,5,49.21,24.18,0.0,idle,independent,sabotaged
ds-job-056,6,53.81,23.56,0.0,idle,independent,sabotaged
ds-job-056,7,48.41,23.13,0.0,idle,independent,sabotaged
ds-job-056,8,199.56,140.14,0.0,heating,independent,sabotaged
ds-job-056,9,177.56,108.02,0.0,heating,independent,sabotaged
ds-job-056,10,225.5,146.14,0.0,heating,independent,sabotaged
ds-job-056,11,162.68,91.33,0.0,heating,independent,sabotaged
ds-job-056,12,218.05,184.48,0.0,heating,independent,sabotaged
ds-job-056,13,220.08,109.15,0.0,heating,independent,sabotaged
ds-job-056,14,180.38,124.73,0.0,heating,independent,sabotaged
ds-job-056,15,234.27,106.25,0.0,heating,independent,sabotaged
ds-job-056,16,201.04,150.71,0.0,heating,independent,sabotaged
ds-job-056,17,217.42,141.91,0.0,heating,independent,sabotaged
ds-job-056,18,219.64,139.3,0.0,heating,independent,sabotaged
ds-job-056,19,212.75,133.89,0.0,heating,independent,sabotaged
ds-job-056,20,204.84,88.38,0.0,heating,independent,sabotaged
ds-job-056,21,188.41,98.39,0.0,heating,independent,sabotaged
ds-job-056,22,189.17,125.41,0.0,heating,independent,sabotaged
ds-job-056,23,221.05,144.39,0.0,heating,independent,sabotaged
ds-job-056,24,232.64,123.1,0.0,heating,independent,sabotaged
ds-job-056,25,175.35,107.85,0.0,heating,independent,sabotaged
ds-job-056,26,215.93,91.72,0.0,heating,independent,sabotaged
ds-job-056,27,179.78,101.23,0.0,heating,independent,sabotaged
ds-job-056,28,220.81,157.89,0.0,heating,independent,sabotaged
ds-job-056,29,180.59,169.05,0.0,heating,independent,sabotaged
ds-job-056,30,214.68,120.27,0.0,heating,independent,sabotaged
ds-job-056,31,161.67,131.89,0.0,heating,independent,sabotaged
ds-job-056,32,174.37,102.27,0.0,heating,independent,sabotaged
ds-job-056,33,223.49,138.17,0.0,heating,independent,sabotaged
ds-job-056,34,381.3,210.01,10.55,printing,independent,sabotaged
ds-job-056,35,353.63,208.26,10.49,printing,independent,sabotaged
ds-job-056,36,354.34,208.47,12.17,printing,independent,sabotaged
ds-job-056,37,346.12,202.08,11.08,printing,independent,sabotaged
ds-job-056,38,336.41,206.03,12.66,printing,independent,sabotaged
ds-job-056,39,369.31,205.31,12.07,printing,independent,sabotaged
ds-job-056,40,354.64,204.1,10.8,printing,independent,sabotaged
ds-job-056,41,340.66,212.78,11.03,printing,independent,sabotaged
ds-job-056,42,363.24,203.56,12.18,printing,independent,sabotaged
ds-job-056,43,344.01,208.97,11.98,printing,independent,sabotaged
ds-job-056,44,354.53,206.31,10.41,printing,independent,sabotaged
ds-job-056,45,372.4,211.81,9.92,printing,independent,sabotaged
ds-job-056,46,363.71,213.61,11.92,printing,independent,sabotaged
ds-job-056,47,336.9,205.28,11.59,printing,independent,sabotaged
ds-job-056,48,361.47,214.6,13.33,printing,independent,sabotaged
ds-job-056,49,332.64,208.88,11.12,printing,independent,sabotaged
ds-job-056,50,346.4,211.73,9.73,printing,independent,sabotaged
ds-job-056,51,332.52,211.39,12.14,printing,independent,sabotaged
ds-job-056,52,361.14,208.6,12.95,printing,independent,sabotaged
ds-job-056,53,332.9,211.11,9.3,printing,independent,sabotaged
ds-job-056,54,373.88,206.99,12.26,printing,independent,sabotaged
ds-job-056,55,337.54,206.52,10.14,printing,independent,sabotaged
ds-job-056,56,336.05,213.99,11.17,printing,independent,sabotaged
ds-job-056,57,359.32,210.4,11.02,printing,independent,sabotaged
ds-job-056,58,336.61,206.08,11.29,printing,independent,sabotaged
ds-job-056,59,347.21,205.65,11.35,printing,independent,sabotaged
ds-job-056,60,341.02,212.85,12.68,printing,independent,sabotaged
ds-job-056,61,352.04,206.1,10.24,printing,independent,sabotaged
ds-job-056,62,354.44,203.52,10.02,printing,independent,sabotaged
ds-job-056,63,357.17,206.63,12.5,printing,independent,sabotaged
ds-job-056,64,317.8,207.47,12.03,printing,independent,sabotaged
ds-job-056,65,338.9,210.9,12.75,printing,independent,sabotaged
ds-job-056,66,341.1,205.74,12.71,printing,independent,sabotaged
ds-job-056,67,331.84,214.16,10.68,printing,independent,sabotaged
ds-job-056,68,344.82,202.48,10.78,printing,independent,sabotaged
ds-job-056,69,358.15,213.17,9.03,printing,independent,sabotaged
ds-job-056,70,355.76,206.2,11.23,printing,independent,sabotaged
ds-job-056,71,384.64,211.13,10.22,printing,independent,sabotaged
ds-job-056,72,375.88,211.14,13.72,printing,independent,sabotaged
ds-job-056,73,365.17,206.47,13.42,printing,independent,sabotaged
ds-job-056,74,361.82,205.0,11.32,printing,independent,sabotaged
ds-job-056,75,355.46,206.25,10.44,printing,independent,sabotaged
ds-job-056,76,316.87,206.38,11.24,printing,independent,sabotaged
ds-job-056,77,357.93,211.4,10.36,printing,independent,sabotaged
ds-job-056,78,339.37,207.75,11.15,printing,independent,sabotaged
ds-job-056,79,360.71,209.28,10.64,printing,independent,sabotaged
ds-job-056,80,354.18,206.73,12.59,printing,independent,sabotaged
ds-job-056,81,334.46,203.51,10.09,printing,independent,sabotaged
ds-job-056,82,340.82,208.88,11.86,printing,independent,sabotaged
ds-job-056,83,320.98,207.86,9.74,printing,independent,sabotaged
ds-job-056,84,357.85,217.8,9.81,printing,independent,sabotaged
ds-job-056,85,349.2,209.01,12.26,printing,independent,sabotaged
ds-job-056,86,319.52,212.47,11.91,printing,independent,sabotaged
ds-job-056,87,338.94,208.5,11.34,printing,independent,sabotaged
ds-job-056,88,369.1,209.83,10.49,printing,independent,sabotaged
ds-job-056,89,329.55,210.81,9.85,printing,independent,sabotaged
ds-job-056,90,332.11,203.72,10.45,printing,independent,sabotaged
ds-job-056,91,356.02,211.09,11.82,printing,independent,sabotaged
ds-job-056,92,329.02,205.33,14.51,printing,independent,sabotaged
ds-job-056,93,308.29,211.68,13.33,printing,independent,sabotaged
ds-job-056,94,348.76,210.09,9.54,printing,independent,sabotaged
ds-job-056,95,368.85,211.55,12.0,printing,independent,sabotaged
ds-job-056,96,290.0,205.58,0.0,printing,independent,sabotaged
ds-job-056,97,290.0,212.0,0.0,printing,independent,sabotaged
ds-job-056,98,290.0,209.44,0.0,printing,independent,sabotaged
ds-job-056,99,349.19,208.34,12.75,printing,independent,sabotaged
ds-job-056,100,363.14,211.29,11.02,printing,independent,sabotaged
ds-job-056,101,350.7,204.33,13.27,printing,independent,sabotaged
ds-job-056,102,370.21,208.18,12.8,printing,independent,sabotaged
ds-job-056,103,344.32,209.38,10.78,printing,independent,sabotaged
ds-job-056,104,381.92,213.29,10.19,printing,independent,sabotaged
ds-job-056,105,371.61,207.71,10.23,printing,independent,sabotaged
ds-job-056,106,361.23,204.15,10.39,printing,independent,sabotaged
ds-job-056,107,375.84,205.82,12.63,printing,independent,sabotaged
ds-job-056,108,322.49,214.34,12.15,printing,independent,sabotaged
ds-job-056,109,374.14,209.02,9.9,printing,independent,sabotaged
ds-job-056,110,360.44,207.03,12.08,printing,independent,sabotaged
ds-job-056,111,362.11,209.65,13.46,printing,independent,sabotaged
ds-job-056,112,341.52,210.59,10.53,printing,independent,sabotaged
ds-job-056,113,362.37,212.63,11.03,printing,independent,sabotaged
ds-job-056,114,367.28,213.64,14.23,printing,independent,sabotaged
ds-job-056,115,343.14,206.27,12.21,printing,independent,sabotaged
ds-job-056,116,360.9,207.05,9.99,printing,independent,sabotaged
ds-job-056,117,342.0,210.65,12.03,printing,independent,sabotaged
ds-job-056,118,335.29,204.31,11.53,printing,independent,sabotaged
ds-job-056,119,352.5,209.19,13.07,printing,independent,sabotaged
ds-job-056,120,356.16,209.13,11.61,printing,independent,sabotaged
ds-job-056,121,372.16,211.45,11.86,printing,independent,sabotaged
ds-job-056,122,362.58,210.56,10.31,printing,independent,sabotaged
ds-job-056,123,335.5,207.26,10.75,printing,independent,sabotaged
ds-job-056,124,366.42,205.0,12.48,printing,independent,sabotaged
ds-job-056,125,349.7,210.93,11.1,printing,independent,sabotaged
ds-job-056,126,357.69,208.3,13.03,printing,independent,sabotaged
ds-job-056,127,350.32,209.11,10.3,printing,independent,sabotaged
ds-job-056,128,345.79,215.05,9.91,printing,independent,sabotaged
ds-job-056,129,334.94,209.9,9.25,printing,independent,sabotaged
ds-job-056,130,333.29,210.7,12.26,printing,independent,sabotaged
ds-job-056,131,355.78,207.63,12.97,printing,independent,sabotaged
ds-job-056,132,342.98,207.97,11.44,printing,independent,sabotaged
ds-job-056,133,359.15,208.1,13.33,printing,independent,sabotaged
ds-job-056,134,366.88,214.49,11.5,printing,independent,sabotaged
ds-job-056,135,349.28,210.27,13.33,printing,independent,sabotaged
ds-job-056,136,338.79,209.41,10.24,printing,independent,sabotaged
ds-job-056,137,328.37,209.51,12.6,printing,independent,sabotaged
ds-job-056,138,342.12,212.07,12.12,printing,independent,sabotaged
ds-job-056,139,358.19,208.31,11.76,printing,independent,sabotaged
ds-job-056,140,366.05,210.78,12.19,printing,independent,sabotaged
ds-job-056,141,360.35,207.57,12.18,printing,independent,sabotaged
ds-job-056,142,366.03,212.14,9.8,printing,independent,sabotaged
ds-job-056,143,378.29,211.53,11.65,printing,independent,sabotaged
ds-job-056,144,356.84,209.18,12.97,printing,independent,sabotaged
ds-job-056,145,354.4,210.24,10.12,printing,independent,sabotaged
ds-job-056,146,344.78,206.81,11.91,printing,independent,sabotaged
ds-job-056,147,363.73,209.99,12.24,printing,independent,sabotaged
ds-job-056,148,362.59,207.42,11.0,printing,independent,sabotaged
ds-job-056,149,338.45,211.72,13.35,printing,independent,sabotaged
ds-job-056,150,355.6,212.7,10.14,printing,independent,sabotaged
ds-job-056,151,320.36,209.62,12.36,printing,independent,sabotaged
ds-job-056,152,319.47,211.11,10.28,printing,independent,sabotaged
ds-job-056,153,362.94,201.67,12.64,printing,independent,sabotaged
ds-job-056,154,356.37,205.47,12.28,printing,independent,sabotaged
ds-job-056,155,342.89,207.57,12.03,printing,independent,sabotaged
ds-job-056,156,365.88,213.46,11.53,printing,independent,sabotaged
ds-job-056,157,358.46,210.45,12.89,printing,independent,sabotaged
ds-job-056,158,55.51,101.36,0.0,cooling,independent,sabotaged
ds-job-056,159,54.14,153.48,0.0,cooling,independent,sabotaged
ds-job-056,160,65.38,178.89,0.0,cooling,independent,sabotaged
ds-job-056,161,65.02,93.68,0.0,cooling,independent,sabotaged
ds-job-056,162,69.51,160.42,0.0,cooling,independent,sabotaged
ds-job-056,163,74.24,109.4,0.0,cooling,independent,sabotaged
ds-job-056,164,57.34,163.91,0.0,cooling,independent,sabotaged
ds-job-056,165,73.83,156.91,0.0,cooling,independent,sabotaged
ds-job-056,166,52.35,68.74,0.0,cooling,independent,sabotaged
ds-job-056,167,68.5,122.78,0.0,cooling,independent,sabotaged
ds-job-056,168,86.05,69.45,0.0,cooling,independent,sabotaged
ds-job-056,169,58.27,99.71,0.0,cooling,independent,sabotaged
ds-job-056,170,60.12,117.43,0.0,cooling,independent,sabotaged
ds-job-056,171,70.61,146.55,0.0,cooling,independent,sabotaged
ds-job-056,172,69.24,85.15,0.0,cooling,independent,sabotaged
ds-job-056,173,62.79,109.54,0.0,cooling,independent,sabotaged
ds-job-056,174,63.12,162.1,0.0,cooling,independent,sabotaged
ds-job-057,0,46.83,25.5,0.0,idle,independent,legitimate
ds-job-057,1,47.67,26.09,0.0,idle,independent,legitimate
ds-job-057,2,50.37,30.0,0.0,idle,independent,legitimate
ds-job-057,3,52.88,25.01,0.0,idle,independent,legitimate
ds-job-057,4,47.04,22.14,0.0,idle,independent,legitimate
ds-job-057,5,54.24,26.73,0.0,idle,independent,legitimate
ds-job-057,6,50.2,24.61,0.0,idle,independent,legitimate
ds-job-057,7,50.22,25.84,0.0,idle,independent,legitimate
ds-job-057,8,216.11,137.69,0.0,heating,independent,legitimate
ds-job-057,9,207.02,126.59,0.0,heating,independent,legitimate
ds-job-057,10,260.0,117.15,0.0,heating,independent,legitimate
ds-job-057,11,224.44,123.9,0.0,heating,independent,legitimate
ds-job-057,12,208.44,92.02,0.0,heating,independent,legitimate
ds-job-057,13,230.38,86.0,0.0,heating,independent,legitimate
ds-job-057,14,195.61,136.9,0.0,heating,independent,legitimate
ds-job-057,15,222.17,148.29,0.0,heating,independent,legitimate
ds-job-057,16,203.46,96.69,0.0,heating,independent,legitimate
ds-job-057,17,224.55,123.69,0.0,heating,independent,legitimate
ds-job-057,18,214.84,140.24,0.0,heating,independent,legitimate
ds-job-057,19,198.06,132.97,0.0,heating,independent,legitimate
ds-job-057,20,225.11,167.61,0.0,heating,independent,legitimate
ds-job-057,21,230.84,160.04,0.0,heating,independent,legitimate
ds-job-057,22,189.33,141.04,0.0,heating,independent,legitimate
ds-job-057,23,190.72,154.96,0.0,heating,independent,legitimate
ds-job-057,24,197.82,104.3,0.0,heating,independent,legitimate
ds-job-057,25,204.71,147.05,0.0,heating,independent,legitimate
ds-job-057,26,169.39,139.38,0.0,heating,independent,legitimate
ds-job-057,27,195.11,106.83,0.0,heating,independent,legitimate
ds-job-057,28,204.41,106.81,0.0,heating,independent,legitimate
ds-job-057,29,227.03,185.54,0.0,heating,independent,legitimate
ds-job-057,30,173.38,114.39,0.0,heating,independent,legitimate
ds-job-057,31,207.64,140.78,0.0,heating,independent,legitimate
ds-job-057,32,358.13,207.15,10.18,printing,independent,legitimate
ds-job-057,33,355.05,208.74,11.14,printing,independent,legitimate
ds-job-057,34,350.8,205.38,12.92,printing,independent,legitimate
ds-job-057,35,358.38,205.7,9.85,printing,independent,legitimate
ds-job-057,36,332.39,206.36,14.03,printing,independent,legitimate
ds-job-057,37,349.39,204.29,11.11,printing,independent,legitimate
ds-job-057,38,378.17,209.86,11.44,printing,independent,legitimate
ds-job-057,39,359.16,215.81,9.75,printing,independent,legitimate
ds-job-057,40,371.63,201.12,10.17,printing,independent,legitimate
ds-job-057,41,381.15,205.28,11.02,printing,independent,legitimate
ds-job-057,42,369.09,207.05,11.04,printing,independent,legitimate
ds-job-057,43,349.84,210.12,12.02,printing,independent,legitimate
ds-job-057,44,356.1,208.74,13.43,printing,independent,legitimate
ds-job-057,45,356.03,211.25,11.2,printing,independent,legitimate
ds-job-057,46,365.57,206.31,9.6,printing,independent,legitimate
ds-job-057,47,373.96,210.85,11.18,printing,independent,legitimate
ds-job-057,48,348.89,209.41,9.92,printing,independent,legitimate
ds-job-057,49,320.06,207.88,10.83,printing,independent,legitimate
ds-job-057,50,345.62,201.81,10.58,printing,independent,legitimate
ds-job-057,51,300.0,207.92,10.13,printing,independent,legitimate
ds-job-057,52,345.09,208.2,10.81,printing,independent,legitimate
ds-job-057,53,351.82,210.94,11.64,printing,independent,legitimate
ds-job-057,54,355.23,212.62,12.07,printing,independent,legitimate
ds-job-057,55,347.31,204.36,10.33,printing,independent,legitimate
ds-job-057,56,367.1,207.77,10.13,printing,independent,legitimate
ds-job-057,57,371.16,207.82,11.8,printing,independent,legitimate
ds-job-057,58,361.99,211.15,10.61,printing,independent,legitimate
ds-job-057,59,307.23,208.99,13.15,printing,independent,legitimate
ds-job-057,60,312.43,205.68,10.83,printing,independent,legitimate
ds-job-057,61,354.68,209.62,10.53,printing,independent,legitimate
ds-job-057,62,358.26,204.65,12.61,printing,independent,legitimate
ds-job-057,63,339.76,207.55,14.06,printing,independent,legitimate
ds-job-057,64,366.88,210.33,10.41,printing,independent,legitimate
ds-job-057,65,337.52,204.35,10.9,printing,independent,legitimate
ds-job-057,66,359.58,206.35,12.55,printing,independent,legitimate
ds-job-057,67,368.55,211.69,12.0,printing,independent,legitimate
ds-job-057,68,336.17,208.27,9.86,printing,independent,legitimate
ds-job-057,69,356.71,210.43,9.9,printing,independent,legitimate
ds-job-057,70,318.83,208.28,11.46,printing,independent,legitimate
ds-job-057,71,354.05,214.69,11.85,printing,independent,legitimate
ds-job-057,72,337.04,214.34,10.58,printing,independent,legitimate
ds-job-057,73,346.23,207.9,11.77,printing,independent,legitimate
ds-job-057,74,330.05,208.07,10.12,printing,independent,legitimate
ds-job-057,75,352.22,209.86,10.28,printing,independent,legitimate
ds-job-057,76,348.88,206.66,13.24,printing,independent,legitimate
ds-job-057,77,340.83,206.96,12.49,printing,independent,legitimate
ds-job-057,78,349.73,210.43,12.77,printing,independent,legitimate
ds-job-057,79,337.33,208.04,11.48,printing,independent,legitimate
ds-job-057,80,346.76,208.56,11.53,printing,independent,legitimate
ds-job-057,81,348.6,207.34,10.72,printing,independent,legitimate
ds-job-057,82,347.42,208.42,10.82,printing,independent,legitimate
ds-job-057,83,340.14,202.59,9.19,printing,independent,legitimate
ds-job-057,84,349.28,205.01,9.12,printing,independent,legitimate
ds-job-057,85,363.29,210.44,11.03,printing,independent,legitimate
ds-job-057,86,337.69,210.04,9.92,printing,independent,legitimate
ds-job-057,87,312.64,205.48,11.81,printing,independent,legitimate
ds-job-057,88,356.45,211.58,10.97,printing,independent,legitimate
ds-job-057,89,332.88,209.24,11.34,printing,independent,legitimate
ds-job-057,90,337.61,209.56,11.24,printing,independent,legitimate
ds-job-057,91,342.45,211.73,13.59,printing,independent,legitimate
ds-job-057,92,358.45,207.54,12.38,printing,independent,legitimate
ds-job-057,93,364.55,207.74,10.14,printing,independent,legitimate
ds-job-057,94,323.41,213.09,12.28,printing,independent,legitimate
ds-job-057,95,324.52,208.97,11.13,printing,independent,legitimate
ds-job-057,96,352.79,209.29,11.85,printing,independent,legitimate
ds-job-057,97,370.63,209.04,12.29,printing,independent,legitimate
ds-job-057,98,373.76,203.89,11.9,printing,independent,legitimate
ds-job-057,99,306.05,207.37,11.48,printing,independent,legitimate
ds-job-057,100,359.79,214.4,14.0,printing,independent,legitimate
ds-job-057,101,351.26,211.22,13.89,printing,independent,legitimate
ds-job-057,102,390.12,212.34,10.32,printing,independent,legitimate
ds-job-057,103,351.95,204.04,10.7,printing,independent,legitimate
ds-job-057,104,361.28,211.64,12.44,printing,independent,legitimate
ds-job-057,105,355.41,208.8,11.28,printing,independent,legitimate
ds-job-057,106,360.61,212.26,12.79,printing,independent,legitimate
ds-job-057,107,362.63,215.15,12.19,printing,independent,legitimate
ds-job-057,108,331.81,206.64,12.25,printing,independent,legitimate
ds-job-057,109,315.11,207.87,12.49,printing,independent,legitimate
ds-job-057,110,345.62,203.48,12.34,printing,independent,legitimate
ds-job-057,111,364.25,211.21,11.15,printing,independent,legitimate
ds-job-057,112,365.5,210.0,10.59,printing,independent,legitimate
ds-job-057,113,348.94,207.33,11.13,printing,independent,legitimate
ds-job-057,114,324.34,210.11,11.93,printing,independent,legitimate
ds-job-057,115,363.73,209.37,10.15,printing,independent,legitimate
ds-job-057,116,343.45,210.8,10.89,printing,independent,legitimate
ds-job-057,117,351.39,207.75,11.91,printing,independent,legitimate
ds-job-057,118,340.37,212.09,13.84,printing,independent,legitimate
ds-job-057,119,325.19,212.16,9.72,printing,independent,legitimate
ds-job-057,120,348.53,209.66,10.4,printing,independent,legitimate
ds-job-057,121,355.7,205.91,11.82,printing,independent,legitimate
ds-job-057,122,379.41,212.33,11.88,printing,independent,legitimate
ds-job-057,123,329.42,204.93,12.5,printing,independent,legitimate
ds-job-057,124,347.21,206.18,9.66,printing,independent,legitimate
ds-job-057,125,347.59,207.74,11.34,printing,independent,legitimate
ds-job-057,126,369.51,209.88,13.42,printing,independent,legitimate
ds-job-057,127,353.18,209.48,10.4,printing,independent,legitimate
ds-job-057,128,348.68,205.74,9.37,printing,independent,legitimate
ds-job-057,129,327.39,210.91,12.87,printing,independent,legitimate
ds-job-057,130,378.06,210.67,12.44,printing,independent,legitimate
ds-job-057,131,342.42,210.01,12.41,printing,independent,legitimate
ds-job-057,132,375.14,207.61,10.65,printing,independent,legitimate
ds-job-057,133,379.84,206.23,13.75,printing,independent,legitimate
ds-job-057,134,349.04,211.35,12.39,printing,independent,legitimate
ds-job-057,135,357.57,209.74,10.78,printing,independent,legitimate
ds-job-057,136,385.38,207.8,11.42,printing,independent,legitimate
ds-job-057,137,362.41,209.89,12.44,printing,independent,legitimate
ds-job-057,138,375.53,209.1,11.43,printing,independent,legitimate
ds-job-057,139,381.0,208.03,11.91,printing,independent,legitimate
ds-job-057,140,356.53,210.01,10.83,printing,independent,legitimate
ds-job-057,141,353.01,211.38,11.85,printing,independent,legitimate
ds-job-057,142,364.21,209.65,11.93,printing,independent,legitimate
ds-job-057,143,314.38,202.97,13.66,printing,independent,legitimate
ds-job-057,144,54.96,109.56,0.0,cooling,independent,legitimate
ds-job-057,145,56.25,131.88,0.0,cooling,independent,legitimate
ds-job-057,146,60.23,132.62,0.0,cooling,independent,legitimate
ds-job-057,147,67.61,114.26,0.0,cooling,independent,legitimate
ds-job-057,148,63.47,96.92,0.0,cooling,independent,legitimate
ds-job-057,149,60.52,63.06,0.0,cooling,independent,legitimate
ds-job-057,150,66.11,125.74,0.0,cooling,independent,legitimate
ds-job-057,151,72.87,148.66,0.0,cooling,independent,legitimate
ds-job-057,152,78.59,147.9,0.0,cooling,independent,legitimate
ds-job-057,153,70.61,151.13,0.0,cooling,independent,legitimate
ds-job-057,154,57.94,170.99,0.0,cooling,independent,legitimate
ds-job-057,155,58.63,131.02,0.0,cooling,independent,legitimate
ds-job-057,156,75.29,131.77,0.0,cooling,independent,legitimate
ds-job-057,157,54.78,127.37,0.0,cooling,independent,legitimate
ds-job-057,158,55.07,121.44,0.0,cooling,independent,legitimate
ds-job-057,159,63.16,142.61,0.0,cooling,independent,legitimate
ds-job-058,0,51.86,27.99,0.0,idle,independent,legitimate
ds-job-058,1,51.43,23.37,0.0,idle,independent,legitimate
ds-job-058,2,53.15,23.54,0.0,idle,independent,legitimate
ds-job-058,3,49.07,27.2,0.0,idle,independent,legitimate
ds-job-058,4,52.86,21.77,0.0,idle,independent,legitimate
ds-job-058,5,51.16,26.26,0.0,idle,independent,legitimate
ds-job-058,6,50.52,27.86,0.0,idle,independent,legitimate
ds-job-058,7,193.31,105.12,0.0,heating,independent,legitimate
ds-job-058,8,228.74,111.28,0.0,heating,independent,legitimate
ds-job-058,9,206.57,141.28,0.0,heating,independent,legitimate
ds-job-058,10,164.76,149.93,0.0,heating,independent,legitimate
ds-job-058,11,209.35,131.51,0.0,heating,independent,legitimate
ds-job-058,12,195.53,89.59,0.0,heating,independent,legitimate
ds-job-058,13,213.98,142.28,0.0,heating,independent,legitimate
ds-job-058,14,220.2,76.25,0.0,heating,independent,legitimate
ds-job-058,15,196.52,65.24,0.0,heating,independent,legitimate
ds-job-058,16,200.23,120.35,0.0,heating,independent,legitimate
ds-job-058,17,220.76,121.59,0.0,heating,independent,legitimate
ds-job-058,18,244.06,102.96,0.0,heating,independent,legitimate
ds-job-058,19,192.29,70.09,0.0,heating,independent,legitimate
ds-job-058,20,204.11,123.13,0.0,heating,independent,legitimate
ds-job-058,21,222.01,143.19,0.0,heating,independent,legitimate
ds-job-058,22,229.43,151.08,0.0,heating,independent,legitimate
ds-job-058,23,196.21,108.16,0.0,heating,independent,legitimate
ds-job-058,24,201.6,115.54,0.0,heating,independent,legitimate
ds-job-058,25,219.42,111.95,0.0,heating,independent,legitimate
ds-job-058,26,195.04,119.32,0.0,heating,independent,legitimate
ds-job-058,27,160.68,106.69,0.0,heating,independent,legitimate
ds-job-058,28,188.43,115.69,0.0,heating,independent,legitimate
ds-job-058,29,361.27,209.79,12.98,printing,independent,legitimate
ds-job-058,30,353.89,213.52,14.15,printing,independent,legitimate
ds-job-058,31,328.58,200.56,11.45,printing,independent,legitimate
ds-job-058,32,345.24,210.32,9.85,printing,independent,legitimate
ds-job-058,33,358.36,209.41,10.74,printing,independent,legitimate
ds-job-058,34,372.5,206.25,12.49,printing,independent,legitimate
ds-job-058,35,354.48,209.01,11.94,printing,independent,legitimate
ds-job-058,36,334.91,209.97,13.6,printing,independent,legitimate
ds-job-058,37,362.29,206.17,12.28,printing,independent,legitimate
ds-job-058,38,370.16,205.91,10.26,printing,independent,legitimate
ds-job-058,39,340.55,215.02,10.46,printing,independent,legitimate
ds-job-058,40,357.61,212.91,12.08,printing,independent,legitimate
ds-job-058,41,343.13,201.31,10.06,printing,independent,legitimate
ds-job-058,42,334.19,208.63,11.13,printing,independent,legitimate
ds-job-058,43,365.46,205.6,11.16,printing,independent,legitimate
ds-job-058,44,348.96,213.54,10.9,printing,independent,legitimate
ds-job-058,45,324.69,206.84,10.59,printing,independent,legitimate
ds-job-058,46,375.71,209.32,12.84,printing,independent,legitimate
ds-job-058,47,360.94,208.09,9.88,printing,independent,legitimate
ds-job-058,48,355.12,209.54,11.56,printing,independent,legitimate
ds-job-058,49,367.11,209.1,10.63,printing,independent,legitimate
ds-job-058,50,353.39,209.1,11.47,printing,independent,legitimate
ds-job-058,51,322.97,212.5,10.68,printing,independent,legitimate
ds-job-058,52,319.42,211.54,9.97,printing,independent,legitimate
ds-job-058,53,358.15,211.67,12.65,printing,independent,legitimate
ds-job-058,54,348.98,215.36,9.95,printing,independent,legitimate
ds-job-058,55,345.01,208.6,11.12,printing,independent,legitimate
ds-job-058,56,359.0,208.01,11.13,printing,independent,legitimate
ds-job-058,57,368.65,213.74,12.79,printing,independent,legitimate
ds-job-058,58,329.02,208.43,13.56,printing,independent,legitimate
ds-job-058,59,370.09,208.7,11.28,printing,independent,legitimate
ds-job-058,60,346.15,206.63,10.64,printing,independent,legitimate
ds-job-058,61,374.26,202.31,10.73,printing,independent,legitimate
ds-job-058,62,347.33,212.66,11.83,printing,independent,legitimate
ds-job-058,63,324.27,210.03,12.07,printing,independent,legitimate
ds-job-058,64,362.09,213.4,11.68,printing,independent,legitimate
ds-job-058,65,353.04,207.35,11.84,printing,independent,legitimate
ds-job-058,66,376.15,207.93,10.19,printing,independent,legitimate
ds-job-058,67,352.42,210.93,12.17,printing,independent,legitimate
ds-job-058,68,344.04,209.07,11.7,printing,independent,legitimate
ds-job-058,69,334.3,216.6,12.4,printing,independent,legitimate
ds-job-058,70,374.39,211.37,11.82,printing,independent,legitimate
ds-job-058,71,330.28,203.31,11.56,printing,independent,legitimate
ds-job-058,72,348.02,212.73,12.07,printing,independent,legitimate
ds-job-058,73,343.74,209.68,13.19,printing,independent,legitimate
ds-job-058,74,312.19,206.65,11.69,printing,independent,legitimate
ds-job-058,75,324.06,211.88,11.14,printing,independent,legitimate
ds-job-058,76,363.87,204.55,12.09,printing,independent,legitimate
ds-job-058,77,373.45,204.45,11.12,printing,independent,legitimate
ds-job-058,78,360.43,207.99,12.54,printing,independent,legitimate
ds-job-058,79,339.82,212.88,12.19,printing,independent,legitimate
ds-job-058,80,384.69,211.05,11.63,printing,independent,legitimate
ds-job-058,81,366.91,208.43,12.48,printing,independent,legitimate
ds-job-058,82,361.45,209.48,11.14,printing,independent,legitimate
ds-job-058,83,353.91,209.49,10.12,printing,independent,legitimate
ds-job-058,84,392.61,210.38,12.42,printing,independent,legitimate
ds-job-058,85,356.12,210.23,12.23,printing,independent,legitimate
ds-job-058,86,337.23,210.92,11.74,printing,independent,legitimate
ds-job-058,87,340.41,212.3,12.48,printing,independent,legitimate
ds-job-058,88,374.93,206.56,11.49,printing,independent,legitimate
ds-job-058,89,339.87,206.13,11.9,printing,independent,legitimate
ds-job-058,90,378.58,209.66,11.56,printing,independent,legitimate
ds-job-058,91,351.13,208.77,10.16,printing,independent,legitimate
ds-job-058,92,355.72,209.04,11.69,printing,independent,legitimate
ds-job-058,93,353.73,212.12,9.7,printing,independent,legitimate
ds-job-058,94,358.9,209.78,12.9,printing,independent,legitimate
ds-job-058,95,369.06,213.09,10.18,printing,independent,legitimate
ds-job-058,96,361.3,212.03,11.55,printing,independent,legitimate
ds-job-058,97,357.56,207.35,10.95,printing,independent,legitimate
ds-job-058,98,340.17,210.69,12.61,printing,independent,legitimate
ds-job-058,99,332.39,206.69,11.86,printing,independent,legitimate
ds-job-058,100,317.87,210.78,11.14,printing,independent,legitimate
ds-job-058,101,354.65,207.42,9.98,printing,independent,legitimate
ds-job-058,102,353.47,208.98,9.42,printing,independent,legitimate
ds-job-058,103,370.5,209.6,11.17,printing,independent,legitimate
ds-job-058,104,384.85,208.11,11.5,printing,independent,legitimate
ds-job-058,105,334.5,208.13,11.05,printing,independent,legitimate
ds-job-058,106,371.04,210.65,12.64,printing,independent,legitimate
ds-job-058,107,329.57,206.84,10.71,printing,independent,legitimate
ds-job-058,108,354.43,203.35,11.07,printing,independent,legitimate
ds-job-058,109,345.73,209.08,10.52,printing,independent,legitimate
ds-job-058,110,362.28,209.53,11.51,printing,independent,legitimate
ds-job-058,111,323.37,209.22,8.88,printing,independent,legitimate
ds-job-058,112,337.67,210.24,10.32,printing,independent,legitimate
ds-job-058,113,331.94,207.53,12.12,printing,independent,legitimate
ds-job-058,114,338.0,207.78,13.88,printing,independent,legitimate
ds-job-058,115,341.61,210.45,8.0,printing,independent,legitimate
ds-job-058,116,361.43,205.02,12.15,printing,independent,legitimate
ds-job-058,117,353.07,211.49,10.08,printing,independent,legitimate
ds-job-058,118,351.5,205.27,12.4,printing,independent,legitimate
ds-job-058,119,351.74,203.24,11.8,printing,independent,legitimate
ds-job-058,120,371.19,202.04,12.23,printing,independent,legitimate
ds-job-058,121,336.42,213.02,11.21,printing,independent,legitimate
ds-job-058,122,345.31,213.14,12.23,printing,independent,legitimate
ds-job-058,123,341.46,205.32,10.82,printing,independent,legitimate
ds-job-058,124,370.68,208.25,11.12,printing,independent,legitimate
ds-job-058,125,385.99,203.0,11.97,printing,independent,legitimate
ds-job-058,126,345.99,206.94,11.44,printing,independent,legitimate
ds-job-058,127,384.79,203.28,9.9,printing,independent,legitimate
ds-job-058,128,364.11,206.83,11.6,printing,independent,legitimate
ds-job-058,129,324.39,209.58,13.18,printing,independent,legitimate
ds-job-058,130,349.11,210.2,10.94,printing,independent,legitimate
ds-job-058,131,400.0,206.76,8.0,printing,independent,legitimate
ds-job-058,132,333.68,207.01,10.87,printing,independent,legitimate
ds-job-058,133,365.51,207.14,12.02,printing,independent,legitimate
ds-job-058,134,338.42,207.39,12.83,printing,independent,legitimate
ds-job-058,135,68.17,103.87,0.0,cooling,independent,legitimate
ds-job-058,136,60.91,96.27,0.0,cooling,independent,legitimate
ds-job-058,137,60.76,192.6,0.0,cooling,independent,legitimate
ds-job-058,138,69.76,112.43,0.0,cooling,independent,legitimate
ds-job-058,139,68.15,103.39,0.0,cooling,independent,legitimate
ds-job-058,140,82.27,137.63,0.0,cooling,independent,legitimate
ds-job-058,141,66.65,114.77,0.0,cooling,independent,legitimate
ds-job-058,142,59.58,80.56,0.0,cooling,independent,legitimate
ds-job-058,143,60.88,151.12,0.0,cooling,independent,legitimate
ds-job-058,144,61.64,139.48,0.0,cooling,independent,legitimate
ds-job-058,145,53.6,128.25,0.0,cooling,independent,legitimate
ds-job-058,146,55.09,146.74,0.0,cooling,independent,legitimate
ds-job-058,147,54.32,153.99,0.0,cooling,independent,legitimate
ds-job-058,148,49.58,86.95,0.0,cooling,independent,legitimate
ds-job-058,149,65.72,98.54,0.0,cooling,independent,legitimate
ds-job-059,0,47.8,25.85,0.0,idle,independent,legitimate
ds-job-059,1,60.0,26.23,0.0,idle,independent,legitimate
ds-job-059,2,46.48,28.96,0.0,idle,independent,legitimate
ds-job-059,3,52.81,24.37,0.0,idle,independent,legitimate
ds-job-059,4,54.8,25.88,0.0,idle,independent,legitimate
ds-job-059,5,202.34,101.02,0.0,heating,independent,legitimate
ds-job-059,6,204.76,99.95,0.0,heating,independent,legitimate
ds-job-059,7,207.87,124.07,0.0,heating,independent,legitimate
ds-job-059,8,208.51,156.9,0.0,heating,independent,legitimate
ds-job-059,9,219.81,129.88,0.0,heating,independent,legitimate
ds-job-059,10,242.68,67.82,0.0,heating,independent,legitimate
ds-job-059,11,227.75,116.53,0.0,heating,independent,legitimate
ds-job-059,12,209.81,100.45,0.0,heating,independent,legitimate
ds-job-059,13,224.88,130.99,0.0,heating,independent,legitimate
ds-job-059,14,207.41,109.61,0.0,heating,independent,legitimate
ds-job-059,15,162.7,141.13,0.0,heating,independent,legitimate
ds-job-059,16,214.05,100.97,0.0,heating,independent,legitimate
ds-job-059,17,231.29,82.59,0.0,heating,independent,legitimate
ds-job-059,18,212.7,159.25,0.0,heating,independent,legitimate
ds-job-059,19,185.52,144.61,0.0,heating,independent,legitimate
ds-job-059,20,371.39,208.46,10.62,printing,independent,legitimate
ds-job-059,21,363.84,208.99,11.91,printing,independent,legitimate
ds-job-059,22,370.98,207.89,10.35,printing,independent,legitimate
ds-job-059,23,352.7,205.32,9.54,printing,independent,legitimate
ds-job-059,24,354.27,210.04,11.35,printing,independent,legitimate
ds-job-059,25,359.43,213.73,12.67,printing,independent,legitimate
ds-job-059,26,350.79,204.61,9.38,printing,independent,legitimate
ds-job-059,27,341.08,211.73,11.16,printing,independent,legitimate
ds-job-059,28,346.77,210.33,14.88,printing,independent,legitimate
ds-job-059,29,331.92,207.6,10.39,printing,independent,legitimate
ds-job-059,30,363.3,209.65,11.78,printing,independent,legitimate
ds-job-059,31,355.67,208.3,12.61,printing,independent,legitimate
ds-job-059,32,334.92,203.69,9.62,printing,independent,legitimate
ds-job-059,33,362.26,212.06,11.6,printing,independent,legitimate
ds-job-059,34,330.82,207.63,10.97,printing,independent,legitimate
ds-job-059,35,354.1,205.03,10.13,printing,independent,legitimate
ds-job-059,36,352.55,212.67,11.3,printing,independent,legitimate
ds-job-059,37,325.97,205.53,8.93,printing,independent,legitimate
ds-job-059,38,354.77,215.57,12.7,printing,independent,legitimate
ds-job-059,39,382.62,205.43,12.57,printing,independent,legitimate
ds-job-059,40,357.92,214.27,8.0,printing,independent,legitimate
ds-job-059,41,343.67,203.03,11.33,printing,independent,legitimate
ds-job-059,42,354.52,207.57,9.96,printing,independent,legitimate
ds-job-059,43,388.09,207.99,9.54,printing,independent,legitimate
ds-job-059,44,329.65,208.78,11.0,printing,independent,legitimate
ds-job-059,45,348.21,208.14,10.72,printing,independent,legitimate
ds-job-059,46,328.3,211.04,10.51,printing,independent,legitimate
ds-job-059,47,354.67,211.39,11.19,printing,independent,legitimate
ds-job-059,48,344.26,210.26,11.12,printing,independent,legitimate
ds-job-059,49,342.4,208.87,12.37,printing,independent,legitimate
ds-job-059,50,367.27,208.4,9.56,printing,independent,legitimate
ds-job-059,51,337.56,212.69,10.13,printing,independent,legitimate
ds-job-059,52,357.4,211.07,10.89,printing,independent,legitimate
ds-job-059,53,360.63,209.61,12.58,printing,independent,legitimate
ds-job-059,54,324.46,209.77,10.76,printing,independent,legitimate
ds-job-059,55,346.25,210.83,8.72,printing,independent,legitimate
ds-job-059,56,346.41,210.3,11.26,printing,independent,legitimate
ds-job-059,57,355.98,209.47,11.32,printing,independent,legitimate
ds-job-059,58,337.46,205.57,11.51,printing,independent,legitimate
ds-job-059,59,325.58,208.48,9.93,printing,independent,legitimate
ds-job-059,60,345.14,204.39,11.11,printing,independent,legitimate
ds-job-059,61,351.21,211.56,11.52,printing,independent,legitimate
ds-job-059,62,331.11,208.2,10.83,printing,independent,legitimate
ds-job-059,63,323.7,208.25,11.91,printing,independent,legitimate
ds-job-059,64,360.96,204.89,12.04,printing,independent,legitimate
ds-job-059,65,343.21,205.71,14.26,printing,independent,legitimate
ds-job-059,66,356.42,210.81,12.23,printing,independent,legitimate
ds-job-059,67,350.07,208.15,12.14,printing,independent,legitimate
ds-job-059,68,338.08,214.16,11.07,printing,independent,legitimate
ds-job-059,69,340.36,201.94,11.27,printing,independent,legitimate
ds-job-059,70,347.56,210.78,11.75,printing,independent,legitimate
ds-job-059,71,320.06,208.8,13.18,printing,independent,legitimate
ds-job-059,72,344.84,214.97,12.91,printing,independent,legitimate
ds-job-059,73,353.01,207.29,12.07,printing,independent,legitimate
ds-job-059,74,363.34,208.27,9.37,printing,independent,legitimate
ds-job-059,75,345.87,209.31,11.52,printing,independent,legitimate
ds-job-059,76,348.57,207.79,13.07,printing,independent,legitimate
ds-job-059,77,367.41,208.83,12.32,printing,independent,legitimate
ds-job-059,78,365.38,215.25,11.8,printing,independent,legitimate
ds-job-059,79,350.5,204.02,11.64,printing,independent,legitimate
ds-job-059,80,353.64,209.59,12.5,printing,independent,legitimate
ds-job-059,81,357.52,209.53,13.37,printing,independent,legitimate
ds-job-059,82,363.95,208.64,10.42,printing,independent,legitimate
ds-job-059,83,366.08,207.92,10.84,printing,independent,legitimate
ds-job-059,84,345.34,210.69,11.06,printing,independent,legitimate
ds-job-059,85,339.35,208.31,11.6,printing,independent,legitimate
ds-job-059,86,326.68,203.06,10.59,printing,independent,legitimate
ds-job-059,87,359.87,206.88,11.94,printing,independent,legitimate
ds-job-059,88,342.7,213.29,10.42,printing,independent,legitimate
ds-job-059,89,356.71,204.82,12.79,printing,independent,legitimate
ds-job-059,90,346.06,212.2,12.01,printing,independent,legitimate
ds-job-059,91,374.4,209.21,12.06,printing,independent,legitimate
ds-job-059,92,62.64,87.14,0.0,cooling,independent,legitimate
ds-job-059,93,69.81,140.36,0.0,cooling,independent,legitimate
ds-job-059,94,66.69,155.57,0.0,cooling,independent,legitimate
ds-job-059,95,72.15,53.28,0.0,cooling,independent,legitimate
ds-job-059,96,64.68,82.96,0.0,cooling,independent,legitimate
ds-job-059,97,59.19,98.97,0.0,cooling,independent,legitimate
ds-job-059,98,65.84,124.59,0.0,cooling,independent,legitimate
ds-job-059,99,56.39,91.1,0.0,cooling,independent,legitimate
ds-job-059,100,62.73,77.18,0.0,cooling,independent,legitimate
ds-job-059,101,70.65,163.62,0.0,cooling,independent,legitimate
ds-job-060,0,48.96,25.36,0.0,idle,independent,sabotaged
ds-job-060,1,53.24,24.47,0.0,idle,independent,sabotaged
ds-job-060,2,51.81,23.45,0.0,idle,independent,sabotaged
ds-job-060,3,52.12,26.14,0.0,idle,independent,sabotaged
ds-job-060,4,54.19,25.37,0.0,idle,independent,sabotaged
ds-job-060,5,51.47,24.01,0.0,idle,independent,sabotaged
ds-job-060,6,49.68,20.83,0.0,idle,independent,sabotaged
ds-job-060,7,49.25,23.79,0.0,idle,independent,sabotaged
ds-job-060,8,218.76,111.94,0.0,heating,independent,sabotaged
ds-job-060,9,221.49,124.5,0.0,heating,independent,sabotaged
ds-job-060,10,212.26,127.07,0.0,heating,independent,sabotaged
ds-job-060,11,221.16,109.67,0.0,heating,independent,sabotaged
ds-job-060,12,190.11,81.81,0.0,heating,independent,sabotaged
ds-job-060,13,194.69,147.18,0.0,heating,independent,sabotaged
ds-job-060,14,219.87,96.92,0.0,heating,independent,sabotaged
ds-job-060,15,166.24,154.79,0.0,heating,independent,sabotaged
ds-job-060,16,197.35,116.32,0.0,heating,independent,sabotaged
ds-job-060,17,211.24,136.78,0.0,heating,independent,sabotaged
ds-job-060,18,229.86,151.37,0.0,heating,independent,sabotaged
ds-job-060,19,202.79,99.11,0.0,heating,independent,sabotaged
ds-job-060,20,209.66,127.62,0.0,heating,independent,sabotaged
ds-job-060,21,202.83,113.22,0.0,heating,independent,sabotaged
ds-job-060,22,176.37,88.67,0.0,heating,independent,sabotaged
ds-job-060,23,203.47,84.23,0.0,heating,independent,sabotaged
ds-job-060,24,194.82,153.91,0.0,heating,independent,sabotaged
ds-job-060,25,184.53,47.58,0.0,heating,independent,sabotaged
ds-job-060,26,258.7,103.48,0.0,heating,independent,sabotaged
ds-job-060,27,235.19,124.72,0.0,heating,independent,sabotaged
ds-job-060,28,184.65,133.5,0.0,heating,independent,sabotaged
ds-job-060,29,223.38,82.09,0.0,heating,independent,sabotaged
ds-job-060,30,201.8,64.66,0.0,heating,independent,sabotaged
ds-job-060,31,194.11,154.65,0.0,heating,independent,sabotaged
ds-job-060,32,211.32,118.39,0.0,heating,independent,sabotaged
ds-job-060,33,205.46,99.52,0.0,heating,independent,sabotaged
ds-job-060,34,361.51,209.22,10.64,printing,independent,sabotaged
ds-job-060,35,360.32,205.3,10.99,printing,independent,sabotaged
ds-job-060,36,348.89,214.56,11.99,printing,independent,sabotaged
ds-job-060,37,354.46,211.25,10.73,printing,independent,sabotaged
ds-job-060,38,340.73,211.55,12.01,printing,independent,sabotaged
ds-job-060,39,348.57,203.72,12.3,printing,independent,sabotaged
ds-job-060,40,345.18,212.83,12.76,printing,independent,sabotaged
ds-job-060,41,376.11,209.74,12.14,printing,independent,sabotaged
ds-job-060,42,378.73,205.95,12.81,printing,independent,sabotaged
ds-job-060,43,343.92,209.42,11.47,printing,independent,sabotaged
ds-job-060,44,363.29,207.08,13.54,printing,independent,sabotaged
ds-job-060,45,349.31,205.46,11.18,printing,independent,sabotaged
ds-job-060,46,368.21,206.34,11.98,printing,independent,sabotaged
ds-job-060,47,342.76,205.73,12.57,printing,independent,sabotaged
ds-job-060,48,355.96,204.0,11.03,printing,independent,sabotaged
ds-job-060,49,374.51,210.01,11.9,printing,independent,sabotaged
ds-job-060,50,353.53,205.87,13.81,printing,independent,sabotaged
ds-job-060,51,344.14,214.08,9.21,printing,independent,sabotaged
ds-job-060,52,341.73,209.32,11.37,printing,independent,sabotaged
ds-job-060,53,360.09,213.45,10.05,printing,independent,sabotaged
ds-job-060,54,351.99,207.57,11.11,printing,independent,sabotaged
ds-job-060,55,353.08,206.63,11.17,printing,independent,sabotaged
ds-job-060,56,322.9,209.88,10.98,printing,independent,sabotaged
ds-job-060,57,358.92,213.35,10.63,printing,independent,sabotaged
ds-job-060,58,349.39,209.6,11.48,printing,independent,sabotaged
ds-job-060,59,364.36,206.88,11.28,printing,independent,sabotaged
ds-job-060,60,342.8,206.4,12.03,printing,independent,sabotaged
ds-job-060,61,355.78,212.67,13.24,printing,independent,sabotaged
ds-job-060,62,382.64,214.19,8.36,printing,independent,sabotaged
ds-job-060,63,332.57,210.54,11.91,printing,independent,sabotaged
ds-job-060,64,338.2,208.39,12.67,printing,independent,sabotaged
ds-job-060,65,322.32,208.37,11.84,printing,independent,sabotaged
ds-job-060,66,362.26,212.63,10.59,printing,independent,sabotaged
ds-job-060,67,339.69,208.13,10.96,printing,independent,sabotaged
ds-job-060,68,351.4,212.05,9.71,printing,independent,sabotaged
ds-job-060,69,357.27,206.43,9.14,printing,independent,sabotaged
ds-job-060,70,322.04,206.58,10.12,printing,independent,sabotaged
ds-job-060,71,358.71,205.18,10.83,printing,independent,sabotaged
ds-job-060,72,341.77,205.33,12.16,printing,independent,sabotaged
ds-job-060,73,366.32,207.96,11.54,printing,independent,sabotaged
ds-job-060,74,351.85,206.11,12.78,printing,independent,sabotaged
ds-job-060,75,342.54,211.44,12.33,printing,independent,sabotaged
ds-job-060,76,364.38,204.59,11.03,printing,independent,sabotaged
ds-job-060,77,357.37,209.32,10.42,printing,independent,sabotaged
ds-job-060,78,325.9,205.89,10.06,printing,independent,sabotaged
ds-job-060,79,370.26,205.81,10.97,printing,independent,sabotaged
ds-job-060,80,341.23,208.61,11.13,printing,independent,sabotaged
ds-job-060,81,355.82,207.32,10.63,printing,independent,sabotaged
ds-job-060,82,340.43,212.15,11.14,printing,independent,sabotaged
ds-job-060,83,357.53,209.85,11.13,printing,independent,sabotaged
ds-job-060,84,362.25,206.17,11.65,printing,independent,sabotaged
ds-job-060,85,346.6,206.09,11.15,printing,independent,sabotaged
ds-job-060,86,345.8,212.06,11.04,printing,independent,sabotaged
ds-job-060,87,359.32,204.07,11.53,printing,independent,sabotaged
ds-job-060,88,337.11,208.33,11.85,printing,independent,sabotaged
ds-job-060,89,369.2,210.39,12.03,printing,independent,sabotaged
ds-job-060,90,348.49,213.37,10.55,printing,independent,sabotaged
ds-job-060,91,364.08,212.83,11.48,printing,independent,sabotaged
ds-job-060,92,330.39,206.21,11.14,printing,independent,sabotaged
ds-job-060,93,368.1,206.71,12.51,printing,independent,sabotaged
ds-job-060,94,342.87,211.98,14.74,printing,independent,sabotaged
ds-job-060,95,328.29,202.78,10.86,printing,independent,sabotaged
ds-job-060,96,369.96,213.11,14.88,printing,independent,sabotaged
ds-job-060,97,290.0,207.59,0.0,printing,independent,sabotaged
ds-job-060,98,290.0,210.67,0.0,printing,independent,sabotaged
ds-job-060,99,290.0,203.37,0.0,printing,independent,sabotaged
ds-job-060,100,322.53,206.07,12.17,printing,independent,sabotaged
ds-job-060,101,328.74,210.0,13.72,printing,independent,sabotaged
ds-job-060,102,324.23,210.86,12.74,printing,independent,sabotaged
ds-job-060,103,370.13,209.26,13.09,printing,independent,sabotaged
ds-job-060,104,322.33,207.1,12.4,printing,independent,sabotaged
ds-job-060,105,358.98,208.59,11.85,printing,independent,sabotaged
ds-job-060,106,362.44,213.19,13.38,printing,independent,sabotaged
ds-job-060,107,343.06,207.01,13.39,printing,independent,sabotaged
ds-job-060,108,336.48,206.95,12.89,printing,independent,sabotaged
ds-job-060,109,341.0,212.85,11.47,printing,independent,sabotaged
ds-job-060,110,373.83,208.97,11.26,printing,independent,sabotaged
ds-job-060,111,359.52,209.21,11.17,printing,independent,sabotaged
ds-job-060,112,347.07,216.16,12.43,printing,independent,sabotaged
ds-job-060,113,362.93,208.08,10.84,printing,independent,sabotaged
ds-job-060,114,351.12,215.52,11.0,printing,independent,sabotaged
ds-job-060,115,334.05,210.1,11.0,printing,independent,sabotaged
ds-job-060,116,372.95,205.09,11.47,printing,independent,sabotaged
ds-job-060,117,355.23,206.59,11.05,printing,independent,sabotaged
ds-job-060,118,363.03,212.63,13.4,printing,independent,sabotaged
ds-job-060,119,352.87,209.1,12.99,printing,independent,sabotaged
ds-job-060,120,340.03,209.97,11.44,printing,independent,sabotaged
ds-job-060,121,382.14,207.63,9.61,printing,independent,sabotaged
ds-job-060,122,369.11,213.98,11.46,printing,independent,sabotaged
ds-job-060,123,340.68,213.7,9.54,printing,independent,sabotaged
ds-job-060,124,370.81,208.59,13.48,printing,independent,sabotaged
ds-job-060,125,340.19,206.1,13.15,printing,independent,sabotaged
ds-job-060,126,362.84,210.94,11.95,printing,independent,sabotaged
ds-job-060,127,348.3,208.28,12.53,printing,independent,sabotaged
ds-job-060,128,339.81,200.35,11.41,printing,independent,sabotaged
ds-job-060,129,341.11,211.03,9.53,printing,independent,sabotaged
ds-job-060,130,359.34,205.21,12.1,printing,independent,sabotaged
ds-job-060,131,362.37,210.74,11.12,printing,independent,sabotaged
ds-job-060,132,384.38,206.69,10.57,printing,independent,sabotaged
ds-job-060,133,337.58,206.66,11.63,printing,independent,sabotaged
ds-job-060,134,343.84,211.62,12.7,printing,independent,sabotaged
ds-job-060,135,332.88,211.41,10.9,printing,independent,sabotaged
ds-job-060,136,349.81,208.48,14.01,printing,independent,sabotaged
ds-job-060,137,361.03,206.85,12.59,printing,independent,sabotaged
ds-job-060,138,348.26,205.29,11.53,printing,independent,sabotaged
ds-job-060,139,357.05,212.8,10.99,printing,independent,sabotaged
ds-job-060,140,351.52,210.21,11.41,printing,independent,sabotaged
ds-job-060,141,340.77,205.38,12.25,printing,independent,sabotaged
ds-job-060,142,333.38,208.43,13.16,printing,independent,sabotaged
ds-job-060,143,352.99,211.45,13.81,printing,independent,sabotaged
ds-job-060,144,377.26,205.57,11.9,printing,independent,sabotaged
ds-job-060,145,343.24,207.73,11.77,printing,independent,sabotaged
ds-job-060,146,338.44,205.68,10.85,printing,independent,sabotaged
ds-job-060,147,355.51,214.89,10.94,printing,independent,sabotaged
ds-job-060,148,342.9,211.74,11.28,printing,independent,sabotaged
ds-job-060,149,344.66,212.5,9.68,printing,independent,sabotaged
ds-job-060,150,341.27,210.59,11.87,printing,independent,sabotaged
ds-job-060,151,320.22,206.94,12.28,printing,independent,sabotaged
ds-job-060,152,348.1,204.44,11.44,printing,independent,sabotaged
ds-job-060,153,345.34,207.71,12.76,printing,independent,sabotaged
ds-job-060,154,358.18,208.52,10.8,printing,independent,sabotaged
ds-job-060,155,350.37,208.77,12.02,printing,independent,sabotaged
ds-job-060,156,350.38,208.27,11.39,printing,independent,sabotaged
ds-job-060,157,351.62,206.41,9.19,printing,independent,sabotaged
ds-job-060,158,357.89,206.46,13.35,printing,independent,sabotaged
ds-job-060,159,356.4,210.42,13.21,printing,independent,sabotaged
ds-job-060,160,57.28,153.95,0.0,cooling,independent,sabotaged
ds-job-060,161,70.68,102.89,0.0,cooling,independent,sabotaged
ds-job-060,162,62.86,93.45,0.0,cooling,independent,sabotaged
ds-job-060,163,70.23,114.69,0.0,cooling,independent,sabotaged
ds-job-060,164,74.72,152.44,0.0,cooling,independent,sabotaged
ds-job-060,165,71.63,67.53,0.0,cooling,independent,sabotaged
ds-job-060,166,56.88,94.33,0.0,cooling,independent,sabotaged
ds-job-060,167,51.33,108.73,0.0,cooling,independent,sabotaged
ds-job-060,168,65.71,147.47,0.0,cooling,independent,sabotaged
ds-job-060,169,79.16,100.78,0.0,cooling,independent,sabotaged
ds-job-060,170,63.89,78.95,0.0,cooling,independent,sabotaged
ds-job-060,171,66.97,132.28,0.0,cooling,independent,sabotaged
ds-job-060,172,64.01,163.1,0.0,cooling,independent,sabotaged
ds-job-060,173,62.85,130.81,0.0,cooling,independent,sabotaged
ds-job-060,174,62.79,118.24,0.0,cooling,independent,sabotaged
ds-job-060,175,60.27,106.1,0.0,cooling,independent,sabotaged
ds-job-060,176,68.71,91.51,0.0,cooling,independent,sabotaged
ds-job-061,0,46.76,27.79,0.0,idle,independent,legitimate
ds-job-061,1,56.59,22.78,0.0,idle,independent,legitimate
ds-job-061,2,54.06,26.26,0.0,idle,independent,legitimate
ds-job-061,3,48.95,28.05,0.0,idle,independent,legitimate
ds-job-061,4,51.56,24.98,0.0,idle,independent,legitimate
ds-job-061,5,52.51,22.65,0.0,idle,independent,legitimate
ds-job-061,6,50.86,24.46,0.0,idle,independent,legitimate
ds-job-061,7,214.76,132.06,0.0,heating,independent,legitimate
ds-job-061,8,199.44,160.33,0.0,heating,independent,legitimate
ds-job-061,9,208.3,106.77,0.0,heating,independent,legitimate
ds-job-061,10,208.74,111.64,0.0,heating,independent,legitimate
ds-job-061,11,210.28,93.05,0.0,heating,independent,legitimate
ds-job-061,12,185.69,118.58,0.0,heating,independent,legitimate
ds-job-061,13,208.44,100.32,0.0,heating,independent,legitimate
ds-job-061,14,194.69,105.64,0.0,heating,independent,legitimate
ds-job-061,15,211.53,83.17,0.0,heating,independent,legitimate
ds-job-061,16,211.54,142.89,0.0,heating,independent,legitimate
ds-job-061,17,224.09,115.1,0.0,heating,independent,legitimate
ds-job-061,18,202.02,79.45,0.0,heating,independent,legitimate
ds-job-061,19,204.46,99.66,0.0,heating,independent,legitimate
ds-job-061,20,233.74,172.43,0.0,heating,independent,legitimate
ds-job-061,21,198.52,95.73,0.0,heating,independent,legitimate
ds-job-061,22,205.36,114.23,0.0,heating,independent,legitimate
ds-job-061,23,249.64,136.48,0.0,heating,independent,legitimate
ds-job-061,24,190.99,144.01,0.0,heating,independent,legitimate
ds-job-061,25,211.91,94.96,0.0,heating,independent,legitimate
ds-job-061,26,221.02,139.57,0.0,heating,independent,legitimate
ds-job-061,27,192.56,133.73,0.0,heating,independent,legitimate
ds-job-061,28,360.19,209.24,13.37,printing,independent,legitimate
ds-job-061,29,339.43,206.34,10.43,printing,independent,legitimate
ds-job-061,30,326.83,207.0,10.97,printing,independent,legitimate
ds-job-061,31,337.39,208.26,12.97,printing,independent,legitimate
ds-job-061,32,332.85,208.59,12.01,printing,independent,legitimate
ds-job-061,33,349.57,203.7,10.71,printing,independent,legitimate
ds-job-061,34,355.39,207.4,13.27,printing,independent,legitimate
ds-job-061,35,374.76,212.01,11.89,printing,independent,legitimate
ds-job-061,36,342.56,211.63,8.72,printing,independent,legitimate
ds-job-061,37,354.92,209.56,12.09,printing,independent,legitimate
ds-job-061,38,351.8,208.84,8.21,printing,independent,legitimate
ds-job-061,39,315.03,208.54,10.58,printing,independent,legitimate
ds-job-061,40,338.61,209.4,12.22,printing,independent,legitimate
ds-job-061,41,365.39,204.66,11.98,printing,independent,legitimate
ds-job-061,42,358.99,205.27,12.35,printing,independent,legitimate
ds-job-061,43,336.15,210.67,10.78,printing,independent,legitimate
ds-job-061,44,365.5,211.45,12.78,printing,independent,legitimate
ds-job-061,45,325.91,203.83,10.6,printing,independent,legitimate
ds-job-061,46,372.15,207.89,12.74,printing,independent,legitimate
ds-job-061,47,356.98,211.67,13.06,printing,independent,legitimate
ds-job-061,48,361.21,213.69,10.71,printing,independent,legitimate
ds-job-061,49,343.09,206.99,11.66,printing,independent,legitimate
ds-job-061,50,356.86,214.32,10.59,printing,independent,legitimate
ds-job-061,51,358.8,204.95,9.9,printing,independent,legitimate
ds-job-061,52,390.64,208.91,11.38,printing,independent,legitimate
ds-job-061,53,353.98,213.57,12.48,printing,independent,legitimate
ds-job-061,54,343.2,208.25,13.29,printing,independent,legitimate
ds-job-061,55,322.53,207.87,9.3,printing,independent,legitimate
ds-job-061,56,364.14,208.59,11.96,printing,independent,legitimate
ds-job-061,57,318.36,210.88,10.14,printing,independent,legitimate
ds-job-061,58,351.47,208.03,10.79,printing,independent,legitimate
ds-job-061,59,363.82,211.55,11.64,printing,independent,legitimate
ds-job-061,60,318.81,210.74,11.27,printing,independent,legitimate
ds-job-061,61,349.8,207.65,8.9,printing,independent,legitimate
ds-job-061,62,379.4,209.8,11.26,printing,independent,legitimate
ds-job-061,63,356.11,212.07,12.96,printing,independent,legitimate
ds-job-061,64,330.19,213.4,10.72,printing,independent,legitimate
ds-job-061,65,336.2,209.8,12.1,printing,independent,legitimate
ds-job-061,66,369.62,212.05,12.44,printing,independent,legitimate
ds-job-061,67,338.61,209.08,10.46,printing,independent,legitimate
ds-job-061,68,329.09,210.13,11.3,printing,independent,legitimate
ds-job-061,69,370.14,208.37,10.66,printing,independent,legitimate
ds-job-061,70,370.2,206.01,10.95,printing,independent,legitimate
ds-job-061,71,358.79,205.35,11.14,printing,independent,legitimate
ds-job-061,72,354.36,210.76,13.35,printing,independent,legitimate
ds-job-061,73,330.59,208.91,11.46,printing,independent,legitimate
ds-job-061,74,348.38,211.19,9.89,printing,independent,legitimate
ds-job-061,75,361.71,210.41,12.82,printing,independent,legitimate
ds-job-061,76,319.86,211.55,12.23,printing,independent,legitimate
ds-job-061,77,332.05,208.07,9.9,printing,independent,legitimate
ds-job-061,78,352.07,210.47,13.32,printing,independent,legitimate
ds-job-061,79,340.95,209.53,11.37,printing,independent,legitimate
ds-job-061,80,362.42,208.74,12.67,printing,independent,legitimate
ds-job-061,81,335.54,206.9,10.31,printing,independent,legitimate
ds-job-061,82,363.19,211.67,11.95,printing,independent,legitimate
ds-job-061,83,329.65,208.78,11.61,printing,independent,legitimate
ds-job-061,84,380.28,211.08,14.39,printing,independent,legitimate
ds-job-061,85,321.82,207.9,9.23,printing,independent,legitimate
ds-job-061,86,355.61,211.87,10.53,printing,independent,legitimate
ds-job-061,87,374.13,211.23,11.2,printing,independent,legitimate
ds-job-061,88,339.7,210.77,9.95,printing,independent,legitimate
ds-job-061,89,345.51,207.16,12.24,printing,independent,legitimate
ds-job-061,90,377.13,203.96,12.7,printing,independent,legitimate
ds-job-061,91,362.37,209.86,11.23,printing,independent,legitimate
ds-job-061,92,337.11,205.11,9.9,printing,independent,legitimate
ds-job-061,93,327.3,215.06,8.55,printing,independent,legitimate
ds-job-061,94,340.78,206.82,11.41,printing,independent,legitimate
ds-job-061,95,359.14,209.37,13.38,printing,independent,legitimate
ds-job-061,96,341.42,209.48,9.15,printing,independent,legitimate
ds-job-061,97,337.71,203.84,11.53,printing,independent,legitimate
ds-job-061,98,316.03,206.06,11.26,printing,independent,legitimate
ds-job-061,99,356.42,206.69,12.21,printing,independent,legitimate
ds-job-061,100,370.93,209.86,11.28,printing,independent,legitimate
ds-job-061,101,351.7,210.61,12.01,printing,independent,legitimate
ds-job-061,102,314.63,209.82,12.68,printing,independent,legitimate
ds-job-061,103,349.99,208.07,9.69,printing,independent,legitimate
ds-job-061,104,349.28,205.26,10.34,printing,independent,legitimate
ds-job-061,105,354.3,210.73,10.73,printing,independent,legitimate
ds-job-061,106,360.64,207.38,10.48,printing,independent,legitimate
ds-job-061,107,378.81,205.04,11.39,printing,independent,legitimate
ds-job-061,108,387.42,206.08,10.28,printing,independent,legitimate
ds-job-061,109,345.87,211.86,11.4,printing,independent,legitimate
ds-job-061,110,342.76,210.34,9.79,printing,independent,legitimate
ds-job-061,111,334.6,210.88,12.49,printing,independent,legitimate
ds-job-061,112,363.11,204.06,9.96,printing,independent,legitimate
ds-job-061,113,354.4,208.58,12.19,printing,independent,legitimate
ds-job-061,114,343.47,207.45,13.44,printing,independent,legitimate
ds-job-061,115,355.84,211.38,10.61,printing,independent,legitimate
ds-job-061,116,383.61,208.55,12.63,printing,independent,legitimate
ds-job-061,117,330.56,208.26,10.46,printing,independent,legitimate
ds-job-061,118,336.64,208.71,10.43,printing,independent,legitimate
ds-job-061,119,343.26,212.0,12.52,printing,independent,legitimate
ds-job-061,120,356.45,208.67,11.89,printing,independent,legitimate
ds-job-061,121,372.29,208.21,11.89,printing,independent,legitimate
ds-job-061,122,398.5,208.91,11.13,printing,independent,legitimate
ds-job-061,123,331.87,209.06,10.07,printing,independent,legitimate
ds-job-061,124,365.96,211.41,10.64,printing,independent,legitimate
ds-job-061,125,334.17,204.22,12.15,printing,independent,legitimate
ds-job-061,126,332.14,206.92,11.65,printing,independent,legitimate
ds-job-061,127,366.42,209.43,12.74,printing,independent,legitimate
ds-job-061,128,371.7,206.51,11.79,printing,independent,legitimate
ds-job-061,129,344.88,214.59,11.76,printing,independent,legitimate
ds-job-061,130,334.69,204.54,11.87,printing,independent,legitimate
ds-job-061,131,45.96,124.22,0.0,cooling,independent,legitimate
ds-job-061,132,64.51,151.24,0.0,cooling,independent,legitimate
ds-job-061,133,84.48,104.57,0.0,cooling,independent,legitimate
ds-job-061,134,71.71,130.63,0.0,cooling,independent,legitimate
ds-job-061,135,62.56,181.28,0.0,cooling,independent,legitimate
ds-job-061,136,62.71,109.66,0.0,cooling,independent,legitimate
ds-job-061,137,67.82,109.46,0.0,cooling,independent,legitimate
ds-job-061,138,49.8,134.34,0.0,cooling,independent,legitimate
ds-job-061,139,80.29,147.5,0.0,cooling,independent,legitimate
ds-job-061,140,74.14,135.59,0.0,cooling,independent,legitimate
ds-job-061,141,70.86,125.09,0.0,cooling,independent,legitimate
ds-job-061,142,66.02,181.49,0.0,cooling,independent,legitimate
ds-job-061,143,56.2,91.79,0.0,cooling,independent,legitimate
ds-job-061,144,57.9,128.23,0.0,cooling,independent,legitimate
ds-job-062,0,50.4,25.54,0.0,idle,independent,legitimate
ds-job-062,1,48.96,25.53,0.0,idle,independent,legitimate
ds-job-062,2,52.53,27.16,0.0,idle,independent,legitimate
ds-job-062,3,40.0,25.02,0.0,idle,independent,legitimate
ds-job-062,4,50.46,25.75,0.0,idle,independent,legitimate
ds-job-062,5,177.88,128.38,0.0,heating,independent,legitimate
ds-job-062,6,190.46,165.52,0.0,heating,independent,legitimate
ds-job-062,7,200.01,177.26,0.0,heating,independent,legitimate
ds-job-062,8,174.85,111.08,0.0,heating,independent,legitimate
ds-job-062,9,199.34,176.6,0.0,heating,independent,legitimate
ds-job-062,10,226.49,110.88,0.0,heating,independent,legitimate
ds-job-062,11,219.51,147.92,0.0,heating,independent,legitimate
ds-job-062,12,188.8,143.51,0.0,heating,independent,legitimate
ds-job-062,13,208.08,132.75,0.0,heating,independent,legitimate
ds-job-062,14,200.65,100.21,0.0,heating,independent,legitimate
ds-job-062,15,224.51,145.17,0.0,heating,independent,legitimate
ds-job-062,16,236.38,99.93,0.0,heating,independent,legitimate
ds-job-062,17,196.02,156.5,0.0,heating,independent,legitimate
ds-job-062,18,186.34,102.74,0.0,heating,independent,legitimate
ds-job-062,19,210.58,61.23,0.0,heating,independent,legitimate
ds-job-062,20,208.67,136.82,0.0,heating,independent,legitimate
ds-job-062,21,340.73,206.36,9.89,printing,independent,legitimate
ds-job-062,22,360.14,208.63,11.21,printing,independent,legitimate
ds-job-062,23,328.21,209.64,12.68,printing,independent,legitimate
ds-job-062,24,334.16,214.8,12.55,printing,independent,legitimate
ds-job-062,25,325.66,207.23,12.47,printing,independent,legitimate
ds-job-062,26,352.14,211.1,11.78,printing,independent,legitimate
ds-job-062,27,356.56,211.42,11.66,printing,independent,legitimate
ds-job-062,28,326.21,205.55,11.19,printing,independent,legitimate
ds-job-062,29,355.02,203.81,11.78,printing,independent,legitimate
ds-job-062,30,366.13,211.12,9.37,printing,independent,legitimate
ds-job-062,31,355.91,213.99,9.53,printing,independent,legitimate
ds-job-062,32,385.52,211.68,10.42,printing,independent,legitimate
ds-job-062,33,348.05,210.19,13.17,printing,independent,legitimate
ds-job-062,34,348.12,205.38,13.17,printing,independent,legitimate
ds-job-062,35,356.48,213.82,12.07,printing,independent,legitimate
ds-job-062,36,356.39,205.68,13.1,printing,independent,legitimate
ds-job-062,37,336.12,207.59,10.18,printing,independent,legitimate
ds-job-062,38,347.63,211.21,11.15,printing,independent,legitimate
ds-job-062,39,360.14,205.89,11.33,printing,independent,legitimate
ds-job-062,40,324.06,205.36,12.1,printing,independent,legitimate
ds-job-062,41,365.91,212.0,10.51,printing,independent,legitimate
ds-job-062,42,356.07,207.53,11.77,printing,independent,legitimate
ds-job-062,43,365.24,210.61,12.67,printing,independent,legitimate
ds-job-062,44,360.23,206.95,11.71,printing,independent,legitimate
ds-job-062,45,354.41,205.01,13.77,printing,independent,legitimate
ds-job-062,46,374.3,205.15,10.72,printing,independent,legitimate
ds-job-062,47,365.47,210.82,12.89,printing,independent,legitimate
ds-job-062,48,334.46,207.13,11.16,printing,independent,legitimate
ds-job-062,49,361.59,204.07,9.86,printing,independent,legitimate
ds-job-062,50,346.51,208.37,13.09,printing,independent,legitimate
ds-job-062,51,373.81,206.46,10.09,printing,independent,legitimate
ds-job-062,52,357.27,208.03,13.2,printing,independent,legitimate
ds-job-062,53,315.58,206.52,11.2,printing,independent,legitimate
ds-job-062,54,317.7,204.28,9.1,printing,independent,legitimate
ds-job-062,55,362.45,207.7,13.39,printing,independent,legitimate
ds-job-062,56,352.21,209.44,12.32,printing,independent,legitimate
ds-job-062,57,329.96,205.26,12.48,printing,independent,legitimate
ds-job-062,58,349.61,206.76,10.35,printing,independent,legitimate
ds-job-062,59,334.98,205.27,11.11,printing,independent,legitimate
ds-job-062,60,343.3,211.24,11.54,printing,independent,legitimate
ds-job-062,61,351.3,214.66,10.48,printing,independent,legitimate
ds-job-062,62,351.57,210.65,12.19,printing,independent,legitimate
ds-job-062,63,357.85,210.68,12.98,printing,independent,legitimate
ds-job-062,64,355.06,209.08,10.84,printing,independent,legitimate
ds-job-062,65,355.62,208.71,11.3,printing,independent,legitimate
ds-job-062,66,318.83,212.33,9.28,printing,independent,legitimate
ds-job-062,67,335.23,210.5,12.46,printing,independent,legitimate
ds-job-062,68,342.36,203.76,11.3,printing,independent,legitimate
ds-job-062,69,352.4,209.9,13.66,printing,independent,legitimate
ds-job-062,70,378.94,209.76,10.48,printing,independent,legitimate
ds-job-062,71,339.01,206.81,10.79,printing,independent,legitimate
ds-job-062,72,334.61,205.76,11.48,printing,independent,legitimate
ds-job-062,73,370.19,215.16,11.57,printing,independent,legitimate
ds-job-062,74,331.99,206.77,10.68,printing,independent,legitimate
ds-job-062,75,348.65,210.05,12.46,printing,independent,legitimate
ds-job-062,76,356.43,209.65,10.98,printing,independent,legitimate
ds-job-062,77,365.2,206.81,10.31,printing,independent,legitimate
ds-job-062,78,341.04,208.28,11.55,printing,independent,legitimate
ds-job-062,79,366.57,208.09,11.08,printing,independent,legitimate
ds-job-062,80,337.13,208.77,11.39,printing,independent,legitimate
ds-job-062,81,352.95,209.31,12.45,printing,independent,legitimate
ds-job-062,82,346.03,211.65,11.78,printing,independent,legitimate
ds-job-062,83,341.72,211.85,10.95,printing,independent,legitimate
ds-job-062,84,363.41,214.82,9.97,printing,independent,legitimate
ds-job-062,85,328.41,207.6,11.99,printing,independent,legitimate
ds-job-062,86,368.24,203.02,11.18,printing,independent,legitimate
ds-job-062,87,325.95,210.11,9.68,printing,independent,legitimate
ds-job-062,88,361.53,207.65,11.82,printing,independent,legitimate
ds-job-062,89,340.25,211.37,10.39,printing,independent,legitimate
ds-job-062,90,366.55,214.35,11.51,printing,independent,legitimate
ds-job-062,91,329.97,206.53,12.25,printing,independent,legitimate
ds-job-062,92,330.47,211.16,10.53,printing,independent,legitimate
ds-job-062,93,340.18,208.26,9.85,printing,independent,legitimate
ds-job-062,94,369.1,202.88,13.04,printing,independent,legitimate
ds-job-062,95,374.02,213.01,11.41,printing,independent,legitimate
ds-job-062,96,352.51,205.21,11.48,printing,independent,legitimate
ds-job-062,97,359.55,203.13,9.24,printing,independent,legitimate
ds-job-062,98,63.64,111.9,0.0,cooling,independent,legitimate
ds-job-062,99,77.37,72.21,0.0,cooling,independent,legitimate
ds-job-062,100,72.6,125.26,0.0,cooling,independent,legitimate
ds-job-062,101,72.92,131.67,0.0,cooling,independent,legitimate
ds-job-062,102,77.25,109.55,0.0,cooling,independent,legitimate
ds-job-062,103,58.46,95.88,0.0,cooling,independent,legitimate
ds-job-062,104,73.26,162.09,0.0,cooling,independent,legitimate
ds-job-062,105,67.41,117.41,0.0,cooling,independent,legitimate
ds-job-062,106,57.31,142.68,0.0,cooling,independent,legitimate
ds-job-062,107,69.36,68.12,0.0,cooling,independent,legitimate
ds-job-063,0,57.06,26.37,0.0,idle,independent,sabotaged
ds-job-063,1,45.4,28.3,0.0,idle,independent,sabotaged
ds-job-063,2,56.39,24.22,0.0,idle,independent,sabotaged
ds-job-063,3,46.96,25.59,0.0,idle,independent,sabotaged
ds-job-063,4,51.94,24.3,0.0,idle,independent,sabotaged
ds-job-063,5,43.3,26.56,0.0,idle,independent,sabotaged
ds-job-063,6,200.66,78.04,0.0,heating,independent,sabotaged
ds-job-063,7,209.84,151.7,0.0,heating,independent,sabotaged
ds-job-063,8,169.88,134.52,0.0,heating,independent,sabotaged
ds-job-063,9,154.09,103.89,0.0,heating,independent,sabotaged
ds-job-063,10,215.07,128.66,0.0,heating,independent,sabotaged
ds-job-063,11,205.68,126.64,0.0,heating,independent,sabotaged
ds-job-063,12,230.97,180.87,0.0,heating,independent,sabotaged
ds-job-063,13,235.59,131.36,0.0,heating,independent,sabotaged
ds-job-063,14,195.09,176.4,0.0,heating,independent,sabotaged
ds-job-063,15,226.19,139.64,0.0,heating,independent,sabotaged
ds-job-063,16,224.69,142.8,0.0,heating,independent,sabotaged
ds-job-063,17,207.2,130.97,0.0,heating,independent,sabotaged
ds-job-063,18,242.18,95.92,0.0,heating,independent,sabotaged
ds-job-063,19,185.48,150.39,0.0,heating,independent,sabotaged
ds-job-063,20,210.07,152.28,0.0,heating,independent,sabotaged
ds-job-063,21,219.26,92.89,0.0,heating,independent,sabotaged
ds-job-063,22,195.82,138.51,0.0,heating,independent,sabotaged
ds-job-063,23,202.08,104.27,0.0,heating,independent,sabotaged
ds-job-063,24,199.67,105.18,0.0,heating,independent,sabotaged
ds-job-063,25,391.85,214.0,13.73,printing,independent,sabotaged
ds-job-063,26,368.06,212.72,11.76,printing,independent,sabotaged
ds-job-063,27,358.04,213.32,10.35,printing,independent,sabotaged
ds-job-063,28,340.88,212.74,11.18,printing,independent,sabotaged
ds-job-063,29,357.19,213.06,13.49,printing,independent,sabotaged
ds-job-063,30,344.49,207.82,10.66,printing,independent,sabotaged
ds-job-063,31,366.64,208.16,10.93,printing,independent,sabotaged
ds-job-063,32,340.99,211.54,10.07,printing,independent,sabotaged
ds-job-063,33,339.69,212.68,11.14,printing,independent,sabotaged
ds-job-063,34,359.87,208.91,11.92,printing,independent,sabotaged
ds-job-063,35,326.61,210.54,13.91,printing,independent,sabotaged
ds-job-063,36,332.14,206.45,9.95,printing,independent,sabotaged
ds-job-063,37,352.7,203.07,11.53,printing,independent,sabotaged
ds-job-063,38,338.67,211.93,10.63,printing,independent,sabotaged
ds-job-063,39,359.91,211.59,11.02,printing,independent,sabotaged
ds-job-063,40,384.94,209.71,9.39,printing,independent,sabotaged
ds-job-063,41,347.94,208.69,11.73,printing,independent,sabotaged
ds-job-063,42,362.12,207.51,10.86,printing,independent,sabotaged
ds-job-063,43,360.03,211.79,12.25,printing,independent,sabotaged
ds-job-063,44,335.08,213.06,12.23,printing,independent,sabotaged
ds-job-063,45,374.77,208.77,11.65,printing,independent,sabotaged
ds-job-063,46,344.66,208.39,12.94,printing,independent,sabotaged
ds-job-063,47,349.63,209.84,12.33,printing,independent,sabotaged
ds-job-063,48,328.35,206.66,12.78,printing,independent,sabotaged
ds-job-063,49,385.4,211.31,10.97,printing,independent,sabotaged
ds-job-063,50,372.11,212.19,10.97,printing,independent,sabotaged
ds-job-063,51,360.64,207.46,10.44,printing,independent,sabotaged
ds-job-063,52,347.12,203.05,10.92,printing,independent,sabotaged
ds-job-063,53,386.01,210.26,12.64,printing,independent,sabotaged
ds-job-063,54,348.14,208.7,9.16,printing,independent,sabotaged
ds-job-063,55,364.83,210.08,10.75,printing,independent,sabotaged
ds-job-063,56,349.72,208.37,10.34,printing,independent,sabotaged
ds-job-063,57,341.4,211.66,9.97,printing,independent,sabotaged
ds-job-063,58,335.19,209.97,11.93,printing,independent,sabotaged
ds-job-063,59,364.12,205.87,11.39,printing,independent,sabotaged
ds-job-063,60,347.95,210.68,10.0,printing,independent,sabotaged
ds-job-063,61,372.58,207.01,13.37,printing,independent,sabotaged
ds-job-063,62,338.99,208.11,11.34,printing,independent,sabotaged
ds-job-063,63,356.58,210.25,12.69,printing,independent,sabotaged
ds-job-063,64,368.0,209.65,10.22,printing,independent,sabotaged
ds-job-063,65,372.91,208.49,11.21,printing,independent,sabotaged
ds-job-063,66,336.44,203.91,11.99,printing,independent,sabotaged
ds-job-063,67,387.86,207.69,11.25,printing,independent,sabotaged
ds-job-063,68,341.27,205.03,10.26,printing,independent,sabotaged
ds-job-063,69,352.5,205.86,14.88,printing,independent,sabotaged
ds-job-063,70,375.11,212.5,12.54,printing,independent,sabotaged
ds-job-063,71,351.48,210.87,10.03,printing,independent,sabotaged
ds-job-063,72,290.0,208.9,0.0,printing,independent,sabotaged
ds-job-063,73,290.0,212.98,0.0,printing,independent,sabotaged
ds-job-063,74,333.74,203.9,11.54,printing,independent,sabotaged
ds-job-063,75,353.98,207.35,11.77,printing,independent,sabotaged
ds-job-063,76,342.91,208.51,9.87,printing,independent,sabotaged
ds-job-063,77,341.23,206.43,11.21,printing,independent,sabotaged
ds-job-063,78,370.98,204.79,10.85,printing,independent,sabotaged
ds-job-063,79,368.11,207.69,13.01,printing,independent,sabotaged
ds-job-063,80,369.47,208.64,12.4,printing,independent,sabotaged
ds-job-063,81,370.05,206.75,10.73,printing,independent,sabotaged
ds-job-063,82,337.98,212.58,14.18,printing,independent,sabotaged
ds-job-063,83,355.12,211.63,10.37,printing,independent,sabotaged
ds-job-063,84,352.67,208.89,11.0,printing,independent,sabotaged
ds-job-063,85,367.49,211.53,10.23,printing,independent,sabotaged
ds-job-063,86,348.26,209.95,12.2,printing,independent,sabotaged
ds-job-063,87,354.21,210.36,11.29,printing,independent,sabotaged
ds-job-063,88,357.45,203.47,10.97,printing,independent,sabotaged
ds-job-063,89,331.06,213.22,9.29,printing,independent,sabotaged
ds-job-063,90,355.17,202.57,11.33,printing,independent,sabotaged
ds-job-063,91,351.03,210.41,11.77,printing,independent,sabotaged
ds-job-063,92,336.47,209.46,11.57,printing,independent,sabotaged
ds-job-063,93,351.09,207.58,12.04,printing,independent,sabotaged
ds-job-063,94,361.69,209.38,9.51,printing,independent,sabotaged
ds-job-063,95,350.33,210.07,9.59,printing,independent,sabotaged
ds-job-063,96,365.01,209.59,10.93,printing,independent,sabotaged
ds-job-063,97,315.53,205.42,11.58,printing,independent,sabotaged
ds-job-063,98,372.61,206.08,13.31,printing,independent,sabotaged
ds-job-063,99,381.78,205.52,11.84,printing,independent,sabotaged
ds-job-063,100,351.36,204.98,10.3,printing,independent,sabotaged
ds-job-063,101,328.52,206.35,11.42,printing,independent,sabotaged
ds-job-063,102,315.73,206.77,12.33,printing,independent,sabotaged
ds-job-063,103,316.26,211.46,12.08,printing,independent,sabotaged
ds-job-063,104,370.36,210.02,11.65,printing,independent,sabotaged
ds-job-063,105,346.33,206.14,11.6,printing,independent,sabotaged
ds-job-063,106,348.89,213.97,13.08,printing,independent,sabotaged
ds-job-063,107,333.88,208.7,13.29,printing,independent,sabotaged
ds-job-063,108,369.5,207.33,14.64,printing,independent,sabotaged
ds-job-063,109,361.98,208.61,12.05,printing,independent,sabotaged
ds-job-063,110,353.03,210.88,11.16,printing,independent,sabotaged
ds-job-063,111,338.66,208.8,11.8,printing,independent,sabotaged
ds-job-063,112,366.7,205.1,10.29,printing,independent,sabotaged
ds-job-063,113,321.54,214.48,9.74,printing,independent,sabotaged
ds-job-063,114,377.27,211.66,9.32,printing,independent,sabotaged
ds-job-063,115,341.44,208.22,11.75,printing,independent,sabotaged
ds-job-063,116,309.31,206.97,15.0,printing,independent,sabotaged
ds-job-063,117,357.41,216.48,10.97,printing,independent,sabotaged
ds-job-063,118,396.0,208.13,11.05,printing,independent,sabotaged
ds-job-063,119,73.37,120.46,0.0,cooling,independent,sabotaged
ds-job-063,120,66.82,136.53,0.0,cooling,independent,sabotaged
ds-job-063,121,71.79,124.12,0.0,cooling,independent,sabotaged
ds-job-063,122,74.89,84.02,0.0,cooling,independent,sabotaged
ds-job-063,123,66.99,87.68,0.0,cooling,independent,sabotaged
ds-job-063,124,60.93,97.58,0.0,cooling,independent,sabotaged
ds-job-063,125,61.49,173.82,0.0,cooling,independent,sabotaged
ds-job-063,126,60.9,139.98,0.0,cooling,independent,sabotaged
ds-job-063,127,73.35,143.82,0.0,cooling,independent,sabotaged
ds-job-063,128,71.71,80.16,0.0,cooling,independent,sabotaged
ds-job-063,129,63.41,99.97,0.0,cooling,independent,sabotaged
ds-job-063,130,65.86,116.06,0.0,cooling,independent,sabotaged
ds-job-063,131,63.55,127.73,0.0,cooling,independent,sabotaged
ds-job-064,0,54.78,23.07,0.0,idle,independent,lazy-fake
ds-job-064,1,55.25,23.31,0.0,idle,independent,lazy-fake
ds-job-064,2,50.64,23.69,0.0,idle,independent,lazy-fake
ds-job-064,3,52.8,25.36,0.0,idle,independent,lazy-fake
ds-job-064,4,53.73,23.72,0.0,idle,independent,lazy-fake
ds-job-064,5,47.98,27.83,0.0,idle,independent,lazy-fake
ds-job-064,6,46.05,27.46,0.0,idle,independent,lazy-fake
ds-job-064,7,56.82,27.42,0.0,idle,independent,lazy-fake
ds-job-064,8,43.3,26.35,0.0,heating,independent,lazy-fake
ds-job-064,9,43.82,24.1,0.0,heating,independent,lazy-fake
ds-job-064,10,50.94,25.96,0.0,heating,independent,lazy-fake
ds-job-064,11,59.86,26.65,0.0,heating,independent,lazy-fake
ds-job-064,12,46.55,25.11,0.0,heating,independent,lazy-fake
ds-job-064,13,47.31,25.55,0.0,heating,independent,lazy-fake
ds-job-064,14,47.29,24.05,0.0,heating,independent,lazy-fake
ds-job-064,15,44.08,20.89,0.0,heating,independent,lazy-fake
ds-job-064,16,52.09,24.48,0.0,heating,independent,lazy-fake
ds-job-064,17,54.86,26.05,0.0,heating,independent,lazy-fake
ds-job-064,18,52.9,23.79,0.0,heating,independent,lazy-fake
ds-job-064,19,51.83,24.66,0.0,heating,independent,lazy-fake
ds-job-064,20,46.38,26.96,0.0,heating,independent,lazy-fake
ds-job-064,21,47.91,21.91,0.0,heating,independent,lazy-fake
ds-job-064,22,52.21,23.78,0.0,heating,independent,lazy-fake
ds-job-064,23,51.67,27.06,0.0,heating,independent,lazy-fake
ds-job-064,24,45.22,25.39,0.0,heating,independent,lazy-fake
ds-job-064,25,50.39,24.73,0.0,heating,independent,lazy-fake
ds-job-064,26,47.81,24.71,0.0,heating,independent,lazy-fake
ds-job-064,27,50.0,21.36,0.0,heating,independent,lazy-fake
ds-job-064,28,45.06,24.76,0.0,heating,independent,lazy-fake
ds-job-064,29,47.3,25.12,0.0,heating,independent,lazy-fake
ds-job-064,30,52.11,24.56,0.0,heating,independent,lazy-fake
ds-job-064,31,46.59,26.75,0.0,heating,independent,lazy-fake
ds-job-064,32,42.61,30.0,0.0,heating,independent,lazy-fake
ds-job-064,33,56.66,25.42,0.0,printing,independent,lazy-fake
ds-job-064,34,48.09,23.77,0.0,printing,independent,lazy-fake
ds-job-064,35,40.0,25.15,0.0,printing,independent,lazy-fake
ds-job-064,36,52.69,27.66,0.0,printing,independent,lazy-fake
ds-job-064,37,49.83,26.87,0.0,printing,independent,lazy-fake
ds-job-064,38,51.73,22.72,0.0,printing,independent,lazy-fake
ds-job-064,39,43.55,26.07,0.0,printing,independent,lazy-fake
ds-job-064,40,54.54,24.46,0.0,printing,independent,lazy-fake
ds-job-064,41,53.61,26.18,0.0,printing,independent,lazy-fake
ds-job-064,42,50.89,23.6,0.0,printing,independent,lazy-fake
ds-job-064,43,52.43,23.05,0.0,printing,independent,lazy-fake
ds-job-064,44,47.98,24.3,0.0,printing,independent,lazy-fake
ds-job-064,45,46.67,24.24,0.0,printing,independent,lazy-fake
ds-job-064,46,48.65,24.73,0.0,printing,independent,lazy-fake
ds-job-064,47,50.16,27.21,0.0,printing,independent,lazy-fake
ds-job-064,48,54.29,23.05,0.0,printing,independent,lazy-fake
ds-job-064,49,48.83,24.29,0.0,printing,independent,lazy-fake
ds-job-064,50,47.48,25.05,0.0,printing,independent,lazy-fake
ds-job-064,51,53.82,21.29,0.0,printing,independent,lazy-fake
ds-job-064,52,47.61,24.02,0.0,printing,independent,lazy-fake
ds-job-064,53,53.94,23.21,0.0,printing,independent,lazy-fake
ds-job-064,54,52.92,22.01,0.0,printing,independent,lazy-fake
ds-job-064,55,48.57,28.84,0.0,printing,independent,lazy-fake
ds-job-064,56,52.68,25.88,0.0,printing,independent,lazy-fake
ds-job-064,57,52.04,24.61,0.0,printing,independent,lazy-fake
ds-job-064,58,48.69,20.82,0.0,printing,independent,lazy-fake
ds-job-064,59,52.31,21.76,0.0,printing,independent,lazy-fake
ds-job-064,60,58.89,25.63,0.0,printing,independent,lazy-fake
ds-job-064,61,46.83,25.85,0.0,printing,independent,lazy-fake
ds-job-064,62,51.71,27.06,0.0,printing,independent,lazy-fake
ds-job-064,63,52.35,25.45,0.0,printing,independent,lazy-fake
ds-job-064,64,48.37,25.15,0.0,printing,independent,lazy-fake
ds-job-064,65,50.31,24.22,0.0,printing,independent,lazy-fake
ds-job-064,66,51.66,25.59,0.0,printing,independent,lazy-fake
ds-job-064,67,51.54,25.89,0.0,printing,independent,lazy-fake
ds-job-064,68,52.69,26.24,0.0,printing,independent,lazy-fake
ds-job-064,69,50.66,24.74,0.0,printing,independent,lazy-fake
ds-job-064,70,55.2,24.57,0.0,printing,independent,lazy-fake
ds-job-064,71,53.76,23.89,0.0,printing,independent,lazy-fake
ds-job-064,72,51.8,25.16,0.0,printing,independent,lazy-fake
ds-job-064,73,52.05,25.33,0.0,printing,independent,lazy-fake
ds-job-064,74,46.62,25.18,0.0,printing,independent,lazy-fake
ds-job-064,75,44.73,26.19,0.0,printing,independent,lazy-fake
ds-job-064,76,47.96,22.86,0.0,printing,independent,lazy-fake
ds-job-064,77,52.83,24.8,0.0,printing,independent,lazy-fake
ds-job-064,78,45.6,24.78,0.0,printing,independent,lazy-fake
ds-job-064,79,47.33,27.38,0.0,printing,independent,lazy-fake
ds-job-064,80,43.37,25.07,0.0,printing,independent,lazy-fake
ds-job-064,81,48.75,25.36,0.0,printing,independent,lazy-fake
ds-job-064,82,54.4,25.97,0.0,printing,independent,lazy-fake
ds-job-064,83,48.07,24.47,0.0,printing,independent,lazy-fake
ds-job-064,84,43.8,24.1,0.0,printing,independent,lazy-fake
ds-job-064,85,49.35,24.69,0.0,printing,independent,lazy-fake
ds-job-064,86,52.77,23.22,0.0,printing,independent,lazy-fake
ds-job-064,87,56.71,26.53,0.0,printing,independent,lazy-fake
ds-job-064,88,45.4,26.63,0.0,printing,independent,lazy-fake
ds-job-064,89,52.68,26.26,0.0,printing,independent,lazy-fake
ds-job-064,90,48.18,25.82,0.0,printing,independent,lazy-fake
ds-job-064,91,52.15,24.91,0.0,printing,independent,lazy-fake
ds-job-064,92,49.02,23.79,0.0,printing,independent,lazy-fake
ds-job-064,93,52.46,24.12,0.0,printing,independent,lazy-fake
ds-job-064,94,52.1,26.38,0.0,printing,independent,lazy-fake
ds-job-064,95,44.49,27.27,0.0,printing,independent,lazy-fake
ds-job-064,96,45.74,27.69,0.0,printing,independent,lazy-fake
ds-job-064,97,49.47,25.79,0.0,printing,independent,lazy-fake
ds-job-064,98,53.56,26.19,0.0,printing,independent,lazy-fake
ds-job-064,99,51.76,24.3,0.0,printing,independent,lazy-fake
ds-job-064,100,51.35,23.92,0.0,printing,independent,lazy-fake
ds-job-064,101,47.49,25.73,0.0,printing,independent,lazy-fake
ds-job-064,102,50.44,24.22,0.0,printing,independent,lazy-fake
ds-job-064,103,54.15,20.49,0.0,printing,independent,lazy-fake
ds-job-064,104,44.67,26.45,0.0,printing,independent,lazy-fake
ds-job-064,105,46.97,23.23,0.0,printing,independent,lazy-fake
ds-job-064,106,46.17,25.83,0.0,printing,independent,lazy-fake
ds-job-064,107,50.67,26.81,0.0,printing,independent,lazy-fake
ds-job-064,108,54.65,28.13,0.0,printing,independent,lazy-fake
ds-job-064,109,46.34,26.45,0.0,printing,independent,lazy-fake
ds-job-064,110,46.91,24.49,0.0,printing,independent,lazy-fake
ds-job-064,111,49.75,25.79,0.0,printing,independent,lazy-fake
ds-job-064,112,52.07,22.42,0.0,printing,independent,lazy-fake
ds-job-064,113,50.2,29.05,0.0,printing,independent,lazy-fake
ds-job-064,114,45.28,25.0,0.0,printing,independent,lazy-fake
ds-job-064,115,49.93,26.47,0.0,printing,independent,lazy-fake
ds-job-064,116,47.9,25.48,0.0,printing,independent,lazy-fake
ds-job-064,117,51.46,21.71,0.0,printing,independent,lazy-fake
ds-job-064,118,42.62,25.72,0.0,printing,independent,lazy-fake
ds-job-064,119,51.12,25.36,0.0,printing,independent,lazy-fake
ds-job-064,120,51.84,26.14,0.0,printing,independent,lazy-fake
ds-job-064,121,54.45,25.9,0.0,printing,independent,lazy-fake
ds-job-064,122,52.69,25.85,0.0,printing,independent,lazy-fake
ds-job-064,123,49.42,25.45,0.0,printing,independent,lazy-fake
ds-job-064,124,47.25,24.24,0.0,printing,independent,lazy-fake
ds-job-064,125,48.26,24.2,0.0,printing,independent,lazy-fake
ds-job-064,126,49.57,25.13,0.0,printing,independent,lazy-fake
ds-job-064,127,54.06,25.76,0.0,printing,independent,lazy-fake
ds-job-064,128,46.83,24.21,0.0,printing,independent,lazy-fake
ds-job-064,129,54.33,25.54,0.0,printing,independent,lazy-fake
ds-job-064,130,54.21,26.63,0.0,printing,independent,lazy-fake
ds-job-064,131,51.18,26.39,0.0,printing,independent,lazy-fake
ds-job-064,132,45.79,23.58,0.0,printing,independent,lazy-fake
ds-job-064,133,51.71,23.61,0.0,printing,independent,lazy-fake
ds-job-064,134,46.98,28.92,0.0,printing,independent,lazy-fake
ds-job-064,135,45.81,26.26,0.0,printing,independent,lazy-fake
ds-job-064,136,46.92,25.11,0.0,printing,independent,lazy-fake
ds-job-064,137,49.13,22.91,0.0,printing,independent,lazy-fake
ds-job-064,138,48.36,25.9,0.0,printing,independent,lazy-fake
ds-job-064,139,44.81,23.98,0.0,printing,independent,lazy-fake
ds-job-064,140,48.67,25.82,0.0,printing,independent,lazy-fake
ds-job-064,141,52.76,24.92,0.0,printing,independent,lazy-fake
ds-job-064,142,48.21,23.51,0.0,printing,independent,lazy-fake
ds-job-064,143,48.91,24.72,0.0,printing,independent,lazy-fake
ds-job-064,144,55.5,23.68,0.0,printing,independent,lazy-fake
ds-job-064,145,44.77,26.67,0.0,printing,independent,lazy-fake
ds-job-064,146,50.65,26.93,0.0,printing,independent,lazy-fake
ds-job-064,147,53.96,25.0,0.0,printing,independent,lazy-fake
ds-job-064,148,49.41,23.94,0.0,printing,independent,lazy-fake
ds-job-064,149,49.96,25.38,0.0,printing,independent,lazy-fake
ds-job-064,150,47.76,24.18,0.0,printing,independent,lazy-fake
ds-job-064,151,47.45,26.13,0.0,printing,independent,lazy-fake
ds-job-064,152,49.14,26.44,0.0,printing,independent,lazy-fake
ds-job-064,153,50.39,22.12,0.0,printing,independent,lazy-fake
ds-job-064,154,40.0,25.26,0.0,printing,independent,lazy-fake
ds-job-064,155,51.39,25.09,0.0,cooling,independent,lazy-fake
ds-job-064,156,51.53,25.68,0.0,cooling,independent,lazy-fake
ds-job-064,157,47.69,25.3,0.0,cooling,independent,lazy-fake
ds-job-064,158,54.01,28.39,0.0,cooling,independent,lazy-fake
ds-job-064,159,49.75,27.4,0.0,cooling,independent,lazy-fake
ds-job-064,160,55.9,25.11,0.0,cooling,independent,lazy-fake
ds-job-064,161,45.7,23.33,0.0,cooling,independent,lazy-fake
ds-job-064,162,53.7,25.46,0.0,cooling,independent,lazy-fake
ds-job-064,163,47.48,24.75,0.0,cooling,independent,lazy-fake
ds-job-064,164,52.5,26.2,0.0,cooling,independent,lazy-fake
ds-job-064,165,53.36,27.19,0.0,cooling,independent,lazy-fake
ds-job-064,166,47.53,24.54,0.0,cooling,independent,lazy-fake
ds-job-064,167,47.08,23.67,0.0,cooling,independent,lazy-fake
ds-job-064,168,45.56,24.57,0.0,cooling,independent,lazy-fake
ds-job-064,169,43.52,22.64,0.0,cooling,independent,lazy-fake
ds-job-064,170,49.53,22.68,0.0,cooling,independent,lazy-fake
ds-job-064,171,48.88,22.24,0.0,cooling,independent,lazy-fake
ds-job-065,0,54.08,21.39,0.0,idle,independent,legitimate
ds-job-065,1,45.96,25.69,0.0,idle,independent,legitimate
ds-job-065,2,47.19,24.52,0.0,idle,independent,legitimate
ds-job-065,3,46.67,24.42,0.0,idle,independent,legitimate
ds-job-065,4,52.45,22.02,0.0,idle,independent,legitimate
ds-job-065,5,46.93,25.28,0.0,idle,independent,legitimate
ds-job-065,6,54.39,24.29,0.0,idle,independent,legitimate
ds-job-065,7,223.86,124.07,0.0,heating,independent,legitimate
ds-job-065,8,236.11,97.11,0.0,heating,independent,legitimate
ds-job-065,9,212.73,81.65,0.0,heating,independent,legitimate
ds-job-065,10,196.25,139.14,0.0,heating,independent,legitimate
ds-job-065,11,181.53,139.6,0.0,heating,independent,legitimate
ds-job-065,12,208.62,119.31,0.0,heating,independent,legitimate
ds-job-065,13,223.86,130.82,0.0,heating,independent,legitimate
ds-job-065,14,191.68,93.46,0.0,heating,independent,legitimate
ds-job-065,15,207.12,117.82,0.0,heating,independent,legitimate
ds-job-065,16,187.97,119.47,0.0,heating,independent,legitimate
ds-job-065,17,191.78,90.64,0.0,heating,independent,legitimate
ds-job-065,18,189.3,40.29,0.0,heating,independent,legitimate
ds-job-065,19,226.39,114.52,0.0,heating,independent,legitimate
ds-job-065,20,229.81,157.52,0.0,heating,independent,legitimate
ds-job-065,21,251.27,139.34,0.0,heating,independent,legitimate
ds-job-065,22,206.78,147.15,0.0,heating,independent,legitimate
ds-job-065,23,228.76,148.65,0.0,heating,independent,legitimate
ds-job-065,24,257.6,202.97,0.0,heating,independent,legitimate
ds-job-065,25,198.53,113.66,0.0,heating,independent,legitimate
ds-job-065,26,215.47,94.93,0.0,heating,independent,legitimate
ds-job-065,27,205.22,91.24,0.0,heating,independent,legitimate
ds-job-065,28,336.9,205.25,10.88,printing,independent,legitimate
ds-job-065,29,374.18,207.85,11.33,printing,independent,legitimate
ds-job-065,30,333.74,212.26,11.34,printing,independent,legitimate
ds-job-065,31,368.97,207.07,11.7,printing,independent,legitimate
ds-job-065,32,370.4,208.65,11.93,printing,independent,legitimate
ds-job-065,33,350.52,215.32,10.77,printing,independent,legitimate
ds-job-065,34,376.75,207.94,13.25,printing,independent,legitimate
ds-job-065,35,346.45,212.52,10.85,printing,independent,legitimate
ds-job-065,36,356.92,210.65,10.92,printing,independent,legitimate
ds-job-065,37,342.91,209.43,11.08,printing,independent,legitimate
ds-job-065,38,329.14,209.92,13.87,printing,independent,legitimate
ds-job-065,39,356.88,205.11,10.47,printing,independent,legitimate
ds-job-065,40,349.48,212.1,10.1,printing,independent,legitimate
ds-job-065,41,335.68,208.49,11.51,printing,independent,legitimate
ds-job-065,42,330.86,211.04,10.29,printing,independent,legitimate
ds-job-065,43,333.23,204.89,11.63,printing,independent,legitimate
ds-job-065,44,371.66,210.19,10.6,printing,independent,legitimate
ds-job-065,45,343.18,208.52,11.27,printing,independent,legitimate
ds-job-065,46,340.26,208.43,10.85,printing,independent,legitimate
ds-job-065,47,349.59,211.89,12.45,printing,independent,legitimate
ds-job-065,48,358.34,210.24,13.64,printing,independent,legitimate
ds-job-065,49,344.96,205.72,10.65,printing,independent,legitimate
ds-job-065,50,362.49,208.75,13.0,printing,independent,legitimate
ds-job-065,51,319.78,202.03,13.16,printing,independent,legitimate
ds-job-065,52,361.44,210.16,10.27,printing,independent,legitimate
ds-job-065,53,323.06,206.82,11.27,printing,independent,legitimate
ds-job-065,54,325.51,207.87,10.57,printing,independent,legitimate
ds-job-065,55,341.31,211.65,11.53,printing,independent,legitimate
ds-job-065,56,334.99,210.71,10.47,printing,independent,legitimate
ds-job-065,57,345.57,207.79,11.09,printing,independent,legitimate
ds-job-065,58,353.83,206.74,13.69,printing,independent,legitimate
ds-job-065,59,309.52,211.87,14.35,printing,independent,legitimate
ds-job-065,60,341.83,212.6,9.83,printing,independent,legitimate
ds-job-065,61,360.72,214.74,11.37,printing,independent,legitimate
ds-job-065,62,359.17,209.03,12.77,printing,independent,legitimate
ds-job-065,63,364.08,208.88,10.23,printing,independent,legitimate
ds-job-065,64,344.08,207.58,13.55,printing,independent,legitimate
ds-job-065,65,358.89,210.82,12.66,printing,independent,legitimate
ds-job-065,66,335.98,211.87,11.47,printing,independent,legitimate
ds-job-065,67,354.58,208.04,12.09,printing,independent,legitimate
ds-job-065,68,346.53,213.1,12.84,printing,independent,legitimate
ds-job-065,69,376.38,207.59,11.62,printing,independent,legitimate
ds-job-065,70,334.39,215.95,8.86,printing,independent,legitimate
ds-job-065,71,358.32,211.76,13.08,printing,independent,legitimate
ds-job-065,72,352.61,207.84,9.3,printing,independent,legitimate
ds-job-065,73,327.8,209.01,11.68,printing,independent,legitimate
ds-job-065,74,391.85,213.79,12.61,printing,independent,legitimate
ds-job-065,75,354.44,206.04,12.03,printing,independent,legitimate
ds-job-065,76,361.79,202.2,11.3,printing,independent,legitimate
ds-job-065,77,363.86,207.92,10.9,printing,independent,legitimate
ds-job-065,78,365.02,218.0,8.99,printing,independent,legitimate
ds-job-065,79,344.57,207.93,10.46,printing,independent,legitimate
ds-job-065,80,330.43,210.07,11.62,printing,independent,legitimate
ds-job-065,81,349.42,210.09,9.58,printing,independent,legitimate
ds-job-065,82,382.78,209.49,13.56,printing,independent,legitimate
ds-job-065,83,353.5,210.39,12.34,printing,independent,legitimate
ds-job-065,84,378.38,211.1,12.29,printing,independent,legitimate
ds-job-065,85,332.36,211.23,10.22,printing,independent,legitimate
ds-job-065,86,357.15,209.79,12.08,printing,independent,legitimate
ds-job-065,87,363.62,207.82,11.61,printing,independent,legitimate
ds-job-065,88,374.79,208.64,12.48,printing,independent,legitimate
ds-job-065,89,371.57,207.71,13.0,printing,independent,legitimate
ds-job-065,90,357.49,209.4,14.27,printing,independent,legitimate
ds-job-065,91,342.87,205.73,11.22,printing,independent,legitimate
ds-job-065,92,331.43,210.64,12.23,printing,independent,legitimate
ds-job-065,93,357.47,209.36,11.19,printing,independent,legitimate
ds-job-065,94,361.83,206.95,12.21,printing,independent,legitimate
ds-job-065,95,354.51,206.6,9.99,printing,independent,legitimate
ds-job-065,96,326.23,209.86,10.49,printing,independent,legitimate
ds-job-065,97,364.52,204.59,9.95,printing,independent,legitimate
ds-job-065,98,372.05,207.74,10.98,printing,independent,legitimate
ds-job-065,99,336.79,214.56,11.23,printing,independent,legitimate
ds-job-065,100,344.45,204.98,11.38,printing,independent,legitimate
ds-job-065,101,356.88,212.34,12.41,printing,independent,legitimate
ds-job-065,102,315.11,206.45,10.35,printing,independent,legitimate
ds-job-065,103,345.47,205.88,13.23,printing,independent,legitimate
ds-job-065,104,360.37,206.34,10.29,printing,independent,legitimate
ds-job-065,105,329.68,206.15,13.97,printing,independent,legitimate
ds-job-065,106,348.99,207.66,11.56,printing,independent,legitimate
ds-job-065,107,348.06,207.43,12.49,printing,independent,legitimate
ds-job-065,108,339.05,206.15,13.39,printing,independent,legitimate
ds-job-065,109,329.85,207.51,11.94,printing,independent,legitimate
ds-job-065,110,363.21,211.29,12.24,printing,independent,legitimate
ds-job-065,111,358.56,213.01,10.34,printing,independent,legitimate
ds-job-065,112,365.62,207.48,10.01,printing,independent,legitimate
ds-job-065,113,364.33,209.3,10.4,printing,independent,legitimate
ds-job-065,114,360.29,211.59,12.21,printing,independent,legitimate
ds-job-065,115,335.04,208.63,10.12,printing,independent,legitimate
ds-job-065,116,348.2,206.03,11.08,printing,independent,legitimate
ds-job-065,117,337.41,210.73,10.76,printing,independent,legitimate
ds-job-065,118,350.02,209.07,10.92,printing,independent,legitimate
ds-job-065,119,347.11,212.59,9.71,printing,independent,legitimate
ds-job-065,120,352.08,213.41,10.12,printing,independent,legitimate
ds-job-065,121,322.46,208.45,12.68,printing,independent,legitimate
ds-job-065,122,361.09,207.11,10.2,printing,independent,legitimate
ds-job-065,123,351.75,212.83,11.11,printing,independent,legitimate
ds-job-065,124,378.89,204.6,12.14,printing,independent,legitimate
ds-job-065,125,379.57,206.92,12.52,printing,independent,legitimate
ds-job-065,126,338.25,209.53,13.29,printing,independent,legitimate
ds-job-065,127,353.82,206.7,12.2,printing,independent,legitimate
ds-job-065,128,344.68,216.43,13.54,printing,independent,legitimate
ds-job-065,129,67.08,115.16,0.0,cooling,independent,legitimate
ds-job-065,130,68.9,92.79,0.0,cooling,independent,legitimate
ds-job-065,131,70.94,165.28,0.0,cooling,independent,legitimate
ds-job-065,132,59.11,156.15,0.0,cooling,independent,legitimate
ds-job-065,133,57.75,72.56,0.0,cooling,independent,legitimate
ds-job-065,134,60.55,137.47,0.0,cooling,independent,legitimate
ds-job-065,135,59.74,105.62,0.0,cooling,independent,legitimate
ds-job-065,136,46.36,175.59,0.0,cooling,independent,legitimate
ds-job-065,137,57.96,81.41,0.0,cooling,independent,legitimate
ds-job-065,138,59.99,115.79,0.0,cooling,independent,legitimate
ds-job-065,139,49.24,121.01,0.0,cooling,independent,legitimate
ds-job-065,140,70.43,143.81,0.0,cooling,independent,legitimate
ds-job-065,141,71.48,160.21,0.0,cooling,independent,legitimate
ds-job-065,142,55.38,120.25,0.0,cooling,independent,legitimate
ds-job-066,0,48.41,27.47,0.0,idle,independent,sabotaged
ds-job-066,1,49.9,25.92,0.0,idle,independent,sabotaged
ds-job-066,2,47.79,23.53,0.0,idle,independent,sabotaged
ds-job-066,3,50.21,21.49,0.0,idle,independent,sabotaged
ds-job-066,4,46.79,23.73,0.0,idle,independent,sabotaged
ds-job-066,5,46.4,23.29,0.0,idle,independent,sabotaged
ds-job-066,6,46.66,24.58,0.0,idle,independent,sabotaged
ds-job-066,7,213.87,92.52,0.0,heating,independent,sabotaged
ds-job-066,8,158.77,108.29,0.0,heating,independent,sabotaged
ds-job-066,9,224.69,113.27,0.0,heating,independent,sabotaged
ds-job-066,10,194.07,141.29,0.0,heating,independent,sabotaged
ds-job-066,11,194.51,125.01,0.0,heating,independent,sabotaged
ds-job-066,12,196.21,129.32,0.0,heating,independent,sabotaged
ds-job-066,13,205.32,173.42,0.0,heating,independent,sabotaged
ds-job-066,14,220.14,61.71,0.0,heating,independent,sabotaged
ds-job-066,15,207.24,94.81,0.0,heating,independent,sabotaged
ds-job-066,16,198.58,130.54,0.0,heating,independent,sabotaged
ds-job-066,17,216.91,129.73,0.0,heating,independent,sabotaged
ds-job-066,18,195.05,124.59,0.0,heating,independent,sabotaged
ds-job-066,19,198.13,102.73,0.0,heating,independent,sabotaged
ds-job-066,20,226.89,178.41,0.0,heating,independent,sabotaged
ds-job-066,21,178.79,124.5,0.0,heating,independent,sabotaged
ds-job-066,22,228.99,89.58,0.0,heating,independent,sabotaged
ds-job-066,23,257.55,115.54,0.0,heating,independent,sabotaged
ds-job-066,24,239.09,130.01,0.0,heating,independent,sabotaged
ds-job-066,25,189.73,104.93,0.0,heating,independent,sabotaged
ds-job-066,26,198.94,75.08,0.0,heating,independent,sabotaged
ds-job-066,27,232.32,100.72,0.0,heating,independent,sabotaged
ds-job-066,28,378.99,214.46,12.45,printing,independent,sabotaged
ds-job-066,29,364.09,206.44,10.17,printing,independent,sabotaged
ds-job-066,30,347.89,210.32,10.87,printing,independent,sabotaged
ds-job-066,31,371.65,210.89,11.59,printing,independent,sabotaged
ds-job-066,32,320.81,207.57,11.48,printing,independent,sabotaged
ds-job-066,33,359.21,215.68,12.83,printing,independent,sabotaged
ds-job-066,34,337.6,206.04,9.72,printing,independent,sabotaged
ds-job-066,35,350.36,206.41,11.32,printing,independent,sabotaged
ds-job-066,36,367.72,211.79,10.55,printing,independent,sabotaged
ds-job-066,37,334.84,207.27,10.49,printing,independent,sabotaged
ds-job-066,38,341.56,215.9,12.06,printing,independent,sabotaged
ds-job-066,39,362.17,209.62,10.36,printing,independent,sabotaged
ds-job-066,40,344.79,206.28,13.2,printing,independent,sabotaged
ds-job-066,41,366.89,211.75,10.49,printing,independent,sabotaged
ds-job-066,42,359.72,208.95,10.4,printing,independent,sabotaged
ds-job-066,43,342.76,212.57,10.78,printing,independent,sabotaged
ds-job-066,44,362.21,208.56,11.78,printing,independent,sabotaged
ds-job-066,45,344.73,208.78,13.68,printing,independent,sabotaged
ds-job-066,46,338.8,212.08,12.15,printing,independent,sabotaged
ds-job-066,47,365.15,208.7,10.35,printing,independent,sabotaged
ds-job-066,48,349.82,213.73,9.95,printing,independent,sabotaged
ds-job-066,49,353.28,215.34,11.98,printing,independent,sabotaged
ds-job-066,50,357.81,208.91,10.46,printing,independent,sabotaged
ds-job-066,51,362.3,207.59,11.9,printing,independent,sabotaged
ds-job-066,52,335.21,210.37,10.57,printing,independent,sabotaged
ds-job-066,53,355.2,210.71,11.68,printing,independent,sabotaged
ds-job-066,54,356.84,208.09,10.41,printing,independent,sabotaged
ds-job-066,55,364.45,208.46,13.34,printing,independent,sabotaged
ds-job-066,56,331.69,211.31,12.36,printing,independent,sabotaged
ds-job-066,57,358.72,210.2,12.26,printing,independent,sabotaged
ds-job-066,58,326.47,206.11,9.45,printing,independent,sabotaged
ds-job-066,59,357.77,206.52,11.91,printing,independent,sabotaged
ds-job-066,60,360.67,210.39,12.69,printing,independent,sabotaged
ds-job-066,61,362.76,207.08,10.96,printing,independent,sabotaged
ds-job-066,62,355.39,208.11,10.22,printing,independent,sabotaged
ds-job-066,63,336.05,209.29,11.7,printing,independent,sabotaged
ds-job-066,64,348.57,208.16,13.61,printing,independent,sabotaged
ds-job-066,65,350.34,209.65,12.99,printing,independent,sabotaged
ds-job-066,66,325.68,209.07,10.49,printing,independent,sabotaged
ds-job-066,67,367.38,205.32,10.31,printing,independent,sabotaged
ds-job-066,68,379.77,208.82,10.33,printing,independent,sabotaged
ds-job-066,69,330.63,209.17,9.52,printing,independent,sabotaged
ds-job-066,70,321.96,209.6,14.07,printing,independent,sabotaged
ds-job-066,71,346.68,206.73,10.02,printing,independent,sabotaged
ds-job-066,72,339.43,210.01,10.37,printing,independent,sabotaged
ds-job-066,73,355.61,202.35,11.01,printing,independent,sabotaged
ds-job-066,74,374.51,204.0,10.73,printing,independent,sabotaged
ds-job-066,75,348.41,207.18,13.18,printing,independent,sabotaged
ds-job-066,76,377.75,204.67,11.81,printing,independent,sabotaged
ds-job-066,77,333.38,208.74,13.09,printing,independent,sabotaged
ds-job-066,78,321.15,211.33,9.98,printing,independent,sabotaged
ds-job-066,79,290.0,210.02,0.0,printing,independent,sabotaged
ds-job-066,80,290.0,207.86,0.0,printing,independent,sabotaged
ds-job-066,81,290.0,210.94,0.0,printing,independent,sabotaged
ds-job-066,82,367.48,211.49,12.72,printing,independent,sabotaged
ds-job-066,83,309.68,208.66,11.31,printing,independent,sabotaged
ds-job-066,84,357.03,208.02,11.37,printing,independent,sabotaged
ds-job-066,85,359.75,201.23,11.36,printing,independent,sabotaged
ds-job-066,86,352.18,209.41,14.48,printing,independent,sabotaged
ds-job-066,87,359.31,212.31,10.29,printing,independent,sabotaged
ds-job-066,88,356.56,209.41,12.28,printing,independent,sabotaged
ds-job-066,89,361.94,209.13,11.78,printing,independent,sabotaged
ds-job-066,90,333.94,206.26,11.65,printing,independent,sabotaged
ds-job-066,91,338.64,208.16,10.43,printing,independent,sabotaged
ds-job-066,92,361.0,206.04,11.61,printing,independent,sabotaged
ds-job-066,93,344.88,206.96,10.75,printing,independent,sabotaged
ds-job-066,94,351.34,210.71,8.56,printing,independent,sabotaged
ds-job-066,95,341.95,208.45,12.31,printing,independent,sabotaged
ds-job-066,96,334.58,208.43,11.05,printing,independent,sabotaged
ds-job-066,97,347.57,209.52,11.69,printing,independent,sabotaged
ds-job-066,98,370.83,211.57,11.6,printing,independent,sabotaged
ds-job-066,99,315.4,206.71,12.16,printing,independent,sabotaged
ds-job-066,100,329.04,208.86,11.1,printing,independent,sabotaged
ds-job-066,101,354.92,209.62,11.59,printing,independent,sabotaged
ds-job-066,102,370.5,210.42,12.08,printing,independent,sabotaged
ds-job-066,103,389.12,207.44,12.29,printing,independent,sabotaged
ds-job-066,104,357.54,212.53,9.73,printing,independent,sabotaged
ds-job-066,105,327.2,205.55,11.27,printing,independent,sabotaged
ds-job-066,106,391.06,208.09,11.23,printing,independent,sabotaged
ds-job-066,107,354.2,208.58,9.77,printing,independent,sabotaged
ds-job-066,108,372.74,215.87,10.98,printing,independent,sabotaged
ds-job-066,109,341.88,210.25,10.79,printing,independent,sabotaged
ds-job-066,110,359.47,212.06,10.06,printing,independent,sabotaged
ds-job-066,111,374.55,212.45,12.72,printing,independent,sabotaged
ds-job-066,112,300.0,204.4,11.9,printing,independent,sabotaged
ds-job-066,113,355.53,215.89,12.17,printing,independent,sabotaged
ds-job-066,114,349.85,205.07,10.3,printing,independent,sabotaged
ds-job-066,115,389.41,208.71,11.28,printing,independent,sabotaged
ds-job-066,116,358.1,211.79,9.78,printing,independent,sabotaged
ds-job-066,117,369.32,203.88,10.45,printing,independent,sabotaged
ds-job-066,118,355.83,213.78,11.93,printing,independent,sabotaged
ds-job-066,119,349.49,206.55,12.32,printing,independent,sabotaged
ds-job-066,120,350.05,209.87,10.47,printing,independent,sabotaged
ds-job-066,121,357.99,204.23,12.45,printing,independent,sabotaged
ds-job-066,122,348.37,213.18,10.55,printing,independent,sabotaged
ds-job-066,123,357.54,205.39,11.49,printing,independent,sabotaged
ds-job-066,124,350.83,206.83,11.88,printing,independent,sabotaged
ds-job-066,125,353.63,207.07,12.35,printing,independent,sabotaged
ds-job-066,126,343.5,213.57,12.16,printing,independent,sabotaged
ds-job-066,127,339.25,210.31,12.47,printing,independent,sabotaged
ds-job-066,128,358.78,214.17,11.64,printing,independent,sabotaged
ds-job-066,129,345.41,208.63,9.27,printing,independent,sabotaged
ds-job-066,130,53.69,122.46,0.0,cooling,independent,sabotaged
ds-job-066,131,69.03,130.48,0.0,cooling,independent,sabotaged
ds-job-066,132,58.14,93.87,0.0,cooling,independent,sabotaged
ds-job-066,133,67.56,100.65,0.0,cooling,independent,sabotaged
ds-job-066,134,80.6,111.63,0.0,cooling,independent,sabotaged
ds-job-066,135,68.35,115.44,0.0,cooling,independent,sabotaged
ds-job-066,136,70.25,103.59,0.0,cooling,independent,sabotaged
ds-job-066,137,75.69,85.05,0.0,cooling,independent,sabotaged
ds-job-066,138,73.19,111.98,0.0,cooling,independent,sabotaged
ds-job-066,139,63.81,144.4,0.0,cooling,independent,sabotaged
ds-job-066,140,59.36,98.21,0.0,cooling,independent,sabotaged
ds-job-066,141,60.48,123.28,0.0,cooling,independent,sabotaged
ds-job-066,142,49.09,85.92,0.0,cooling,independent,sabotaged
ds-job-066,143,60.63,140.67,0.0,cooling,independent,sabotaged
ds-job-067,0,51.3,27.36,0.0,idle,independent,sabotaged
ds-job-067,1,51.09,25.54,0.0,idle,independent,sabotaged
ds-job-067,2,47.0,23.21,0.0,idle,independent,sabotaged
ds-job-067,3,55.74,25.97,0.0,idle,independent,sabotaged
ds-job-067,4,52.17,27.29,0.0,idle,independent,sabotaged
ds-job-067,5,221.09,85.45,0.0,heating,independent,sabotaged
ds-job-067,6,186.56,194.5,0.0,heating,independent,sabotaged
ds-job-067,7,211.94,61.24,0.0,heating,independent,sabotaged
ds-job-067,8,207.81,117.82,0.0,heating,independent,sabotaged
ds-job-067,9,221.23,145.48,0.0,heating,independent,sabotaged
ds-job-067,10,205.98,146.34,0.0,heating,independent,sabotaged
ds-job-067,11,201.05,156.6,0.0,heating,independent,sabotaged
ds-job-067,12,181.06,164.57,0.0,heating,independent,sabotaged
ds-job-067,13,191.15,104.29,0.0,heating,independent,sabotaged
ds-job-067,14,228.23,187.99,0.0,heating,independent,sabotaged
ds-job-067,15,212.43,144.04,0.0,heating,independent,sabotaged
ds-job-067,16,192.2,110.58,0.0,heating,independent,sabotaged
ds-job-067,17,199.59,98.29,0.0,heating,independent,sabotaged
ds-job-067,18,229.18,143.24,0.0,heating,independent,sabotaged
ds-job-067,19,161.96,106.02,0.0,heating,independent,sabotaged
ds-job-067,20,354.54,207.73,11.98,printing,independent,sabotaged
ds-job-067,21,354.93,211.42,10.79,printing,independent,sabotaged
ds-job-067,22,358.79,209.41,12.63,printing,independent,sabotaged
ds-job-067,23,350.86,207.99,11.24,printing,independent,sabotaged
ds-job-067,24,355.58,214.53,11.14,printing,independent,sabotaged
ds-job-067,25,350.34,216.94,11.55,printing,independent,sabotaged
ds-job-067,26,338.17,207.72,13.0,printing,independent,sabotaged
ds-job-067,27,369.43,216.54,11.36,printing,independent,sabotaged
ds-job-067,28,320.89,212.15,14.79,printing,independent,sabotaged
ds-job-067,29,376.57,210.59,11.19,printing,independent,sabotaged
ds-job-067,30,328.32,204.28,11.58,printing,independent,sabotaged
ds-job-067,31,358.88,207.47,11.01,printing,independent,sabotaged
ds-job-067,32,345.93,209.79,10.06,printing,independent,sabotaged
ds-job-067,33,365.99,210.26,9.66,printing,independent,sabotaged
ds-job-067,34,377.88,207.21,11.46,printing,independent,sabotaged
ds-job-067,35,343.29,207.95,12.04,printing,independent,sabotaged
ds-job-067,36,323.1,209.19,11.44,printing,independent,sabotaged
ds-job-067,37,322.5,206.87,11.06,printing,independent,sabotaged
ds-job-067,38,375.99,204.31,10.91,printing,independent,sabotaged
ds-job-067,39,352.56,210.18,11.02,printing,independent,sabotaged
ds-job-067,40,326.88,213.81,12.08,printing,independent,sabotaged
ds-job-067,41,347.02,207.08,11.53,printing,independent,sabotaged
ds-job-067,42,341.82,208.06,11.41,printing,independent,sabotaged
ds-job-067,43,368.63,209.47,12.45,printing,independent,sabotaged
ds-job-067,44,358.45,208.79,11.55,printing,independent,sabotaged
ds-job-067,45,363.5,212.14,14.13,printing,independent,sabotaged
ds-job-067,46,380.26,211.42,12.5,printing,independent,sabotaged
ds-job-067,47,341.54,212.3,9.94,printing,independent,sabotaged
ds-job-067,48,336.86,207.49,9.67,printing,independent,sabotaged
ds-job-067,49,354.13,208.59,12.4,printing,independent,sabotaged
ds-job-067,50,368.03,211.41,11.18,printing,independent,sabotaged
ds-job-067,51,345.08,214.59,12.04,printing,independent,sabotaged
ds-job-067,52,399.44,206.64,10.75,printing,independent,sabotaged
ds-job-067,53,338.23,210.12,11.9,printing,independent,sabotaged
ds-job-067,54,347.83,208.72,10.96,printing,independent,sabotaged
ds-job-067,55,363.22,211.18,11.6,printing,independent,sabotaged
ds-job-067,56,365.36,203.79,9.57,printing,independent,sabotaged
ds-job-067,57,290.0,205.22,0.0,printing,independent,sabotaged
ds-job-067,58,290.0,208.42,0.0,printing,independent,sabotaged
ds-job-067,59,336.45,209.78,12.32,printing,independent,sabotaged
ds-job-067,60,350.62,209.98,12.49,printing,independent,sabotaged
ds-job-067,61,364.43,210.76,11.07,printing,independent,sabotaged
ds-job-067,62,341.98,208.54,10.57,printing,independent,sabotaged
ds-job-067,63,392.07,206.25,10.22,printing,independent,sabotaged
ds-job-067,64,329.43,215.18,11.4,printing,independent,sabotaged
ds-job-067,65,348.32,204.78,13.82,printing,independent,sabotaged
ds-job-067,66,370.66,211.59,10.31,printing,independent,sabotaged
ds-job-067,67,343.93,206.99,10.54,printing,independent,sabotaged
ds-job-067,68,369.86,210.6,12.91,printing,independent,sabotaged
ds-job-067,69,353.62,204.06,11.6,printing,independent,sabotaged
ds-job-067,70,357.71,210.14,11.22,printing,independent,sabotaged
ds-job-067,71,340.01,210.41,12.42,printing,independent,sabotaged
ds-job-067,72,345.34,209.57,11.07,printing,independent,sabotaged
ds-job-067,73,331.9,207.7,10.08,printing,independent,sabotaged
ds-job-067,74,362.76,206.65,10.84,printing,independent,sabotaged
ds-job-067,75,360.58,209.12,10.82,printing,independent,sabotaged
ds-job-067,76,352.9,207.79,11.14,printing,independent,sabotaged
ds-job-067,77,328.8,208.22,12.1,printing,independent,sabotaged
ds-job-067,78,345.03,209.1,12.34,printing,independent,sabotaged
ds-job-067,79,354.78,203.65,12.14,printing,independent,sabotaged
ds-job-067,80,334.19,203.12,11.34,printing,independent,sabotaged
ds-job-067,81,352.7,211.35,11.04,printing,independent,sabotaged
ds-job-067,82,330.47,209.38,11.39,printing,independent,sabotaged
ds-job-067,83,362.04,210.57,10.24,printing,independent,sabotaged
ds-job-067,84,371.52,209.24,11.06,printing,independent,sabotaged
ds-job-067,85,350.53,207.32,10.04,printing,independent,sabotaged
ds-job-067,86,338.2,212.71,11.59,printing,independent,sabotaged
ds-job-067,87,330.88,207.51,11.87,printing,independent,sabotaged
ds-job-067,88,355.88,212.5,11.15,printing,independent,sabotaged
ds-job-067,89,354.92,211.75,12.05,printing,independent,sabotaged
ds-job-067,90,333.02,207.85,10.67,printing,independent,sabotaged
ds-job-067,91,361.67,201.84,12.97,printing,independent,sabotaged
ds-job-067,92,352.9,209.82,12.78,printing,independent,sabotaged
ds-job-067,93,361.99,206.25,12.63,printing,independent,sabotaged
ds-job-067,94,335.46,210.21,10.13,printing,independent,sabotaged
ds-job-067,95,69.67,110.31,0.0,cooling,independent,sabotaged
ds-job-067,96,65.06,104.02,0.0,cooling,independent,sabotaged
ds-job-067,97,57.47,149.44,0.0,cooling,independent,sabotaged
ds-job-067,98,52.78,131.2,0.0,cooling,independent,sabotaged
ds-job-067,99,58.84,90.29,0.0,cooling,independent,sabotaged
ds-job-067,100,54.64,136.97,0.0,cooling,independent,sabotaged
ds-job-067,101,72.8,138.04,0.0,cooling,independent,sabotaged
ds-job-067,102,66.3,26.08,0.0,cooling,independent,sabotaged
ds-job-067,103,60.64,146.62,0.0,cooling,independent,sabotaged
ds-job-067,104,52.24,153.88,0.0,cooling,independent,sabotaged
ds-job-068,0,50.05,25.42,0.0,idle,independent,legitimate
ds-job-068,1,47.07,26.64,0.0,idle,independent,legitimate
ds-job-068,2,50.35,23.29,0.0,idle,independent,legitimate
ds-job-068,3,51.84,24.78,0.0,idle,independent,legitimate
ds-job-068,4,52.98,26.8,0.0,idle,independent,legitimate
ds-job-068,5,53.82,27.8,0.0,idle,independent,legitimate
ds-job-068,6,56.08,24.84,0.0,idle,independent,legitimate
ds-job-068,7,195.97,133.24,0.0,heating,independent,legitimate
ds-job-068,8,229.98,161.0,0.0,heating,independent,legitimate
ds-job-068,9,193.41,94.37,0.0,heating,independent,legitimate
ds-job-068,10,203.18,139.24,0.0,heating,independent,legitimate
ds-job-068,11,228.82,159.91,0.0,heating,independent,legitimate
ds-job-068,12,211.72,111.34,0.0,heating,independent,legitimate
ds-job-068,13,195.9,134.4,0.0,heating,independent,legitimate
ds-job-068,14,224.08,30.0,0.0,heating,independent,legitimate
ds-job-068,15,194.28,109.08,0.0,heating,independent,legitimate
ds-job-068,16,178.4,80.1,0.0,heating,independent,legitimate
ds-job-068,17,211.31,57.93,0.0,heating,independent,legitimate
ds-job-068,18,201.25,71.12,0.0,heating,independent,legitimate
ds-job-068,19,177.87,123.71,0.0,heating,independent,legitimate
ds-job-068,20,205.84,156.82,0.0,heating,independent,legitimate
ds-job-068,21,237.13,135.94,0.0,heating,independent,legitimate
ds-job-068,22,235.06,68.9,0.0,heating,independent,legitimate
ds-job-068,23,222.26,131.25,0.0,heating,independent,legitimate
ds-job-068,24,183.25,148.67,0.0,heating,independent,legitimate
ds-job-068,25,227.87,139.18,0.0,heating,independent,legitimate
ds-job-068,26,202.61,146.25,0.0,heating,independent,legitimate
ds-job-068,27,246.47,121.85,0.0,heating,independent,legitimate
ds-job-068,28,185.04,138.55,0.0,heating,independent,legitimate
ds-job-068,29,333.48,209.25,11.08,printing,independent,legitimate
ds-job-068,30,370.24,207.51,13.3,printing,independent,legitimate
ds-job-068,31,349.29,209.35,11.85,printing,independent,legitimate
ds-job-068,32,330.44,209.2,11.68,printing,independent,legitimate
ds-job-068,33,312.07,213.31,13.41,printing,independent,legitimate
ds-job-068,34,352.99,211.52,11.42,printing,independent,legitimate
ds-job-068,35,317.16,215.84,12.35,printing,independent,legitimate
ds-job-068,36,310.03,206.35,11.26,printing,independent,legitimate
ds-job-068,37,346.62,210.93,11.7,printing,independent,legitimate
ds-job-068,38,313.14,211.06,10.61,printing,independent,legitimate
ds-job-068,39,355.47,209.7,11.6,printing,independent,legitimate
ds-job-068,40,328.76,212.1,12.79,printing,independent,legitimate
ds-job-068,41,326.41,212.21,11.25,printing,independent,legitimate
ds-job-068,42,348.84,209.81,10.89,printing,independent,legitimate
ds-job-068,43,358.11,204.61,12.16,printing,independent,legitimate
ds-job-068,44,348.8,207.2,12.12,printing,independent,legitimate
ds-job-068,45,363.86,208.7,13.1,printing,independent,legitimate
ds-job-068,46,348.58,207.34,12.3,printing,independent,legitimate
ds-job-068,47,351.02,210.2,12.74,printing,independent,legitimate
ds-job-068,48,355.78,207.29,11.84,printing,independent,legitimate
ds-job-068,49,352.01,208.83,10.94,printing,independent,legitimate
ds-job-068,50,353.81,209.29,14.09,printing,independent,legitimate
ds-job-068,51,338.01,208.13,12.3,printing,independent,legitimate
ds-job-068,52,364.63,209.08,8.72,printing,independent,legitimate
ds-job-068,53,358.36,206.42,12.51,printing,independent,legitimate
ds-job-068,54,355.11,205.98,11.48,printing,independent,legitimate
ds-job-068,55,347.31,209.53,11.88,printing,independent,legitimate
ds-job-068,56,346.81,207.54,11.2,printing,independent,legitimate
ds-job-068,57,354.79,215.8,10.2,printing,independent,legitimate
ds-job-068,58,360.71,206.83,10.73,printing,independent,legitimate
ds-job-068,59,348.92,207.27,11.14,printing,independent,legitimate
ds-job-068,60,355.32,212.82,11.43,printing,independent,legitimate
ds-job-068,61,341.66,207.72,10.77,printing,independent,legitimate
ds-job-068,62,344.36,210.96,12.09,printing,independent,legitimate
ds-job-068,63,346.66,201.92,9.69,printing,independent,legitimate
ds-job-068,64,368.46,205.03,10.85,printing,independent,legitimate
ds-job-068,65,359.44,208.96,11.64,printing,independent,legitimate
ds-job-068,66,367.25,209.17,9.18,printing,independent,legitimate
ds-job-068,67,361.74,209.03,12.41,printing,independent,legitimate
ds-job-068,68,349.37,204.97,11.1,printing,independent,legitimate
ds-job-068,69,375.65,212.21,12.42,printing,independent,legitimate
ds-job-068,70,383.11,209.32,9.74,printing,independent,legitimate
ds-job-068,71,360.3,204.92,13.54,printing,independent,legitimate
ds-job-068,72,346.16,206.75,12.0,printing,independent,legitimate
ds-job-068,73,337.01,206.99,10.14,printing,independent,legitimate
ds-job-068,74,343.08,209.6,12.0,printing,independent,legitimate
ds-job-068,75,332.23,210.34,10.05,printing,independent,legitimate
ds-job-068,76,326.12,211.91,12.18,printing,independent,legitimate
ds-job-068,77,353.87,211.48,10.75,printing,independent,legitimate
ds-job-068,78,353.04,207.82,10.27,printing,independent,legitimate
ds-job-068,79,328.49,204.38,12.73,printing,independent,legitimate
ds-job-068,80,317.78,206.62,11.28,printing,independent,legitimate
ds-job-068,81,345.07,205.89,12.41,printing,independent,legitimate
ds-job-068,82,342.81,215.3,13.01,printing,independent,legitimate
ds-job-068,83,357.78,204.03,11.32,printing,independent,legitimate
ds-job-068,84,332.72,211.47,10.27,printing,independent,legitimate
ds-job-068,85,361.98,209.3,12.29,printing,independent,legitimate
ds-job-068,86,350.02,210.14,10.83,printing,independent,legitimate
ds-job-068,87,354.1,211.15,10.46,printing,independent,legitimate
ds-job-068,88,338.02,208.96,12.11,printing,independent,legitimate
ds-job-068,89,337.58,208.56,12.49,printing,independent,legitimate
ds-job-068,90,359.49,205.77,11.68,printing,independent,legitimate
ds-job-068,91,359.57,213.82,13.63,printing,independent,legitimate
ds-job-068,92,340.55,206.71,9.96,printing,independent,legitimate
ds-job-068,93,396.64,206.1,13.07,printing,independent,legitimate
ds-job-068,94,382.6,213.39,11.3,printing,independent,legitimate
ds-job-068,95,375.19,210.27,11.6,printing,independent,legitimate
ds-job-068,96,367.35,205.84,12.63,printing,independent,legitimate
ds-job-068,97,362.94,214.0,11.52,printing,independent,legitimate
ds-job-068,98,367.59,207.06,10.05,printing,independent,legitimate
ds-job-068,99,333.97,209.24,12.54,printing,independent,legitimate
ds-job-068,100,352.64,213.78,10.31,printing,independent,legitimate
ds-job-068,101,383.2,203.77,10.78,printing,independent,legitimate
ds-job-068,102,400.0,211.94,13.02,printing,independent,legitimate
ds-job-068,103,336.26,206.25,8.81,printing,independent,legitimate
ds-job-068,104,365.6,209.91,12.54,printing,independent,legitimate
ds-job-068,105,362.52,209.39,11.0,printing,independent,legitimate
ds-job-068,106,349.94,210.59,9.0,printing,independent,legitimate
ds-job-068,107,331.88,206.72,11.17,printing,independent,legitimate
ds-job-068,108,321.64,207.89,12.22,printing,independent,legitimate
ds-job-068,109,341.1,208.27,11.22,printing,independent,legitimate
ds-job-068,110,329.79,210.22,10.96,printing,independent,legitimate
ds-job-068,111,355.86,209.59,11.32,printing,independent,legitimate
ds-job-068,112,379.24,206.09,12.93,printing,independent,legitimate
ds-job-068,113,362.27,208.55,12.04,printing,independent,legitimate
ds-job-068,114,355.76,207.89,13.09,printing,independent,legitimate
ds-job-068,115,325.34,210.31,10.78,printing,independent,legitimate
ds-job-068,116,365.69,208.68,11.64,printing,independent,legitimate
ds-job-068,117,355.38,208.46,11.65,printing,independent,legitimate
ds-job-068,118,370.14,206.26,10.35,printing,independent,legitimate
ds-job-068,119,337.13,202.68,12.2,printing,independent,legitimate
ds-job-068,120,346.31,210.15,12.14,printing,independent,legitimate
ds-job-068,121,344.15,210.48,10.59,printing,independent,legitimate
ds-job-068,122,357.5,205.67,11.07,printing,independent,legitimate
ds-job-068,123,350.32,206.79,11.5,printing,independent,legitimate
ds-job-068,124,381.67,208.34,12.51,printing,independent,legitimate
ds-job-068,125,367.04,210.03,12.07,printing,independent,legitimate
ds-job-068,126,375.79,205.05,11.32,printing,independent,legitimate
ds-job-068,127,359.39,207.95,11.15,printing,independent,legitimate
ds-job-068,128,353.7,209.08,12.69,printing,independent,legitimate
ds-job-068,129,331.9,207.23,10.11,printing,independent,legitimate
ds-job-068,130,365.39,206.96,12.43,printing,independent,legitimate
ds-job-068,131,358.87,211.24,13.04,printing,independent,legitimate
ds-job-068,132,360.99,207.5,11.22,printing,independent,legitimate
ds-job-068,133,328.96,209.8,10.54,printing,independent,legitimate
ds-job-068,134,344.02,214.18,10.63,printing,independent,legitimate
ds-job-068,135,79.15,69.19,0.0,cooling,independent,legitimate
ds-job-068,136,60.97,149.97,0.0,cooling,independent,legitimate
ds-job-068,137,60.38,146.16,0.0,cooling,independent,legitimate
ds-job-068,138,71.5,150.05,0.0,cooling,independent,legitimate
ds-job-068,139,55.53,53.7,0.0,cooling,independent,legitimate
ds-job-068,140,70.7,111.59,0.0,cooling,independent,legitimate
ds-job-068,141,73.95,122.2,0.0,cooling,independent,legitimate
ds-job-068,142,78.16,76.58,0.0,cooling,independent,legitimate
ds-job-068,143,69.16,49.55,0.0,cooling,independent,legitimate
ds-job-068,144,57.73,93.12,0.0,cooling,independent,legitimate
ds-job-068,145,63.07,119.79,0.0,cooling,independent,legitimate
ds-job-068,146,63.99,148.92,0.0,cooling,independent,legitimate
ds-job-068,147,59.65,103.82,0.0,cooling,independent,legitimate
ds-job-068,148,69.05,102.17,0.0,cooling,independent,legitimate
ds-job-069,0,45.52,24.29,0.0,idle,independent,legitimate
ds-job-069,1,50.51,26.48,0.0,idle,independent,legitimate
ds-job-069,2,49.23,24.53,0.0,idle,independent,legitimate
ds-job-069,3,52.1,23.33,0.0,idle,independent,legitimate
ds-job-069,4,45.33,23.43,0.0,idle,independent,legitimate
ds-job-069,5,196.27,146.86,0.0,heating,independent,legitimate
ds-job-069,6,199.07,85.51,0.0,heating,independent,legitimate
ds-job-069,7,230.73,149.05,0.0,heating,independent,legitimate
ds-job-069,8,212.12,151.46,0.0,heating,independent,legitimate
ds-job-069,9,196.19,149.97,0.0,heating,independent,legitimate
ds-job-069,10,235.73,152.64,0.0,heating,independent,legitimate
ds-job-069,11,177.15,110.65,0.0,heating,independent,legitimate
ds-job-069,12,196.58,117.79,0.0,heating,independent,legitimate
ds-job-069,13,193.02,134.14,0.0,heating,independent,legitimate
ds-job-069,14,240.07,154.73,0.0,heating,independent,legitimate
ds-job-069,15,222.9,177.79,0.0,heating,independent,legitimate
ds-job-069,16,215.52,115.91,0.0,heating,independent,legitimate
ds-job-069,17,196.58,135.57,0.0,heating,independent,legitimate
ds-job-069,18,218.4,154.03,0.0,heating,independent,legitimate
ds-job-069,19,229.79,114.34,0.0,heating,independent,legitimate
ds-job-069,20,332.98,207.12,11.09,printing,independent,legitimate
ds-job-069,21,356.83,208.55,12.84,printing,independent,legitimate
ds-job-069,22,365.01,209.35,10.85,printing,independent,legitimate
ds-job-069,23,371.27,214.25,12.72,printing,independent,legitimate
ds-job-069,24,349.28,207.03,10.32,printing,independent,legitimate
ds-job-069,25,367.54,209.35,12.03,printing,independent,legitimate
ds-job-069,26,352.04,208.72,10.29,printing,independent,legitimate
ds-job-069,27,332.9,204.56,9.01,printing,independent,legitimate
ds-job-069,28,315.03,206.86,11.2,printing,independent,legitimate
ds-job-069,29,346.27,211.57,12.44,printing,independent,legitimate
ds-job-069,30,365.41,209.73,11.53,printing,independent,legitimate
ds-job-069,31,325.22,207.46,10.52,printing,independent,legitimate
ds-job-069,32,346.55,209.15,12.23,printing,independent,legitimate
ds-job-069,33,338.69,210.96,9.77,printing,independent,legitimate
ds-job-069,34,339.59,211.36,10.91,printing,independent,legitimate
ds-job-069,35,373.69,214.05,11.07,printing,independent,legitimate
ds-job-069,36,350.91,208.45,12.08,printing,independent,legitimate
ds-job-069,37,382.63,208.83,11.34,printing,independent,legitimate
ds-job-069,38,347.53,202.58,11.12,printing,independent,legitimate
ds-job-069,39,365.57,208.25,11.85,printing,independent,legitimate
ds-job-069,40,352.6,209.81,12.06,printing,independent,legitimate
ds-job-069,41,382.05,206.44,11.28,printing,independent,legitimate
ds-job-069,42,318.06,206.19,8.59,printing,independent,legitimate
ds-job-069,43,349.61,211.11,11.35,printing,independent,legitimate
ds-job-069,44,361.41,208.32,11.72,printing,independent,legitimate
ds-job-069,45,379.7,209.84,12.81,printing,independent,legitimate
ds-job-069,46,363.31,212.41,13.04,printing,independent,legitimate
ds-job-069,47,336.77,206.31,11.67,printing,independent,legitimate
ds-job-069,48,334.21,211.43,12.33,printing,independent,legitimate
ds-job-069,49,350.2,208.15,14.34,printing,independent,legitimate
ds-job-069,50,350.27,210.43,11.34,printing,independent,legitimate
ds-job-069,51,367.38,210.94,10.42,printing,independent,legitimate
ds-job-069,52,344.36,208.28,13.74,printing,independent,legitimate
ds-job-069,53,342.08,208.74,12.27,printing,independent,legitimate
ds-job-069,54,361.71,205.57,13.19,printing,independent,legitimate
ds-job-069,55,345.91,209.49,11.83,printing,independent,legitimate
ds-job-069,56,339.77,205.03,10.24,printing,independent,legitimate
ds-job-069,57,341.2,206.11,9.37,printing,independent,legitimate
ds-job-069,58,332.02,210.7,9.71,printing,independent,legitimate
ds-job-069,59,352.3,205.34,10.89,printing,independent,legitimate
ds-job-069,60,317.15,209.09,11.76,printing,independent,legitimate
ds-job-069,61,350.99,209.68,11.78,printing,independent,legitimate
ds-job-069,62,335.73,206.53,12.68,printing,independent,legitimate
ds-job-069,63,338.16,208.13,11.44,printing,independent,legitimate
ds-job-069,64,352.94,206.92,12.46,printing,independent,legitimate
ds-job-069,65,322.16,203.08,11.42,printing,independent,legitimate
ds-job-069,66,356.56,209.82,11.01,printing,independent,legitimate
ds-job-069,67,400.0,209.85,11.09,printing,independent,legitimate
ds-job-069,68,368.63,211.35,10.25,printing,independent,legitimate
ds-job-069,69,340.28,210.22,11.02,printing,independent,legitimate
ds-job-069,70,350.11,202.39,10.24,printing,independent,legitimate
ds-job-069,71,322.18,208.14,11.04,printing,independent,legitimate
ds-job-069,72,365.06,209.53,12.12,printing,independent,legitimate
ds-job-069,73,349.79,215.94,11.2,printing,independent,legitimate
ds-job-069,74,354.45,209.94,13.32,printing,independent,legitimate
ds-job-069,75,362.12,210.46,11.99,printing,independent,legitimate
ds-job-069,76,368.51,206.39,12.24,printing,independent,legitimate
ds-job-069,77,346.09,210.44,11.32,printing,independent,legitimate
ds-job-069,78,367.55,215.08,9.86,printing,independent,legitimate
ds-job-069,79,317.87,211.83,10.91,printing,independent,legitimate
ds-job-069,80,360.13,203.79,13.11,printing,independent,legitimate
ds-job-069,81,368.19,209.06,12.23,printing,independent,legitimate
ds-job-069,82,359.68,209.57,13.26,printing,independent,legitimate
ds-job-069,83,339.31,208.41,11.63,printing,independent,legitimate
ds-job-069,84,343.35,211.63,10.1,printing,independent,legitimate
ds-job-069,85,353.89,207.92,9.7,printing,independent,legitimate
ds-job-069,86,341.85,211.95,13.04,printing,independent,legitimate
ds-job-069,87,330.75,213.14,11.59,printing,independent,legitimate
ds-job-069,88,358.8,206.89,13.15,printing,independent,legitimate
ds-job-069,89,377.97,207.73,9.56,printing,independent,legitimate
ds-job-069,90,336.3,211.79,11.62,printing,independent,legitimate
ds-job-069,91,76.26,84.96,0.0,cooling,independent,legitimate
ds-job-069,92,63.48,148.58,0.0,cooling,independent,legitimate
ds-job-069,93,72.06,191.55,0.0,cooling,independent,legitimate
ds-job-069,94,80.43,69.49,0.0,cooling,independent,legitimate
ds-job-069,95,67.0,156.39,0.0,cooling,independent,legitimate
ds-job-069,96,78.06,133.39,0.0,cooling,independent,legitimate
ds-job-069,97,67.71,63.95,0.0,cooling,independent,legitimate
ds-job-069,98,58.78,137.39,0.0,cooling,independent,legitimate
ds-job-069,99,64.71,110.59,0.0,cooling,independent,legitimate
ds-job-069,100,79.59,102.52,0.0,cooling,independent,legitimate
ds-job-070,0,49.46,25.11,0.0,idle,independent,lazy-fake
ds-job-070,1,50.47,24.53,0.0,idle,independent,lazy-fake
ds-job-070,2,52.42,26.11,0.0,idle,independent,lazy-fake
ds-job-070,3,49.72,25.87,0.0,idle,independent,lazy-fake
ds-job-070,4,49.2,22.95,0.0,idle,independent,lazy-fake
ds-job-070,5,52.34,24.79,0.0,idle,independent,lazy-fake
ds-job-070,6,52.97,24.81,0.0,heating,independent,lazy-fake
ds-job-070,7,50.96,25.49,0.0,heating,independent,lazy-fake
ds-job-070,8,51.43,23.37,0.0,heating,independent,lazy-fake
ds-job-070,9,51.32,26.44,0.0,heating,independent,lazy-fake
ds-job-070,10,50.61,22.48,0.0,heating,independent,lazy-fake
ds-job-070,11,50.68,26.2,0.0,heating,independent,lazy-fake
ds-job-070,12,45.16,25.0,0.0,heating,independent,lazy-fake
ds-job-070,13,50.24,25.09,0.0,heating,independent,lazy-fake
ds-job-070,14,49.72,25.8,0.0,heating,independent,lazy-fake
ds-job-070,15,46.16,25.5,0.0,heating,independent,lazy-fake
ds-job-070,16,54.85,22.24,0.0,heating,independent,lazy-fake
ds-job-070,17,50.54,27.63,0.0,heating,independent,lazy-fake
ds-job-070,18,51.44,22.53,0.0,heating,independent,lazy-fake
ds-job-070,19,54.19,24.78,0.0,heating,independent,lazy-fake
ds-job-070,20,50.94,25.15,0.0,heating,independent,lazy-fake
ds-job-070,21,49.13,23.87,0.0,heating,independent,lazy-fake
ds-job-070,22,52.74,25.23,0.0,heating,independent,lazy-fake
ds-job-070,23,54.33,27.6,0.0,heating,independent,lazy-fake
ds-job-070,24,48.14,23.52,0.0,heating,independent,lazy-fake
ds-job-070,25,50.23,22.59,0.0,printing,independent,lazy-fake
ds-job-070,26,46.04,28.07,0.0,printing,independent,lazy-fake
ds-job-070,27,49.55,24.44,0.0,printing,independent,lazy-fake
ds-job-070,28,52.24,25.02,0.0,printing,independent,lazy-fake
ds-job-070,29,48.03,26.39,0.0,printing,independent,lazy-fake
ds-job-070,30,51.52,29.94,0.0,printing,independent,lazy-fake
ds-job-070,31,50.49,24.92,0.0,printing,independent,lazy-fake
ds-job-070,32,50.02,26.53,0.0,printing,independent,lazy-fake
ds-job-070,33,50.38,24.41,0.0,printing,independent,lazy-fake
ds-job-070,34,46.55,23.47,0.0,printing,independent,lazy-fake
ds-job-070,35,53.61,21.42,0.0,printing,independent,lazy-fake
ds-job-070,36,53.24,24.9,0.0,printing,independent,lazy-fake
ds-job-070,37,44.23,26.97,0.0,printing,independent,lazy-fake
ds-job-070,38,53.28,23.27,0.0,printing,independent,lazy-fake
ds-job-070,39,52.81,24.75,0.0,printing,independent,lazy-fake
ds-job-070,40,49.4,26.28,0.0,printing,independent,lazy-fake
ds-job-070,41,45.32,24.15,0.0,printing,independent,lazy-fake
ds-job-070,42,49.95,25.05,0.0,printing,independent,lazy-fake
ds-job-070,43,43.96,23.29,0.0,printing,independent,lazy-fake
ds-job-070,44,51.97,26.74,0.0,printing,independent,lazy-fake
ds-job-070,45,48.75,25.3,0.0,printing,independent,lazy-fake
ds-job-070,46,50.52,27.56,0.0,printing,independent,lazy-fake
ds-job-070,47,47.07,27.55,0.0,printing,independent,lazy-fake
ds-job-070,48,54.22,24.81,0.0,printing,independent,lazy-fake
ds-job-070,49,55.88,27.19,0.0,printing,independent,lazy-fake
ds-job-070,50,48.58,25.61,0.0,printing,independent,lazy-fake
ds-job-070,51,43.31,24.03,0.0,printing,independent,lazy-fake
ds-job-070,52,54.77,22.36,0.0,printing,independent,lazy-fake
ds-job-070,53,50.42,22.76,0.0,printing,independent,lazy-fake
ds-job-070,54,54.56,28.76,0.0,printing,independent,lazy-fake
ds-job-070,55,49.7,25.78,0.0,printing,independent,lazy-fake
ds-job-070,56,49.32,25.5,0.0,printing,independent,lazy-fake
ds-job-070,57,52.58,21.31,0.0,printing,independent,lazy-fake
ds-job-070,58,50.62,24.48,0.0,printing,independent,lazy-fake
ds-job-070,59,45.35,24.81,0.0,printing,independent,lazy-fake
ds-job-070,60,54.93,20.78,0.0,printing,independent,lazy-fake
ds-job-070,61,48.92,24.42,0.0,printing,independent,lazy-fake
ds-job-070,62,51.01,25.46,0.0,printing,independent,lazy-fake
ds-job-070,63,47.58,24.9,0.0,printing,independent,lazy-fake
ds-job-070,64,45.52,26.77,0.0,printing,independent,lazy-fake
ds-job-070,65,53.42,24.55,0.0,printing,independent,lazy-fake
ds-job-070,66,53.57,23.7,0.0,printing,independent,lazy-fake
ds-job-070,67,45.4,26.51,0.0,printing,independent,lazy-fake
ds-job-070,68,46.22,24.69,0.0,printing,independent,lazy-fake
ds-job-070,69,53.42,27.36,0.0,printing,independent,lazy-fake
ds-job-070,70,47.77,23.57,0.0,printing,independent,lazy-fake
ds-job-070,71,47.73,24.46,0.0,printing,independent,lazy-fake
ds-job-070,72,54.78,24.93,0.0,printing,independent,lazy-fake
ds-job-070,73,48.19,22.16,0.0,printing,independent,lazy-fake
ds-job-070,74,50.18,20.01,0.0,printing,independent,lazy-fake
ds-job-070,75,43.17,23.57,0.0,printing,independent,lazy-fake
ds-job-070,76,54.02,23.48,0.0,printing,independent,lazy-fake
ds-job-070,77,54.05,22.18,0.0,printing,independent,lazy-fake
ds-job-070,78,46.78,21.64,0.0,printing,independent,lazy-fake
ds-job-070,79,45.48,25.16,0.0,printing,independent,lazy-fake
ds-job-070,80,45.73,26.53,0.0,printing,independent,lazy-fake
ds-job-070,81,53.37,24.44,0.0,printing,independent,lazy-fake
ds-job-070,82,49.18,26.46,0.0,printing,independent,lazy-fake
ds-job-070,83,49.71,24.57,0.0,printing,independent,lazy-fake
ds-job-070,84,51.48,23.3,0.0,printing,independent,lazy-fake
ds-job-070,85,47.78,22.82,0.0,printing,independent,lazy-fake
ds-job-070,86,58.79,27.42,0.0,printing,independent,lazy-fake
ds-job-070,87,46.38,25.04,0.0,printing,independent,lazy-fake
ds-job-070,88,45.97,27.07,0.0,printing,independent,lazy-fake
ds-job-070,89,48.32,25.82,0.0,printing,independent,lazy-fake
ds-job-070,90,50.43,24.82,0.0,printing,independent,lazy-fake
ds-job-070,91,46.62,25.67,0.0,printing,independent,lazy-fake
ds-job-070,92,52.65,23.62,0.0,printing,independent,lazy-fake
ds-job-070,93,48.22,25.85,0.0,printing,independent,lazy-fake
ds-job-070,94,48.68,27.62,0.0,printing,independent,lazy-fake
ds-job-070,95,53.32,24.5,0.0,printing,independent,lazy-fake
ds-job-070,96,47.17,22.03,0.0,printing,independent,lazy-fake
ds-job-070,97,48.15,23.19,0.0,printing,independent,lazy-fake
ds-job-070,98,50.85,27.68,0.0,printing,independent,lazy-fake
ds-job-070,99,50.44,26.34,0.0,printing,independent,lazy-fake
ds-job-070,100,49.22,27.62,0.0,printing,independent,lazy-fake
ds-job-070,101,47.36,25.43,0.0,printing,independent,lazy-fake
ds-job-070,102,46.94,25.98,0.0,printing,independent,lazy-fake
ds-job-070,103,48.08,26.2,0.0,printing,independent,lazy-fake
ds-job-070,104,52.72,26.99,0.0,printing,independent,lazy-fake
ds-job-070,105,47.51,23.28,0.0,printing,independent,lazy-fake
ds-job-070,106,51.79,23.35,0.0,printing,independent,lazy-fake
ds-job-070,107,46.87,23.08,0.0,printing,independent,lazy-fake
ds-job-070,108,53.55,26.56,0.0,printing,independent,lazy-fake
ds-job-070,109,48.63,24.62,0.0,printing,independent,lazy-fake
ds-job-070,110,47.57,26.06,0.0,printing,independent,lazy-fake
ds-job-070,111,48.15,27.89,0.0,printing,independent,lazy-fake
ds-job-070,112,49.29,23.59,0.0,printing,independent,lazy-fake
ds-job-070,113,46.63,20.83,0.0,printing,independent,lazy-fake
ds-job-070,114,52.6,25.13,0.0,printing,independent,lazy-fake
ds-job-070,115,49.28,24.12,0.0,printing,independent,lazy-fake
ds-job-070,116,50.23,27.33,0.0,printing,independent,lazy-fake
ds-job-070,117,49.88,25.58,0.0,printing,independent,lazy-fake
ds-job-070,118,49.78,24.54,0.0,cooling,independent,lazy-fake
ds-job-070,119,49.75,25.77,0.0,cooling,independent,lazy-fake
ds-job-070,120,52.58,27.18,0.0,cooling,independent,lazy-fake
ds-job-070,121,50.93,23.82,0.0,cooling,independent,lazy-fake
ds-job-070,122,47.69,26.83,0.0,cooling,independent,lazy-fake
ds-job-070,123,54.35,24.22,0.0,cooling,independent,lazy-fake
ds-job-070,124,44.38,29.92,0.0,cooling,independent,lazy-fake
ds-job-070,125,48.82,23.87,0.0,cooling,independent,lazy-fake
ds-job-070,126,52.9,24.4,0.0,cooling,independent,lazy-fake
ds-job-070,127,49.35,22.14,0.0,cooling,independent,lazy-fake
ds-job-070,128,43.61,25.48,0.0,cooling,independent,lazy-fake
ds-job-070,129,50.63,25.04,0.0,cooling,independent,lazy-fake
ds-job-070,130,43.98,25.0,0.0,cooling,independent,lazy-fake
ds-job-071,0,43.76,26.06,0.0,idle,independent,legitimate
ds-job-071,1,55.38,28.69,0.0,idle,independent,legitimate
ds-job-071,2,52.29,23.44,0.0,idle,independent,legitimate
ds-job-071,3,51.47,25.2,0.0,idle,independent,legitimate
ds-job-071,4,45.55,25.4,0.0,idle,independent,legitimate
ds-job-071,5,51.28,25.49,0.0,idle,independent,legitimate
ds-job-071,6,201.28,86.48,0.0,heating,independent,legitimate
ds-job-071,7,202.26,125.1,0.0,heating,independent,legitimate
ds-job-071,8,205.7,127.14,0.0,heating,independent,legitimate
ds-job-071,9,216.06,104.34,0.0,heating,independent,legitimate
ds-job-071,10,242.64,68.38,0.0,heating,independent,legitimate
ds-job-071,11,174.86,92.37,0.0,heating,independent,legitimate
ds-job-071,12,200.53,121.56,0.0,heating,independent,legitimate
ds-job-071,13,206.97,177.21,0.0,heating,independent,legitimate
ds-job-071,14,195.67,148.53,0.0,heating,independent,legitimate
ds-job-071,15,194.35,69.54,0.0,heating,independent,legitimate
ds-job-071,16,196.6,96.1,0.0,heating,independent,legitimate
ds-job-071,17,211.05,115.4,0.0,heating,independent,legitimate
ds-job-071,18,193.18,113.73,0.0,heating,independent,legitimate
ds-job-071,19,221.85,139.83,0.0,heating,independent,legitimate
ds-job-071,20,225.08,65.61,0.0,heating,independent,legitimate
ds-job-071,21,202.34,125.7,0.0,heating,independent,legitimate
ds-job-071,22,206.89,104.11,0.0,heating,independent,legitimate
ds-job-071,23,188.35,95.13,0.0,heating,independent,legitimate
ds-job-071,24,260.0,112.88,0.0,heating,independent,legitimate
ds-job-071,25,330.68,207.07,12.06,printing,independent,legitimate
ds-job-071,26,379.26,212.64,12.91,printing,independent,legitimate
ds-job-071,27,343.68,210.26,9.86,printing,independent,legitimate
ds-job-071,28,329.17,208.04,10.33,printing,independent,legitimate
ds-job-071,29,328.81,210.22,12.27,printing,independent,legitimate
ds-job-071,30,362.72,209.62,11.49,printing,independent,legitimate
ds-job-071,31,367.48,214.74,13.67,printing,independent,legitimate
ds-job-071,32,361.24,209.09,10.66,printing,independent,legitimate
ds-job-071,33,341.73,207.75,10.93,printing,independent,legitimate
ds-job-071,34,373.28,211.52,10.82,printing,independent,legitimate
ds-job-071,35,334.25,211.39,10.72,printing,independent,legitimate
ds-job-071,36,358.5,216.73,10.77,printing,independent,legitimate
ds-job-071,37,346.03,209.08,12.37,printing,independent,legitimate
ds-job-071,38,360.49,208.74,10.92,printing,independent,legitimate
ds-job-071,39,357.45,213.06,12.18,printing,independent,legitimate
ds-job-071,40,354.92,205.38,11.05,printing,independent,legitimate
ds-job-071,41,352.33,209.41,11.89,printing,independent,legitimate
ds-job-071,42,323.17,206.12,14.61,printing,independent,legitimate
ds-job-071,43,371.36,211.01,11.95,printing,independent,legitimate
ds-job-071,44,364.5,206.22,12.27,printing,independent,legitimate
ds-job-071,45,378.18,211.51,13.12,printing,independent,legitimate
ds-job-071,46,345.1,214.54,10.23,printing,independent,legitimate
ds-job-071,47,340.4,205.37,10.78,printing,independent,legitimate
ds-job-071,48,328.13,207.02,11.73,printing,independent,legitimate
ds-job-071,49,338.26,204.91,12.41,printing,independent,legitimate
ds-job-071,50,336.0,212.17,12.75,printing,independent,legitimate
ds-job-071,51,354.13,208.72,10.49,printing,independent,legitimate
ds-job-071,52,371.13,209.14,9.61,printing,independent,legitimate
ds-job-071,53,366.35,213.78,11.49,printing,independent,legitimate
ds-job-071,54,335.75,207.39,10.31,printing,independent,legitimate
ds-job-071,55,340.54,203.7,11.62,printing,independent,legitimate
ds-job-071,56,358.25,208.95,12.58,printing,independent,legitimate
ds-job-071,57,371.79,209.44,11.41,printing,independent,legitimate
ds-job-071,58,355.53,207.86,10.74,printing,independent,legitimate
ds-job-071,59,385.5,210.14,12.01,printing,independent,legitimate
ds-job-071,60,337.25,211.58,11.15,printing,independent,legitimate
ds-job-071,61,348.65,211.6,13.86,printing,independent,legitimate
ds-job-071,62,343.33,212.3,10.68,printing,independent,legitimate
ds-job-071,63,322.23,206.1,10.37,printing,independent,legitimate
ds-job-071,64,344.73,208.74,10.34,printing,independent,legitimate
ds-job-071,65,343.85,209.23,11.39,printing,independent,legitimate
ds-job-071,66,341.78,207.74,11.87,printing,independent,legitimate
ds-job-071,67,350.83,209.8,11.89,printing,independent,legitimate
ds-job-071,68,381.61,212.99,9.55,printing,independent,legitimate
ds-job-071,69,376.21,205.54,12.65,printing,independent,legitimate
ds-job-071,70,325.1,207.85,12.46,printing,independent,legitimate
ds-job-071,71,352.68,209.04,11.09,printing,independent,legitimate
ds-job-071,72,346.94,204.74,10.37,printing,independent,legitimate
ds-job-071,73,364.87,208.48,12.2,printing,independent,legitimate
ds-job-071,74,352.45,212.82,9.72,printing,independent,legitimate
ds-job-071,75,343.47,214.16,11.81,printing,independent,legitimate
ds-job-071,76,340.63,205.64,12.16,printing,independent,legitimate
ds-job-071,77,359.36,206.62,11.73,printing,independent,legitimate
ds-job-071,78,339.61,214.9,11.53,printing,independent,legitimate
ds-job-071,79,357.84,207.34,11.87,printing,independent,legitimate
ds-job-071,80,344.61,208.92,11.32,printing,independent,legitimate
ds-job-071,81,353.82,200.54,12.13,printing,independent,legitimate
ds-job-071,82,356.58,205.77,9.02,printing,independent,legitimate
ds-job-071,83,325.67,214.46,10.77,printing,independent,legitimate
ds-job-071,84,345.03,206.46,10.87,printing,independent,legitimate
ds-job-071,85,308.13,215.68,9.26,printing,independent,legitimate
ds-job-071,86,359.05,205.48,13.54,printing,independent,legitimate
ds-job-071,87,337.09,210.22,12.98,printing,independent,legitimate
ds-job-071,88,361.03,209.95,11.72,printing,independent,legitimate
ds-job-071,89,330.02,206.04,10.44,printing,independent,legitimate
ds-job-071,90,361.46,208.24,10.55,printing,independent,legitimate
ds-job-071,91,346.18,210.44,10.3,printing,independent,legitimate
ds-job-071,92,383.44,208.3,10.0,printing,independent,legitimate
ds-job-071,93,358.46,212.76,11.9,printing,independent,legitimate
ds-job-071,94,368.82,209.22,12.32,printing,independent,legitimate
ds-job-071,95,351.65,211.71,12.59,printing,independent,legitimate
ds-job-071,96,323.3,206.29,11.89,printing,independent,legitimate
ds-job-071,97,335.86,211.26,12.24,printing,independent,legitimate
ds-job-071,98,344.26,207.45,12.19,printing,independent,legitimate
ds-job-071,99,349.81,213.35,13.36,printing,independent,legitimate
ds-job-071,100,342.58,206.38,12.12,printing,independent,legitimate
ds-job-071,101,330.67,213.53,12.09,printing,independent,legitimate
ds-job-071,102,368.23,210.42,10.07,printing,independent,legitimate
ds-job-071,103,301.12,209.21,9.12,printing,independent,legitimate
ds-job-071,104,360.3,211.58,14.5,printing,independent,legitimate
ds-job-071,105,348.18,214.8,10.46,printing,independent,legitimate
ds-job-071,106,343.05,207.78,9.39,printing,independent,legitimate
ds-job-071,107,327.37,206.01,11.73,printing,independent,legitimate
ds-job-071,108,341.12,208.02,9.14,printing,independent,legitimate
ds-job-071,109,350.39,212.22,13.22,printing,independent,legitimate
ds-job-071,110,351.87,207.32,11.26,printing,independent,legitimate
ds-job-071,111,362.93,212.13,12.61,printing,independent,legitimate
ds-job-071,112,336.9,206.58,11.47,printing,independent,legitimate
ds-job-071,113,349.95,207.23,11.59,printing,independent,legitimate
ds-job-071,114,348.9,213.45,12.34,printing,independent,legitimate
ds-job-071,115,72.81,84.29,0.0,cooling,independent,legitimate
ds-job-071,116,52.29,125.6,0.0,cooling,independent,legitimate
ds-job-071,117,66.9,149.74,0.0,cooling,independent,legitimate
ds-job-071,118,58.59,131.97,0.0,cooling,independent,legitimate
ds-job-071,119,61.73,162.21,0.0,cooling,independent,legitimate
ds-job-071,120,56.92,130.44,0.0,cooling,independent,legitimate
ds-job-071,121,70.42,114.65,0.0,cooling,independent,legitimate
ds-job-071,122,65.48,72.64,0.0,cooling,independent,legitimate
ds-job-071,123,72.56,153.72,0.0,cooling,independent,legitimate
ds-job-071,124,69.63,160.4,0.0,cooling,independent,legitimate
ds-job-071,125,51.19,91.26,0.0,cooling,independent,legitimate
ds-job-071,126,53.92,110.89,0.0,cooling,independent,legitimate
ds-job-072,0,53.56,24.76,0.0,idle,independent,legitimate
ds-job-072,1,48.79,22.44,0.0,idle,independent,legitimate
ds-job-072,2,46.16,23.82,0.0,idle,independent,legitimate
ds-job-072,3,42.28,23.47,0.0,idle,independent,legitimate
ds-job-072,4,50.32,27.63,0.0,idle,independent,legitimate
ds-job-072,5,207.6,137.62,0.0,heating,independent,legitimate
ds-job-072,6,190.79,106.47,0.0,heating,independent,legitimate
ds-job-072,7,189.23,118.75,0.0,heating,independent,legitimate
ds-job-072,8,230.89,122.27,0.0,heating,independent,legitimate
ds-job-072,9,211.61,106.36,0.0,heating,independent,legitimate
ds-job-072,10,233.47,86.73,0.0,heating,independent,legitimate
ds-job-072,11,223.44,111.18,0.0,heating,independent,legitimate
ds-job-072,12,219.21,76.8,0.0,heating,independent,legitimate
ds-job-072,13,229.54,130.92,0.0,heating,independent,legitimate
ds-job-072,14,198.3,92.11,0.0,heating,independent,legitimate
ds-job-072,15,195.75,93.05,0.0,heating,independent,legitimate
ds-job-072,16,174.08,74.26,0.0,heating,independent,legitimate
ds-job-072,17,227.15,150.95,0.0,heating,independent,legitimate
ds-job-072,18,180.8,95.37,0.0,heating,independent,legitimate
ds-job-072,19,220.2,154.13,0.0,heating,independent,legitimate
ds-job-072,20,322.23,210.12,10.58,printing,independent,legitimate
ds-job-072,21,333.09,211.9,9.77,printing,independent,legitimate
ds-job-072,22,334.86,207.84,10.5,printing,independent,legitimate
ds-job-072,23,333.91,205.44,13.09,printing,independent,legitimate
ds-job-072,24,327.63,208.07,12.6,printing,independent,legitimate
ds-job-072,25,356.81,213.46,11.29,printing,independent,legitimate
ds-job-072,26,353.94,208.82,10.66,printing,independent,legitimate
ds-job-072,27,351.78,204.13,10.88,printing,independent,legitimate
ds-job-072,28,346.01,207.79,9.6,printing,independent,legitimate
ds-job-072,29,342.3,212.44,12.78,printing,independent,legitimate
ds-job-072,30,337.14,208.32,9.98,printing,independent,legitimate
ds-job-072,31,355.18,208.37,12.58,printing,independent,legitimate
ds-job-072,32,370.73,204.37,11.04,printing,independent,legitimate
ds-job-072,33,366.21,209.05,8.98,printing,independent,legitimate
ds-job-072,34,333.18,210.24,12.34,printing,independent,legitimate
ds-job-072,35,335.15,206.0,11.8,printing,independent,legitimate
ds-job-072,36,338.2,205.58,11.15,printing,independent,legitimate
ds-job-072,37,367.15,207.66,10.43,printing,independent,legitimate
ds-job-072,38,386.24,206.63,12.03,printing,independent,legitimate
ds-job-072,39,364.12,204.64,13.19,printing,independent,legitimate
ds-job-072,40,358.23,207.71,11.07,printing,independent,legitimate
ds-job-072,41,322.21,211.96,10.93,printing,independent,legitimate
ds-job-072,42,339.86,207.03,14.39,printing,independent,legitimate
ds-job-072,43,369.15,212.49,10.99,printing,independent,legitimate
ds-job-072,44,341.02,208.56,12.61,printing,independent,legitimate
ds-job-072,45,306.5,205.46,12.84,printing,independent,legitimate
ds-job-072,46,345.83,208.86,12.22,printing,independent,legitimate
ds-job-072,47,368.54,209.54,11.3,printing,independent,legitimate
ds-job-072,48,345.18,209.77,10.65,printing,independent,legitimate
ds-job-072,49,345.47,209.37,10.06,printing,independent,legitimate
ds-job-072,50,336.37,209.7,13.07,printing,independent,legitimate
ds-job-072,51,319.58,210.24,11.15,printing,independent,legitimate
ds-job-072,52,347.16,205.64,12.05,printing,independent,legitimate
ds-job-072,53,344.25,212.84,10.13,printing,independent,legitimate
ds-job-072,54,339.89,215.87,12.83,printing,independent,legitimate
ds-job-072,55,361.92,216.07,12.38,printing,independent,legitimate
ds-job-072,56,372.91,217.02,9.69,printing,independent,legitimate
ds-job-072,57,344.15,209.97,11.94,printing,independent,legitimate
ds-job-072,58,345.29,211.35,12.3,printing,independent,legitimate
ds-job-072,59,372.31,206.59,11.93,printing,independent,legitimate
ds-job-072,60,349.81,207.52,10.61,printing,independent,legitimate
ds-job-072,61,319.82,203.64,12.96,printing,independent,legitimate
ds-job-072,62,326.66,207.15,12.54,printing,independent,legitimate
ds-job-072,63,355.89,204.73,11.77,printing,independent,legitimate
ds-job-072,64,327.68,213.15,11.41,printing,independent,legitimate
ds-job-072,65,389.26,207.97,11.43,printing,independent,legitimate
ds-job-072,66,360.77,206.24,10.91,printing,independent,legitimate
ds-job-072,67,322.72,208.81,11.43,printing,independent,legitimate
ds-job-072,68,355.58,206.95,11.51,printing,independent,legitimate
ds-job-072,69,367.15,208.32,10.13,printing,independent,legitimate
ds-job-072,70,338.33,209.42,12.18,printing,independent,legitimate
ds-job-072,71,359.44,209.56,12.27,printing,independent,legitimate
ds-job-072,72,322.89,209.34,10.43,printing,independent,legitimate
ds-job-072,73,367.64,211.31,10.51,printing,independent,legitimate
ds-job-072,74,353.93,215.23,12.88,printing,independent,legitimate
ds-job-072,75,348.38,207.84,14.1,printing,independent,legitimate
ds-job-072,76,304.53,204.97,9.75,printing,independent,legitimate
ds-job-072,77,353.67,206.21,10.24,printing,independent,legitimate
ds-job-072,78,345.24,207.41,10.7,printing,independent,legitimate
ds-job-072,79,362.06,207.78,14.06,printing,independent,legitimate
ds-job-072,80,335.08,204.77,12.06,printing,independent,legitimate
ds-job-072,81,351.15,207.27,13.53,printing,independent,legitimate
ds-job-072,82,329.99,205.06,10.71,printing,independent,legitimate
ds-job-072,83,381.52,210.07,11.01,printing,independent,legitimate
ds-job-072,84,333.93,204.4,11.38,printing,independent,legitimate
ds-job-072,85,365.36,205.71,12.65,printing,independent,legitimate
ds-job-072,86,345.56,213.19,13.35,printing,independent,legitimate
ds-job-072,87,355.3,206.22,11.73,printing,independent,legitimate
ds-job-072,88,342.51,207.75,11.23,printing,independent,legitimate
ds-job-072,89,375.07,207.97,11.52,printing,independent,legitimate
ds-job-072,90,389.57,208.39,10.31,printing,independent,legitimate
ds-job-072,91,344.89,206.57,12.01,printing,independent,legitimate
ds-job-072,92,388.69,208.07,11.24,printing,independent,legitimate
ds-job-072,93,355.42,210.35,13.05,printing,independent,legitimate
ds-job-072,94,344.12,200.71,9.79,printing,independent,legitimate
ds-job-072,95,355.91,208.78,11.5,printing,independent,legitimate
ds-job-072,96,57.04,183.41,0.0,cooling,independent,legitimate
ds-job-072,97,63.69,99.9,0.0,cooling,independent,legitimate
ds-job-072,98,72.98,130.53,0.0,cooling,independent,legitimate
ds-job-072,99,66.58,117.94,0.0,cooling,independent,legitimate
ds-job-072,100,54.29,131.82,0.0,cooling,independent,legitimate
ds-job-072,101,70.76,153.32,0.0,cooling,independent,legitimate
ds-job-072,102,56.02,120.88,0.0,cooling,independent,legitimate
ds-job-072,103,59.56,101.3,0.0,cooling,independent,legitimate
ds-job-072,104,56.01,145.14,0.0,cooling,independent,legitimate
ds-job-072,105,66.64,107.13,0.0,cooling,independent,legitimate
ds-job-073,0,49.96,21.84,0.0,idle,independent,legitimate
ds-job-073,1,49.24,22.64,0.0,idle,independent,legitimate
ds-job-073,2,53.11,26.56,0.0,idle,independent,legitimate
ds-job-073,3,47.38,25.9,0.0,idle,independent,legitimate
ds-job-073,4,45.92,23.46,0.0,idle,independent,legitimate
ds-job-073,5,49.59,24.8,0.0,idle,independent,legitimate
ds-job-073,6,51.81,23.84,0.0,idle,independent,legitimate
ds-job-073,7,182.56,110.14,0.0,heating,independent,legitimate
ds-job-073,8,201.62,94.01,0.0,heating,independent,legitimate
ds-job-073,9,193.4,168.16,0.0,heating,independent,legitimate
ds-job-073,10,210.48,185.95,0.0,heating,independent,legitimate
ds-job-073,11,222.95,104.22,0.0,heating,independent,legitimate
ds-job-073,12,216.65,92.54,0.0,heating,independent,legitimate
ds-job-073,13,182.98,107.17,0.0,heating,independent,legitimate
ds-job-073,14,210.29,143.17,0.0,heating,independent,legitimate
ds-job-073,15,212.81,95.17,0.0,heating,independent,legitimate
ds-job-073,16,199.55,110.78,0.0,heating,independent,legitimate
ds-job-073,17,193.58,122.59,0.0,heating,independent,legitimate
ds-job-073,18,153.6,101.03,0.0,heating,independent,legitimate
ds-job-073,19,187.58,124.06,0.0,heating,independent,legitimate
ds-job-073,20,194.49,114.85,0.0,heating,independent,legitimate
ds-job-073,21,224.91,74.43,0.0,heating,independent,legitimate
ds-job-073,22,201.48,86.67,0.0,heating,independent,legitimate
ds-job-073,23,241.76,93.27,0.0,heating,independent,legitimate
ds-job-073,24,199.68,128.27,0.0,heating,independent,legitimate
ds-job-073,25,192.15,84.4,0.0,heating,independent,legitimate
ds-job-073,26,211.38,118.2,0.0,heating,independent,legitimate
ds-job-073,27,207.38,53.78,0.0,heating,independent,legitimate
ds-job-073,28,203.74,152.27,0.0,heating,independent,legitimate
ds-job-073,29,339.1,211.97,10.78,printing,independent,legitimate
ds-job-073,30,349.63,205.4,9.65,printing,independent,legitimate
ds-job-073,31,348.34,208.59,11.44,printing,independent,legitimate
ds-job-073,32,373.68,213.87,10.85,printing,independent,legitimate
ds-job-073,33,345.53,207.02,12.64,printing,independent,legitimate
ds-job-073,34,349.4,213.05,10.85,printing,independent,legitimate
ds-job-073,35,326.26,206.65,9.85,printing,independent,legitimate
ds-job-073,36,380.01,209.14,11.67,printing,independent,legitimate
ds-job-073,37,307.91,212.28,11.73,printing,independent,legitimate
ds-job-073,38,372.96,213.44,9.76,printing,independent,legitimate
ds-job-073,39,355.76,207.96,9.9,printing,independent,legitimate
ds-job-073,40,373.4,200.0,9.22,printing,independent,legitimate
ds-job-073,41,347.96,215.17,12.45,printing,independent,legitimate
ds-job-073,42,334.56,205.53,12.54,printing,independent,legitimate
ds-job-073,43,347.28,208.13,12.32,printing,independent,legitimate
ds-job-073,44,311.39,208.19,10.56,printing,independent,legitimate
ds-job-073,45,344.95,205.68,10.12,printing,independent,legitimate
ds-job-073,46,349.78,205.01,11.5,printing,independent,legitimate
ds-job-073,47,351.43,209.99,10.84,printing,independent,legitimate
ds-job-073,48,356.15,208.06,12.78,printing,independent,legitimate
ds-job-073,49,328.31,208.73,10.13,printing,independent,legitimate
ds-job-073,50,332.4,213.87,11.14,printing,independent,legitimate
ds-job-073,51,366.88,205.44,10.01,printing,independent,legitimate
ds-job-073,52,362.43,206.14,11.86,printing,independent,legitimate
ds-job-073,53,349.46,211.45,11.62,printing,independent,legitimate
ds-job-073,54,366.84,210.75,11.24,printing,independent,legitimate
ds-job-073,55,327.07,209.0,12.82,printing,independent,legitimate
ds-job-073,56,350.42,207.19,11.09,printing,independent,legitimate
ds-job-073,57,338.7,212.28,12.19,printing,independent,legitimate
ds-job-073,58,344.05,207.29,12.15,printing,independent,legitimate
ds-job-073,59,335.71,205.49,11.16,printing,independent,legitimate
ds-job-073,60,348.64,211.57,11.83,printing,independent,legitimate
ds-job-073,61,356.58,211.16,12.66,printing,independent,legitimate
ds-job-073,62,338.19,208.65,12.26,printing,independent,legitimate
ds-job-073,63,368.65,206.06,9.94,printing,independent,legitimate
ds-job-073,64,319.91,206.56,11.12,printing,independent,legitimate
ds-job-073,65,349.17,206.32,12.49,printing,independent,legitimate
ds-job-073,66,354.8,207.81,11.38,printing,independent,legitimate
ds-job-073,67,371.52,212.66,11.73,printing,independent,legitimate
ds-job-073,68,366.18,208.55,12.17,printing,independent,legitimate
ds-job-073,69,349.82,208.47,11.37,printing,independent,legitimate
ds-job-073,70,356.79,207.62,12.69,printing,independent,legitimate
ds-job-073,71,353.89,205.39,10.53,printing,independent,legitimate
ds-job-073,72,353.02,210.47,11.5,printing,independent,legitimate
ds-job-073,73,378.67,207.39,11.46,printing,independent,legitimate
ds-job-073,74,338.11,210.01,10.21,printing,independent,legitimate
ds-job-073,75,352.33,214.83,12.47,printing,independent,legitimate
ds-job-073,76,345.03,212.35,12.47,printing,independent,legitimate
ds-job-073,77,342.22,217.51,10.93,printing,independent,legitimate
ds-job-073,78,373.66,208.08,9.86,printing,independent,legitimate
ds-job-073,79,357.06,208.94,11.91,printing,independent,legitimate
ds-job-073,80,375.65,214.66,11.14,printing,independent,legitimate
ds-job-073,81,346.58,209.03,8.86,printing,independent,legitimate
ds-job-073,82,350.27,215.38,10.17,printing,independent,legitimate
ds-job-073,83,371.56,209.16,12.8,printing,independent,legitimate
ds-job-073,84,335.44,208.76,11.3,printing,independent,legitimate
ds-job-073,85,380.73,205.4,10.75,printing,independent,legitimate
ds-job-073,86,335.4,208.22,11.21,printing,independent,legitimate
ds-job-073,87,339.57,210.13,10.83,printing,independent,legitimate
ds-job-073,88,355.14,205.89,12.61,printing,independent,legitimate
ds-job-073,89,355.56,208.29,12.74,printing,independent,legitimate
ds-job-073,90,335.07,204.44,8.94,printing,independent,legitimate
ds-job-073,91,347.19,209.14,10.5,printing,independent,legitimate
ds-job-073,92,324.24,210.16,12.5,printing,independent,legitimate
ds-job-073,93,352.74,209.71,10.25,printing,independent,legitimate
ds-job-073,94,352.18,204.41,12.19,printing,independent,legitimate
ds-job-073,95,346.05,209.94,9.24,printing,independent,legitimate
ds-job-073,96,330.56,212.89,13.08,printing,independent,legitimate
ds-job-073,97,344.72,206.07,9.47,printing,independent,legitimate
ds-job-073,98,306.9,212.16,10.71,printing,independent,legitimate
ds-job-073,99,346.61,209.74,11.98,printing,independent,legitimate
ds-job-073,100,348.39,207.89,12.85,printing,independent,legitimate
ds-job-073,101,311.8,209.23,12.26,printing,independent,legitimate
ds-job-073,102,345.21,207.19,11.55,printing,independent,legitimate
ds-job-073,103,328.25,209.8,9.52,printing,independent,legitimate
ds-job-073,104,327.55,211.41,12.0,printing,independent,legitimate
ds-job-073,105,392.58,210.99,10.5,printing,independent,legitimate
ds-job-073,106,337.97,210.92,11.27,printing,independent,legitimate
ds-job-073,107,347.48,200.93,10.14,printing,independent,legitimate
ds-job-073,108,387.67,210.81,11.27,printing,independent,legitimate
ds-job-073,109,359.4,211.99,10.66,printing,independent,legitimate
ds-job-073,110,348.31,211.9,10.7,printing,independent,legitimate
ds-job-073,111,347.35,208.41,12.3,printing,independent,legitimate
ds-job-073,112,355.86,208.53,12.43,printing,independent,legitimate
ds-job-073,113,351.08,204.39,11.06,printing,independent,legitimate
ds-job-073,114,363.22,210.31,10.17,printing,independent,legitimate
ds-job-073,115,329.3,208.53,11.37,printing,independent,legitimate
ds-job-073,116,342.15,210.22,10.96,printing,independent,legitimate
ds-job-073,117,336.26,214.07,12.1,printing,independent,legitimate
ds-job-073,118,340.18,207.29,10.8,printing,independent,legitimate
ds-job-073,119,373.71,205.64,10.96,printing,independent,legitimate
ds-job-073,120,354.44,209.96,11.83,printing,independent,legitimate
ds-job-073,121,373.64,214.22,11.39,printing,independent,legitimate
ds-job-073,122,326.27,207.36,11.21,printing,independent,legitimate
ds-job-073,123,367.64,207.08,13.07,printing,independent,legitimate
ds-job-073,124,362.66,212.59,11.17,printing,independent,legitimate
ds-job-073,125,340.72,212.25,12.46,printing,independent,legitimate
ds-job-073,126,342.09,213.98,11.84,printing,independent,legitimate
ds-job-073,127,360.25,214.05,9.67,printing,independent,legitimate
ds-job-073,128,346.85,205.32,11.24,printing,independent,legitimate
ds-job-073,129,355.87,206.56,11.0,printing,independent,legitimate
ds-job-073,130,374.6,206.85,11.96,printing,independent,legitimate
ds-job-073,131,347.69,209.12,11.19,printing,independent,legitimate
ds-job-073,132,328.51,206.72,12.44,printing,independent,legitimate
ds-job-073,133,360.89,211.69,11.09,printing,independent,legitimate
ds-job-073,134,355.33,208.37,13.77,printing,independent,legitimate
ds-job-073,135,68.53,110.41,0.0,cooling,independent,legitimate
ds-job-073,136,71.53,165.84,0.0,cooling,independent,legitimate
ds-job-073,137,76.79,126.32,0.0,cooling,independent,legitimate
ds-job-073,138,52.95,103.37,0.0,cooling,independent,legitimate
ds-job-073,139,59.55,96.01,0.0,cooling,independent,legitimate
ds-job-073,140,63.17,159.87,0.0,cooling,independent,legitimate
ds-job-073,141,76.59,148.78,0.0,cooling,independent,legitimate
ds-job-073,142,69.98,88.46,0.0,cooling,independent,legitimate
ds-job-073,143,68.28,68.78,0.0,cooling,independent,legitimate
ds-job-073,144,65.19,124.74,0.0,cooling,independent,legitimate
ds-job-073,145,40.85,101.18,0.0,cooling,independent,legitimate
ds-job-073,146,67.46,94.42,0.0,cooling,independent,legitimate
ds-job-073,147,58.06,154.64,0.0,cooling,independent,legitimate
ds-job-073,148,68.88,135.42,0.0,cooling,independent,legitimate
ds-job-073,149,68.07,96.47,0.0,cooling,independent,legitimate
ds-job-074,0,52.53,25.26,0.0,idle,independent,legitimate
ds-job-074,1,48.34,24.85,0.0,idle,independent,legitimate
ds-job-074,2,53.53,23.65,0.0,idle,independent,legitimate
ds-job-074,3,45.67,23.47,0.0,idle,independent,legitimate
ds-job-074,4,49.85,26.57,0.0,idle,independent,legitimate
ds-job-074,5,53.95,24.78,0.0,idle,independent,legitimate
ds-job-074,6,49.04,27.59,0.0,idle,independent,legitimate
ds-job-074,7,210.1,112.03,0.0,heating,independent,legitimate
ds-job-074,8,204.1,157.98,0.0,heating,independent,legitimate
ds-job-074,9,194.76,136.87,0.0,heating,independent,legitimate
ds-job-074,10,169.02,138.95,0.0,heating,independent,legitimate
ds-job-074,11,219.27,137.13,0.0,heating,independent,legitimate
ds-job-074,12,205.37,92.57,0.0,heating,independent,legitimate
ds-job-074,13,223.29,145.68,0.0,heating,independent,legitimate
ds-job-074,14,223.02,122.79,0.0,heating,independent,legitimate
ds-job-074,15,195.2,168.39,0.0,heating,independent,legitimate
ds-job-074,16,218.2,128.35,0.0,heating,independent,legitimate
ds-job-074,17,222.45,80.12,0.0,heating,independent,legitimate
ds-job-074,18,231.45,145.33,0.0,heating,independent,legitimate
ds-job-074,19,178.24,178.46,0.0,heating,independent,legitimate
ds-job-074,20,199.59,158.94,0.0,heating,independent,legitimate
ds-job-074,21,199.51,135.65,0.0,heating,independent,legitimate
ds-job-074,22,218.95,120.12,0.0,heating,independent,legitimate
ds-job-074,23,238.21,93.89,0.0,heating,independent,legitimate
ds-job-074,24,220.33,137.03,0.0,heating,independent,legitimate
ds-job-074,25,205.91,56.09,0.0,heating,independent,legitimate
ds-job-074,26,199.52,103.67,0.0,heating,independent,legitimate
ds-job-074,27,186.79,154.65,0.0,heating,independent,legitimate
ds-job-074,28,160.07,127.42,0.0,heating,independent,legitimate
ds-job-074,29,200.57,106.85,0.0,heating,independent,legitimate
ds-job-074,30,342.11,206.63,10.51,printing,independent,legitimate
ds-job-074,31,361.73,204.92,10.76,printing,independent,legitimate
ds-job-074,32,333.91,209.4,10.88,printing,independent,legitimate
ds-job-074,33,324.0,210.62,9.95,printing,independent,legitimate
ds-job-074,34,363.75,209.61,11.84,printing,independent,legitimate
ds-job-074,35,344.21,208.64,10.16,printing,independent,legitimate
ds-job-074,36,353.09,208.75,12.98,printing,independent,legitimate
ds-job-074,37,359.8,208.78,10.85,printing,independent,legitimate
ds-job-074,38,350.04,207.9,9.9,printing,independent,legitimate
ds-job-074,39,317.79,210.76,11.1,printing,independent,legitimate
ds-job-074,40,352.78,209.54,10.88,printing,independent,legitimate
ds-job-074,41,356.97,208.05,11.46,printing,independent,legitimate
ds-job-074,42,358.88,208.59,11.54,printing,independent,legitimate
ds-job-074,43,343.77,211.37,12.32,printing,independent,legitimate
ds-job-074,44,353.26,215.61,9.57,printing,independent,legitimate
ds-job-074,45,340.25,206.7,12.64,printing,independent,legitimate
ds-job-074,46,351.1,207.25,10.67,printing,independent,legitimate
ds-job-074,47,314.19,208.61,11.59,printing,independent,legitimate
ds-job-074,48,328.75,210.7,9.66,printing,independent,legitimate
ds-job-074,49,358.22,210.57,12.62,printing,independent,legitimate
ds-job-074,50,384.66,213.06,11.12,printing,independent,legitimate
ds-job-074,51,338.83,210.13,8.93,printing,independent,legitimate
ds-job-074,52,355.37,207.17,10.7,printing,independent,legitimate
ds-job-074,53,368.42,208.2,11.35,printing,independent,legitimate
ds-job-074,54,362.65,213.46,12.65,printing,independent,legitimate
ds-job-074,55,357.57,208.73,12.0,printing,independent,legitimate
ds-job-074,56,362.97,211.59,12.15,printing,independent,legitimate
ds-job-074,57,314.16,210.61,11.9,printing,independent,legitimate
ds-job-074,58,354.81,207.29,10.61,printing,independent,legitimate
ds-job-074,59,360.28,209.27,9.73,printing,independent,legitimate
ds-job-074,60,381.46,208.5,10.6,printing,independent,legitimate
ds-job-074,61,361.3,203.42,12.13,printing,independent,legitimate
ds-job-074,62,339.52,210.52,13.15,printing,independent,legitimate
ds-job-074,63,361.65,211.26,10.18,printing,independent,legitimate
ds-job-074,64,319.96,212.95,14.03,printing,independent,legitimate
ds-job-074,65,339.71,207.64,12.8,printing,independent,legitimate
ds-job-074,66,337.13,212.19,12.91,printing,independent,legitimate
ds-job-074,67,346.44,211.8,11.18,printing,independent,legitimate
ds-job-074,68,366.23,214.39,9.27,printing,independent,legitimate
ds-job-074,69,358.63,206.77,13.85,printing,independent,legitimate
ds-job-074,70,350.59,207.54,10.52,printing,independent,legitimate
ds-job-074,71,335.17,206.91,9.53,printing,independent,legitimate
ds-job-074,72,335.0,207.8,10.45,printing,independent,legitimate
ds-job-074,73,343.47,212.73,9.53,printing,independent,legitimate
ds-job-074,74,350.29,202.0,12.74,printing,independent,legitimate
ds-job-074,75,368.13,209.11,11.82,printing,independent,legitimate
ds-job-074,76,337.39,209.98,8.88,printing,independent,legitimate
ds-job-074,77,345.24,206.3,10.07,printing,independent,legitimate
ds-job-074,78,337.21,209.48,10.18,printing,independent,legitimate
ds-job-074,79,350.67,210.54,12.63,printing,independent,legitimate
ds-job-074,80,345.61,212.05,10.76,printing,independent,legitimate
ds-job-074,81,335.57,211.6,12.03,printing,independent,legitimate
ds-job-074,82,355.77,205.23,12.11,printing,independent,legitimate
ds-job-074,83,369.47,207.46,13.08,printing,independent,legitimate
ds-job-074,84,380.92,209.61,11.18,printing,independent,legitimate
ds-job-074,85,379.48,209.01,13.01,printing,independent,legitimate
ds-job-074,86,376.07,210.1,11.76,printing,independent,legitimate
ds-job-074,87,364.67,210.48,10.54,printing,independent,legitimate
ds-job-074,88,346.75,210.43,11.07,printing,independent,legitimate
ds-job-074,89,371.64,212.19,10.82,printing,independent,legitimate
ds-job-074,90,366.53,205.45,9.46,printing,independent,legitimate
ds-job-074,91,360.61,207.01,11.07,printing,independent,legitimate
ds-job-074,92,369.04,210.01,11.61,printing,independent,legitimate
ds-job-074,93,343.94,210.3,9.84,printing,independent,legitimate
ds-job-074,94,335.08,204.13,11.13,printing,independent,legitimate
ds-job-074,95,353.54,204.46,11.01,printing,independent,legitimate
ds-job-074,96,355.04,204.94,11.48,printing,independent,legitimate
ds-job-074,97,368.36,206.85,10.56,printing,independent,legitimate
ds-job-074,98,336.79,210.96,12.01,printing,independent,legitimate
ds-job-074,99,343.09,207.78,13.55,printing,independent,legitimate
ds-job-074,100,362.24,212.43,12.0,printing,independent,legitimate
ds-job-074,101,334.6,210.67,11.26,printing,independent,legitimate
ds-job-074,102,370.73,208.27,12.56,printing,independent,legitimate
ds-job-074,103,352.8,213.85,10.4,printing,independent,legitimate
ds-job-074,104,343.27,203.86,8.86,printing,independent,legitimate
ds-job-074,105,365.28,206.01,10.95,printing,independent,legitimate
ds-job-074,106,328.83,208.66,13.41,printing,independent,legitimate
ds-job-074,107,350.26,210.99,11.57,printing,independent,legitimate
ds-job-074,108,375.5,212.43,11.23,printing,independent,legitimate
ds-job-074,109,365.34,204.9,10.99,printing,independent,legitimate
ds-job-074,110,376.55,209.92,10.73,printing,independent,legitimate
ds-job-074,111,350.92,212.35,12.73,printing,independent,legitimate
ds-job-074,112,340.2,206.7,9.7,printing,independent,legitimate
ds-job-074,113,330.04,210.15,11.65,printing,independent,legitimate
ds-job-074,114,349.7,212.48,11.39,printing,independent,legitimate
ds-job-074,115,351.28,210.92,11.29,printing,independent,legitimate
ds-job-074,116,367.63,200.0,11.51,printing,independent,legitimate
ds-job-074,117,358.71,211.57,9.94,printing,independent,legitimate
ds-job-074,118,378.12,207.63,9.61,printing,independent,legitimate
ds-job-074,119,338.36,211.93,11.42,printing,independent,legitimate
ds-job-074,120,358.66,212.86,12.44,printing,independent,legitimate
ds-job-074,121,339.16,206.63,10.59,printing,independent,legitimate
ds-job-074,122,368.45,206.77,11.38,printing,independent,legitimate
ds-job-074,123,340.62,209.64,11.35,printing,independent,legitimate
ds-job-074,124,352.48,209.31,11.04,printing,independent,legitimate
ds-job-074,125,366.37,208.9,10.53,printing,independent,legitimate
ds-job-074,126,345.11,210.11,11.34,printing,independent,legitimate
ds-job-074,127,367.41,207.2,13.37,printing,independent,legitimate
ds-job-074,128,361.13,208.09,12.1,printing,independent,legitimate
ds-job-074,129,375.55,209.66,11.6,printing,independent,legitimate
ds-job-074,130,348.33,211.11,11.65,printing,independent,legitimate
ds-job-074,131,337.52,210.76,11.94,printing,independent,legitimate
ds-job-074,132,353.52,207.61,12.24,printing,independent,legitimate
ds-job-074,133,365.8,208.2,11.16,printing,independent,legitimate
ds-job-074,134,330.38,208.37,11.56,printing,independent,legitimate
ds-job-074,135,346.4,209.47,11.29,printing,independent,legitimate
ds-job-074,136,357.52,208.54,11.14,printing,independent,legitimate
ds-job-074,137,361.63,214.06,11.92,printing,independent,legitimate
ds-job-074,138,348.6,205.53,11.22,printing,independent,legitimate
ds-job-074,139,337.98,207.23,12.69,printing,independent,legitimate
ds-job-074,140,356.63,203.65,12.42,printing,independent,legitimate
ds-job-074,141,338.05,204.67,12.36,printing,independent,legitimate
ds-job-074,142,342.52,209.88,11.46,printing,independent,legitimate
ds-job-074,143,66.22,167.57,0.0,cooling,independent,legitimate
ds-job-074,144,61.91,77.21,0.0,cooling,independent,legitimate
ds-job-074,145,65.38,104.81,0.0,cooling,independent,legitimate
ds-job-074,146,69.45,113.18,0.0,cooling,independent,legitimate
ds-job-074,147,70.11,143.3,0.0,cooling,independent,legitimate
ds-job-074,148,65.91,128.06,0.0,cooling,independent,legitimate
ds-job-074,149,71.08,112.67,0.0,cooling,independent,legitimate
ds-job-074,150,74.89,77.09,0.0,cooling,independent,legitimate
ds-job-074,151,76.22,73.17,0.0,cooling,independent,legitimate
ds-job-074,152,78.09,140.51,0.0,cooling,independent,legitimate
ds-job-074,153,72.87,80.71,0.0,cooling,independent,legitimate
ds-job-074,154,65.2,145.18,0.0,cooling,independent,legitimate
ds-job-074,155,80.27,142.95,0.0,cooling,independent,legitimate
ds-job-074,156,57.42,136.72,0.0,cooling,independent,legitimate
ds-job-074,157,58.4,160.12,0.0,cooling,independent,legitimate
ds-job-075,0,48.02,25.6,0.0,idle,independent,lazy-fake
ds-job-075,1,46.62,26.22,0.0,idle,independent,lazy-fake
ds-job-075,2,49.58,28.06,0.0,idle,independent,lazy-fake
ds-job-075,3,51.15,30.0,0.0,idle,independent,lazy-fake
ds-job-075,4,47.79,27.92,0.0,idle,independent,lazy-fake
ds-job-075,5,51.72,24.94,0.0,idle,independent,lazy-fake
ds-job-075,6,50.92,27.1,0.0,idle,independent,lazy-fake
ds-job-075,7,49.14,24.93,0.0,idle,independent,lazy-fake
ds-job-075,8,49.92,23.86,0.0,heating,independent,lazy-fake
ds-job-075,9,46.58,26.39,0.0,heating,independent,lazy-fake
ds-job-075,10,45.82,26.56,0.0,heating,independent,lazy-fake
ds-job-075,11,49.12,23.25,0.0,heating,independent,lazy-fake
ds-job-075,12,43.67,26.1,0.0,heating,independent,lazy-fake
ds-job-075,13,49.5,22.31,0.0,heating,independent,lazy-fake
ds-job-075,14,45.12,21.99,0.0,heating,independent,lazy-fake
ds-job-075,15,54.12,26.15,0.0,heating,independent,lazy-fake
ds-job-075,16,48.06,24.73,0.0,heating,independent,lazy-fake
ds-job-075,17,49.61,23.24,0.0,heating,independent,lazy-fake
ds-job-075,18,54.45,26.04,0.0,heating,independent,lazy-fake
ds-job-075,19,49.16,25.24,0.0,heating,independent,lazy-fake
ds-job-075,20,46.19,24.43,0.0,heating,independent,lazy-fake
ds-job-075,21,51.88,25.74,0.0,heating,independent,lazy-fake
ds-job-075,22,50.59,24.71,0.0,heating,independent,lazy-fake
ds-job-075,23,49.3,25.19,0.0,heating,independent,lazy-fake
ds-job-075,24,48.76,24.62,0.0,heating,independent,lazy-fake
ds-job-075,25,48.02,24.79,0.0,heating,independent,lazy-fake
ds-job-075,26,41.37,23.9,0.0,heating,independent,lazy-fake
ds-job-075,27,51.16,22.25,0.0,heating,independent,lazy-fake
ds-job-075,28,44.47,25.15,0.0,heating,independent,lazy-fake
ds-job-075,29,45.95,22.53,0.0,heating,independent,lazy-fake
ds-job-075,30,51.72,25.93,0.0,heating,independent,lazy-fake
ds-job-075,31,53.15,28.1,0.0,heating,independent,lazy-fake
ds-job-075,32,50.36,24.75,0.0,heating,independent,lazy-fake
ds-job-075,33,51.38,27.12,0.0,printing,independent,lazy-fake
ds-job-075,34,54.6,23.03,0.0,printing,independent,lazy-fake
ds-job-075,35,48.61,25.09,0.0,printing,independent,lazy-fake
ds-job-075,36,48.4,24.78,0.0,printing,independent,lazy-fake
ds-job-075,37,50.0,23.24,0.0,printing,independent,lazy-fake
ds-job-075,38,47.17,25.05,0.0,printing,independent,lazy-fake
ds-job-075,39,47.98,25.65,0.0,printing,independent,lazy-fake
ds-job-075,40,50.77,26.01,0.0,printing,independent,lazy-fake
ds-job-075,41,48.45,23.98,0.0,printing,independent,lazy-fake
ds-job-075,42,53.39,23.86,0.0,printing,independent,lazy-fake
ds-job-075,43,56.67,24.5,0.0,printing,independent,lazy-fake
ds-job-075,44,46.99,27.68,0.0,printing,independent,lazy-fake
ds-job-075,45,51.2,27.31,0.0,printing,independent,lazy-fake
ds-job-075,46,53.01,23.11,0.0,printing,independent,lazy-fake
ds-job-075,47,54.75,24.66,0.0,printing,independent,lazy-fake
ds-job-075,48,48.38,24.87,0.0,printing,independent,lazy-fake
ds-job-075,49,48.75,26.97,0.0,printing,independent,lazy-fake
ds-job-075,50,42.38,24.2,0.0,printing,independent,lazy-fake
ds-job-075,51,48.78,23.5,0.0,printing,independent,lazy-fake
ds-job-075,52,58.2,25.77,0.0,printing,independent,lazy-fake
ds-job-075,53,53.95,26.33,0.0,printing,independent,lazy-fake
ds-job-075,54,50.59,22.25,0.0,printing,independent,lazy-fake
ds-job-075,55,50.41,26.15,0.0,printing,independent,lazy-fake
ds-job-075,56,44.33,26.28,0.0,printing,independent,lazy-fake
ds-job-075,57,47.63,22.28,0.0,printing,independent,lazy-fake
ds-job-075,58,42.47,23.36,0.0,printing,independent,lazy-fake
ds-job-075,59,48.02,24.18,0.0,printing,independent,lazy-fake
ds-job-075,60,48.05,24.52,0.0,printing,independent,lazy-fake
ds-job-075,61,53.03,23.63,0.0,printing,independent,lazy-fake
ds-job-075,62,55.1,25.46,0.0,printing,independent,lazy-fake
ds-job-075,63,47.98,25.53,0.0,printing,independent,lazy-fake
ds-job-075,64,50.66,23.61,0.0,printing,independent,lazy-fake
ds-job-075,65,49.74,23.05,0.0,printing,independent,lazy-fake
ds-job-075,66,52.11,27.69,0.0,printing,independent,lazy-fake
ds-job-075,67,51.86,24.39,0.0,printing,independent,lazy-fake
ds-job-075,68,50.49,26.34,0.0,printing,independent,lazy-fake
ds-job-075,69,44.14,24.28,0.0,printing,independent,lazy-fake
ds-job-075,70,43.55,25.99,0.0,printing,independent,lazy-fake
ds-job-075,71,50.66,25.47,0.0,printing,independent,lazy-fake
ds-job-075,72,45.82,24.65,0.0,printing,independent,lazy-fake
ds-job-075,73,51.97,25.74,0.0,printing,independent,lazy-fake
ds-job-075,74,48.79,23.74,0.0,printing,independent,lazy-fake
ds-job-075,75,49.2,25.33,0.0,printing,independent,lazy-fake
ds-job-075,76,53.28,24.46,0.0,printing,independent,lazy-fake
ds-job-075,77,49.95,23.36,0.0,printing,independent,lazy-fake
ds-job-075,78,48.17,25.62,0.0,printing,independent,lazy-fake
ds-job-075,79,55.8,20.0,0.0,printing,independent,lazy-fake
ds-job-075,80,51.04,26.27,0.0,printing,independent,lazy-fake
ds-job-075,81,56.17,24.43,0.0,printing,independent,lazy-fake
ds-job-075,82,43.65,24.99,0.0,printing,independent,lazy-fake
ds-job-075,83,42.88,22.23,0.0,printing,independent,lazy-fake
ds-job-075,84,56.09,21.99,0.0,printing,independent,lazy-fake
ds-job-075,85,56.1,26.87,0.0,printing,independent,lazy-fake
ds-job-075,86,46.96,25.38,0.0,printing,independent,lazy-fake
ds-job-075,87,50.8,25.7,0.0,printing,independent,lazy-fake
ds-job-075,88,53.05,23.53,0.0,printing,independent,lazy-fake
ds-job-075,89,56.3,23.02,0.0,printing,independent,lazy-fake
ds-job-075,90,52.53,24.32,0.0,printing,independent,lazy-fake
ds-job-075,91,47.43,29.19,0.0,printing,independent,lazy-fake
ds-job-075,92,46.46,29.82,0.0,printing,independent,lazy-fake
ds-job-075,93,52.28,25.34,0.0,printing,independent,lazy-fake
ds-job-075,94,47.57,25.16,0.0,printing,independent,lazy-fake
ds-job-075,95,53.67,22.24,0.0,printing,independent,lazy-fake
ds-job-075,96,55.88,22.83,0.0,printing,independent,lazy-fake
ds-job-075,97,51.24,23.25,0.0,printing,independent,lazy-fake
ds-job-075,98,49.27,24.16,0.0,printing,independent,lazy-fake
ds-job-075,99,45.93,25.08,0.0,printing,independent,lazy-fake
ds-job-075,100,48.34,25.48,0.0,printing,independent,lazy-fake
ds-job-075,101,51.36,23.62,0.0,printing,independent,lazy-fake
ds-job-075,102,48.79,21.85,0.0,printing,independent,lazy-fake
ds-job-075,103,49.33,27.81,0.0,printing,independent,lazy-fake
ds-job-075,104,51.39,23.89,0.0,printing,independent,lazy-fake
ds-job-075,105,54.04,23.92,0.0,printing,independent,lazy-fake
ds-job-075,106,50.75,25.04,0.0,printing,independent,lazy-fake
ds-job-075,107,47.55,29.05,0.0,printing,independent,lazy-fake
ds-job-075,108,48.04,28.09,0.0,printing,independent,lazy-fake
ds-job-075,109,54.01,24.98,0.0,printing,independent,lazy-fake
ds-job-075,110,45.54,26.3,0.0,printing,independent,lazy-fake
ds-job-075,111,47.47,25.29,0.0,printing,independent,lazy-fake
ds-job-075,112,51.91,24.3,0.0,printing,independent,lazy-fake
ds-job-075,113,50.65,26.03,0.0,printing,independent,lazy-fake
ds-job-075,114,50.81,28.32,0.0,printing,independent,lazy-fake
ds-job-075,115,50.19,25.15,0.0,printing,independent,lazy-fake
ds-job-075,116,56.3,23.41,0.0,printing,independent,lazy-fake
ds-job-075,117,52.01,23.81,0.0,printing,independent,lazy-fake
ds-job-075,118,49.16,27.17,0.0,printing,independent,lazy-fake
ds-job-075,119,49.24,23.61,0.0,printing,independent,lazy-fake
ds-job-075,120,50.48,21.96,0.0,printing,independent,lazy-fake
ds-job-075,121,46.32,23.56,0.0,printing,independent,lazy-fake
ds-job-075,122,46.34,21.53,0.0,printing,independent,lazy-fake
ds-job-075,123,49.25,26.63,0.0,printing,independent,lazy-fake
ds-job-075,124,47.51,23.87,0.0,printing,independent,lazy-fake
ds-job-075,125,49.54,23.09,0.0,printing,independent,lazy-fake
ds-job-075,126,45.68,25.04,0.0,printing,independent,lazy-fake
ds-job-075,127,49.77,24.8,0.0,printing,independent,lazy-fake
ds-job-075,128,55.29,23.77,0.0,printing,independent,lazy-fake
ds-job-075,129,48.94,26.71,0.0,printing,independent,lazy-fake
ds-job-075,130,48.19,23.3,0.0,printing,independent,lazy-fake
ds-job-075,131,48.91,25.42,0.0,printing,independent,lazy-fake
ds-job-075,132,49.91,28.06,0.0,printing,independent,lazy-fake
ds-job-075,133,51.75,27.6,0.0,printing,independent,lazy-fake
ds-job-075,134,47.68,24.79,0.0,printing,independent,lazy-fake
ds-job-075,135,53.41,26.34,0.0,printing,independent,lazy-fake
ds-job-075,136,48.3,27.12,0.0,printing,independent,lazy-fake
ds-job-075,137,52.75,24.52,0.0,printing,independent,lazy-fake
ds-job-075,138,45.49,23.8,0.0,printing,independent,lazy-fake
ds-job-075,139,51.3,24.8,0.0,printing,independent,lazy-fake
ds-job-075,140,53.29,25.93,0.0,printing,independent,lazy-fake
ds-job-075,141,47.26,24.73,0.0,printing,independent,lazy-fake
ds-job-075,142,47.23,22.67,0.0,printing,independent,lazy-fake
ds-job-075,143,54.8,25.87,0.0,printing,independent,lazy-fake
ds-job-075,144,48.28,23.73,0.0,printing,independent,lazy-fake
ds-job-075,145,47.35,27.11,0.0,printing,independent,lazy-fake
ds-job-075,146,52.46,24.4,0.0,printing,independent,lazy-fake
ds-job-075,147,52.46,25.79,0.0,printing,independent,lazy-fake
ds-job-075,148,48.09,24.59,0.0,printing,independent,lazy-fake
ds-job-075,149,52.07,23.72,0.0,printing,independent,lazy-fake
ds-job-075,150,46.52,26.63,0.0,printing,independent,lazy-fake
ds-job-075,151,56.71,24.69,0.0,printing,independent,lazy-fake
ds-job-075,152,49.15,24.0,0.0,printing,independent,lazy-fake
ds-job-075,153,46.93,25.19,0.0,cooling,independent,lazy-fake
ds-job-075,154,48.02,24.98,0.0,cooling,independent,lazy-fake
ds-job-075,155,50.74,25.4,0.0,cooling,independent,lazy-fake
ds-job-075,156,53.3,24.68,0.0,cooling,independent,lazy-fake
ds-job-075,157,44.88,25.46,0.0,cooling,independent,lazy-fake
ds-job-075,158,49.23,24.68,0.0,cooling,independent,lazy-fake
ds-job-075,159,47.7,26.46,0.0,cooling,independent,lazy-fake
ds-job-075,160,50.19,20.49,0.0,cooling,independent,lazy-fake
ds-job-075,161,50.42,25.16,0.0,cooling,independent,lazy-fake
ds-job-075,162,50.25,24.65,0.0,cooling,independent,lazy-fake
ds-job-075,163,49.2,23.23,0.0,cooling,independent,lazy-fake
ds-job-075,164,54.9,25.69,0.0,cooling,independent,lazy-fake
ds-job-075,165,48.12,26.88,0.0,cooling,independent,lazy-fake
ds-job-075,166,50.33,23.39,0.0,cooling,independent,lazy-fake
ds-job-075,167,53.08,24.12,0.0,cooling,independent,lazy-fake
ds-job-075,168,51.41,24.0,0.0,cooling,independent,lazy-fake
ds-job-075,169,51.79,25.99,0.0,cooling,independent,lazy-fake
ds-job-076,0,48.79,26.13,0.0,idle,independent,sabotaged
ds-job-076,1,48.86,25.26,0.0,idle,independent,sabotaged
ds-job-076,2,48.1,28.17,0.0,idle,independent,sabotaged
ds-job-076,3,48.85,24.17,0.0,idle,independent,sabotaged
ds-job-076,4,43.13,23.48,0.0,idle,independent,sabotaged
ds-job-076,5,157.16,72.65,0.0,heating,independent,sabotaged
ds-job-076,6,212.8,164.7,0.0,heating,independent,sabotaged
ds-job-076,7,196.36,98.71,0.0,heating,independent,sabotaged
ds-job-076,8,226.32,143.78,0.0,heating,independent,sabotaged
ds-job-076,9,186.81,137.87,0.0,heating,independent,sabotaged
ds-job-076,10,173.48,74.24,0.0,heating,independent,sabotaged
ds-job-076,11,190.61,106.84,0.0,heating,independent,sabotaged
ds-job-076,12,213.76,146.8,0.0,heating,independent,sabotaged
ds-job-076,13,198.15,151.95,0.0,heating,independent,sabotaged
ds-job-076,14,180.57,89.11,0.0,heating,independent,sabotaged
ds-job-076,15,221.32,144.03,0.0,heating,independent,sabotaged
ds-job-076,16,187.83,81.72,0.0,heating,independent,sabotaged
ds-job-076,17,225.21,136.89,0.0,heating,independent,sabotaged
ds-job-076,18,184.65,119.15,0.0,heating,independent,sabotaged
ds-job-076,19,178.87,131.27,0.0,heating,independent,sabotaged
ds-job-076,20,366.06,211.65,13.54,printing,independent,sabotaged
ds-job-076,21,341.99,204.35,11.61,printing,independent,sabotaged
ds-job-076,22,365.93,211.17,12.41,printing,independent,sabotaged
ds-job-076,23,335.62,212.4,10.35,printing,independent,sabotaged
ds-job-076,24,331.2,207.15,12.59,printing,independent,sabotaged
ds-job-076,25,340.24,206.04,12.11,printing,independent,sabotaged
ds-job-076,26,326.2,209.57,11.27,printing,independent,sabotaged
ds-job-076,27,344.26,203.65,10.22,printing,independent,sabotaged
ds-job-076,28,330.3,209.43,8.11,printing,independent,sabotaged
ds-job-076,29,331.46,211.99,9.31,printing,independent,sabotaged
ds-job-076,30,373.46,207.63,10.74,printing,independent,sabotaged
ds-job-076,31,349.45,201.53,11.15,printing,independent,sabotaged
ds-job-076,32,334.11,210.4,9.85,printing,independent,sabotaged
ds-job-076,33,346.72,210.12,13.36,printing,independent,sabotaged
ds-job-076,34,348.68,211.11,9.99,printing,independent,sabotaged
ds-job-076,35,379.73,208.68,11.12,printing,independent,sabotaged
ds-job-076,36,385.78,208.84,11.42,printing,independent,sabotaged
ds-job-076,37,345.19,211.09,10.75,printing,independent,sabotaged
ds-job-076,38,352.72,212.68,12.24,printing,independent,sabotaged
ds-job-076,39,334.22,212.72,10.92,printing,independent,sabotaged
ds-job-076,40,350.48,215.53,11.37,printing,independent,sabotaged
ds-job-076,41,355.81,208.22,13.61,printing,independent,sabotaged
ds-job-076,42,346.92,210.81,10.59,printing,independent,sabotaged
ds-job-076,43,337.22,210.27,13.47,printing,independent,sabotaged
ds-job-076,44,379.94,213.02,11.77,printing,independent,sabotaged
ds-job-076,45,340.03,209.65,11.99,printing,independent,sabotaged
ds-job-076,46,349.74,213.68,9.92,printing,independent,sabotaged
ds-job-076,47,352.56,213.23,13.73,printing,independent,sabotaged
ds-job-076,48,347.57,209.07,12.16,printing,independent,sabotaged
ds-job-076,49,359.37,209.79,9.16,printing,independent,sabotaged
ds-job-076,50,336.04,208.3,11.19,printing,independent,sabotaged
ds-job-076,51,353.69,211.46,10.98,printing,independent,sabotaged
ds-job-076,52,363.01,209.98,11.16,printing,independent,sabotaged
ds-job-076,53,337.32,208.49,11.99,printing,independent,sabotaged
ds-job-076,54,317.36,209.24,10.09,printing,independent,sabotaged
ds-job-076,55,290.0,205.48,0.0,printing,independent,sabotaged
ds-job-076,56,290.0,209.38,0.0,printing,independent,sabotaged
ds-job-076,57,342.96,205.89,11.35,printing,independent,sabotaged
ds-job-076,58,342.15,209.84,10.83,printing,independent,sabotaged
ds-job-076,59,360.35,206.42,14.53,printing,independent,sabotaged
ds-job-076,60,360.54,208.22,12.36,printing,independent,sabotaged
ds-job-076,61,338.23,214.86,11.45,printing,independent,sabotaged
ds-job-076,62,338.97,203.9,12.96,printing,independent,sabotaged
ds-job-076,63,354.73,207.57,11.65,printing,independent,sabotaged
ds-job-076,64,362.99,211.97,10.1,printing,independent,sabotaged
ds-job-076,65,329.86,209.15,11.9,printing,independent,sabotaged
ds-job-076,66,341.42,209.64,12.51,printing,independent,sabotaged
ds-job-076,67,327.31,211.19,13.5,printing,independent,sabotaged
ds-job-076,68,356.59,208.23,13.65,printing,independent,sabotaged
ds-job-076,69,344.1,213.26,12.58,printing,independent,sabotaged
ds-job-076,70,353.91,210.64,10.96,printing,independent,sabotaged
ds-job-076,71,339.34,209.75,11.98,printing,independent,sabotaged
ds-job-076,72,337.39,206.82,10.94,printing,independent,sabotaged
ds-job-076,73,344.01,207.17,11.22,printing,independent,sabotaged
ds-job-076,74,342.98,202.58,11.96,printing,independent,sabotaged
ds-job-076,75,356.91,213.18,11.37,printing,independent,sabotaged
ds-job-076,76,338.24,210.52,11.61,printing,independent,sabotaged
ds-job-076,77,374.28,204.14,11.75,printing,independent,sabotaged
ds-job-076,78,357.67,209.15,10.17,printing,independent,sabotaged
ds-job-076,79,362.7,213.56,13.57,printing,independent,sabotaged
ds-job-076,80,373.17,206.94,12.12,printing,independent,sabotaged
ds-job-076,81,352.07,212.23,11.92,printing,independent,sabotaged
ds-job-076,82,328.88,209.23,10.08,printing,independent,sabotaged
ds-job-076,83,349.42,208.87,12.93,printing,independent,sabotaged
ds-job-076,84,307.55,208.68,12.06,printing,independent,sabotaged
ds-job-076,85,339.92,208.37,12.39,printing,independent,sabotaged
ds-job-076,86,341.01,212.86,9.81,printing,independent,sabotaged
ds-job-076,87,349.24,210.73,12.81,printing,independent,sabotaged
ds-job-076,88,338.55,207.55,13.62,printing,independent,sabotaged
ds-job-076,89,353.85,211.97,11.61,printing,independent,sabotaged
ds-job-076,90,62.75,133.7,0.0,cooling,independent,sabotaged
ds-job-076,91,57.53,101.81,0.0,cooling,independent,sabotaged
ds-job-076,92,77.94,166.96,0.0,cooling,independent,sabotaged
ds-job-076,93,81.0,143.96,0.0,cooling,independent,sabotaged
ds-job-076,94,67.33,50.75,0.0,cooling,independent,sabotaged
ds-job-076,95,65.11,124.21,0.0,cooling,independent,sabotaged
ds-job-076,96,62.08,116.46,0.0,cooling,independent,sabotaged
ds-job-076,97,58.27,77.76,0.0,cooling,independent,sabotaged
ds-job-076,98,73.46,124.65,0.0,cooling,independent,sabotaged
ds-job-076,99,65.21,144.06,0.0,cooling,independent,sabotaged
ds-job-077,0,44.09,24.91,0.0,idle,independent,legitimate
ds-job-077,1,51.11,25.01,0.0,idle,independent,legitimate
ds-job-077,2,51.44,25.06,0.0,idle,independent,legitimate
ds-job-077,3,44.64,25.85,0.0,idle,independent,legitimate
ds-job-077,4,50.52,24.03,0.0,idle,independent,legitimate
ds-job-077,5,43.45,25.32,0.0,idle,independent,legitimate
ds-job-077,6,49.14,27.49,0.0,idle,independent,legitimate
ds-job-077,7,202.08,98.5,0.0,heating,independent,legitimate
ds-job-077,8,185.11,148.07,0.0,heating,independent,legitimate
ds-job-077,9,196.34,76.52,0.0,heating,independent,legitimate
ds-job-077,10,213.97,178.63,0.0,heating,independent,legitimate
ds-job-077,11,205.95,128.31,0.0,heating,independent,legitimate
ds-job-077,12,200.82,137.9,0.0,heating,independent,legitimate
ds-job-077,13,227.69,117.69,0.0,heating,independent,legitimate
ds-job-077,14,164.75,127.29,0.0,heating,independent,legitimate
ds-job-077,15,181.88,93.71,0.0,heating,independent,legitimate
ds-job-077,16,215.16,77.08,0.0,heating,independent,legitimate
ds-job-077,17,205.43,115.77,0.0,heating,independent,legitimate
ds-job-077,18,194.36,106.2,0.0,heating,independent,legitimate
ds-job-077,19,217.9,143.64,0.0,heating,independent,legitimate
ds-job-077,20,186.71,113.33,0.0,heating,independent,legitimate
ds-job-077,21,204.82,122.02,0.0,heating,independent,legitimate
ds-job-077,22,177.36,142.58,0.0,heating,independent,legitimate
ds-job-077,23,231.71,103.73,0.0,heating,independent,legitimate
ds-job-077,24,196.58,149.44,0.0,heating,independent,legitimate
ds-job-077,25,199.08,144.79,0.0,heating,independent,legitimate
ds-job-077,26,229.04,30.0,0.0,heating,independent,legitimate
ds-job-077,27,208.46,96.85,0.0,heating,independent,legitimate
ds-job-077,28,211.09,131.44,0.0,heating,independent,legitimate
ds-job-077,29,343.03,213.49,13.26,printing,independent,legitimate
ds-job-077,30,350.66,205.35,11.26,printing,independent,legitimate
ds-job-077,31,345.07,204.74,10.05,printing,independent,legitimate
ds-job-077,32,309.81,213.43,14.05,printing,independent,legitimate
ds-job-077,33,354.14,210.21,12.09,printing,independent,legitimate
ds-job-077,34,352.11,204.18,11.9,printing,independent,legitimate
ds-job-077,35,319.74,206.58,10.66,printing,independent,legitimate
ds-job-077,36,366.63,203.74,12.21,printing,independent,legitimate
ds-job-077,37,345.49,208.25,11.66,printing,independent,legitimate
ds-job-077,38,367.66,206.48,13.48,printing,independent,legitimate
ds-job-077,39,329.89,207.8,13.82,printing,independent,legitimate
ds-job-077,40,371.6,207.52,12.26,printing,independent,legitimate
ds-job-077,41,335.68,210.71,9.59,printing,independent,legitimate
ds-job-077,42,381.0,208.02,12.49,printing,independent,legitimate
ds-job-077,43,370.62,211.59,10.23,printing,independent,legitimate
ds-job-077,44,363.93,208.38,10.84,printing,independent,legitimate
ds-job-077,45,332.86,205.04,11.24,printing,independent,legitimate
ds-job-077,46,336.1,206.95,11.81,printing,independent,legitimate
ds-job-077,47,359.4,209.53,9.68,printing,independent,legitimate
ds-job-077,48,349.31,206.45,11.94,printing,independent,legitimate
ds-job-077,49,366.34,207.92,9.29,printing,independent,legitimate
ds-job-077,50,326.57,207.74,13.09,printing,independent,legitimate
ds-job-077,51,310.71,206.16,12.16,printing,independent,legitimate
ds-job-077,52,363.1,209.47,10.51,printing,independent,legitimate
ds-job-077,53,363.52,209.91,11.97,printing,independent,legitimate
ds-job-077,54,355.22,212.42,12.32,printing,independent,legitimate
ds-job-077,55,350.4,209.97,12.82,printing,independent,legitimate
ds-job-077,56,351.8,205.96,12.07,printing,independent,legitimate
ds-job-077,57,358.54,205.85,12.23,printing,independent,legitimate
ds-job-077,58,350.36,207.72,14.02,printing,independent,legitimate
ds-job-077,59,381.13,207.19,10.76,printing,independent,legitimate
ds-job-077,60,368.68,206.64,12.22,printing,independent,legitimate
ds-job-077,61,361.77,207.53,11.77,printing,independent,legitimate
ds-job-077,62,360.72,208.5,10.35,printing,independent,legitimate
ds-job-077,63,344.12,209.99,12.94,printing,independent,legitimate
ds-job-077,64,343.01,206.55,11.02,printing,independent,legitimate
ds-job-077,65,349.25,209.34,10.3,printing,independent,legitimate
ds-job-077,66,336.72,203.07,10.49,printing,independent,legitimate
ds-job-077,67,359.44,210.38,11.48,printing,independent,legitimate
ds-job-077,68,358.14,211.36,12.74,printing,independent,legitimate
ds-job-077,69,326.84,210.22,9.99,printing,independent,legitimate
ds-job-077,70,365.83,202.94,10.28,printing,independent,legitimate
ds-job-077,71,344.7,214.97,10.79,printing,independent,legitimate
ds-job-077,72,359.91,208.02,10.64,printing,independent,legitimate
ds-job-077,73,377.38,213.74,12.91,printing,independent,legitimate
ds-job-077,74,367.83,205.04,12.27,printing,independent,legitimate
ds-job-077,75,361.25,207.48,10.84,printing,independent,legitimate
ds-job-077,76,360.02,205.83,9.43,printing,independent,legitimate
ds-job-077,77,339.81,213.99,10.21,printing,independent,legitimate
ds-job-077,78,362.71,207.53,10.54,printing,independent,legitimate
ds-job-077,79,330.0,207.24,11.55,printing,independent,legitimate
ds-job-077,80,310.57,206.67,12.7,printing,independent,legitimate
ds-job-077,81,352.71,209.28,13.6,printing,independent,legitimate
ds-job-077,82,336.11,207.25,9.95,printing,independent,legitimate
ds-job-077,83,350.17,211.2,13.64,printing,independent,legitimate
ds-job-077,84,324.57,215.63,9.29,printing,independent,legitimate
ds-job-077,85,323.46,214.76,10.19,printing,independent,legitimate
ds-job-077,86,353.91,217.58,11.28,printing,independent,legitimate
ds-job-077,87,321.26,216.78,9.85,printing,independent,legitimate
ds-job-077,88,330.54,207.88,9.86,printing,independent,legitimate
ds-job-077,89,369.45,204.38,8.82,printing,independent,legitimate
ds-job-077,90,371.65,214.39,11.51,printing,independent,legitimate
ds-job-077,91,371.14,212.59,11.87,printing,independent,legitimate
ds-job-077,92,365.84,208.92,10.47,printing,independent,legitimate
ds-job-077,93,320.92,210.01,13.16,printing,independent,legitimate
ds-job-077,94,328.15,204.97,12.58,printing,independent,legitimate
ds-job-077,95,364.31,210.73,13.15,printing,independent,legitimate
ds-job-077,96,350.65,208.46,11.95,printing,independent,legitimate
ds-job-077,97,351.19,209.08,13.79,printing,independent,legitimate
ds-job-077,98,341.15,208.77,10.72,printing,independent,legitimate
ds-job-077,99,336.81,206.88,9.49,printing,independent,legitimate
ds-job-077,100,371.72,212.6,13.75,printing,independent,legitimate
ds-job-077,101,365.99,208.77,10.56,printing,independent,legitimate
ds-job-077,102,358.87,214.39,8.95,printing,independent,legitimate
ds-job-077,103,359.21,211.18,9.45,printing,independent,legitimate
ds-job-077,104,349.37,208.87,11.81,printing,independent,legitimate
ds-job-077,105,377.74,200.46,12.81,printing,independent,legitimate
ds-job-077,106,358.57,209.02,10.6,printing,independent,legitimate
ds-job-077,107,373.41,209.27,10.95,printing,independent,legitimate
ds-job-077,108,334.31,217.4,10.95,printing,independent,legitimate
ds-job-077,109,348.94,206.85,10.85,printing,independent,legitimate
ds-job-077,110,367.43,206.74,10.68,printing,independent,legitimate
ds-job-077,111,341.64,212.29,13.39,printing,independent,legitimate
ds-job-077,112,348.95,205.37,11.62,printing,independent,legitimate
ds-job-077,113,381.03,206.76,12.08,printing,independent,legitimate
ds-job-077,114,356.92,208.81,11.37,printing,independent,legitimate
ds-job-077,115,343.92,212.26,10.54,printing,independent,legitimate
ds-job-077,116,360.33,211.9,10.07,printing,independent,legitimate
ds-job-077,117,322.36,213.87,11.12,printing,independent,legitimate
ds-job-077,118,356.07,208.8,12.95,printing,independent,legitimate
ds-job-077,119,330.7,210.46,12.2,printing,independent,legitimate
ds-job-077,120,346.33,213.62,12.74,printing,independent,legitimate
ds-job-077,121,339.52,202.45,11.53,printing,independent,legitimate
ds-job-077,122,353.45,214.23,10.49,printing,independent,legitimate
ds-job-077,123,330.93,211.54,10.78,printing,independent,legitimate
ds-job-077,124,348.29,206.85,9.93,printing,independent,legitimate
ds-job-077,125,340.25,210.18,12.6,printing,independent,legitimate
ds-job-077,126,331.36,201.06,10.88,printing,independent,legitimate
ds-job-077,127,362.9,217.0,10.73,printing,independent,legitimate
ds-job-077,128,327.96,209.25,10.46,printing,independent,legitimate
ds-job-077,129,323.43,205.95,10.2,printing,independent,legitimate
ds-job-077,130,363.48,207.45,11.33,printing,independent,legitimate
ds-job-077,131,354.27,203.21,12.34,printing,independent,legitimate
ds-job-077,132,385.82,206.05,12.65,printing,independent,legitimate
ds-job-077,133,357.9,206.24,12.42,printing,independent,legitimate
ds-job-077,134,347.55,210.31,10.87,printing,independent,legitimate
ds-job-077,135,355.49,202.87,15.0,printing,independent,legitimate
ds-job-077,136,333.09,204.97,11.16,printing,independent,legitimate
ds-job-077,137,51.05,107.23,0.0,cooling,independent,legitimate
ds-job-077,138,59.32,109.68,0.0,cooling,independent,legitimate
ds-job-077,139,68.57,129.1,0.0,cooling,independent,legitimate
ds-job-077,140,69.27,73.34,0.0,cooling,independent,legitimate
ds-job-077,141,70.47,109.75,0.0,cooling,independent,legitimate
ds-job-077,142,77.47,144.65,0.0,cooling,independent,legitimate
ds-job-077,143,80.93,125.61,0.0,cooling,independent,legitimate
ds-job-077,144,76.04,113.87,0.0,cooling,independent,legitimate
ds-job-077,145,59.18,112.52,0.0,cooling,independent,legitimate
ds-job-077,146,70.03,132.91,0.0,cooling,independent,legitimate
ds-job-077,147,71.35,178.78,0.0,cooling,independent,legitimate
ds-job-077,148,69.16,132.65,0.0,cooling,independent,legitimate
ds-job-077,149,58.36,168.99,0.0,cooling,independent,legitimate
ds-job-077,150,66.71,88.33,0.0,cooling,independent,legitimate
ds-job-077,151,64.33,113.03,0.0,cooling,independent,legitimate
ds-job-078,0,51.18,26.9,0.0,idle,independent,lazy-fake
ds-job-078,1,50.26,24.21,0.0,idle,independent,lazy-fake
ds-job-078,2,46.23,24.8,0.0,idle,independent,lazy-fake
ds-job-078,3,50.03,24.08,0.0,idle,independent,lazy-fake
ds-job-078,4,46.61,25.42,0.0,idle,independent,lazy-fake
ds-job-078,5,48.39,26.26,0.0,idle,independent,lazy-fake
ds-job-078,6,57.0,26.19,0.0,idle,independent,lazy-fake
ds-job-078,7,53.67,23.59,0.0,idle,independent,lazy-fake
ds-job-078,8,53.15,22.37,0.0,heating,independent,lazy-fake
ds-job-078,9,52.89,23.12,0.0,heating,independent,lazy-fake
ds-job-078,10,50.63,25.5,0.0,heating,independent,lazy-fake
ds-job-078,11,43.06,22.94,0.0,heating,independent,lazy-fake
ds-job-078,12,55.78,23.74,0.0,heating,independent,lazy-fake
ds-job-078,13,48.56,25.49,0.0,heating,independent,lazy-fake
ds-job-078,14,46.88,26.35,0.0,heating,independent,lazy-fake
ds-job-078,15,48.26,24.59,0.0,heating,independent,lazy-fake
ds-job-078,16,49.27,22.99,0.0,heating,independent,lazy-fake
ds-job-078,17,48.92,27.25,0.0,heating,independent,lazy-fake
ds-job-078,18,52.31,27.04,0.0,heating,independent,lazy-fake
ds-job-078,19,47.2,22.05,0.0,heating,independent,lazy-fake
ds-job-078,20,46.73,25.57,0.0,heating,independent,lazy-fake
ds-job-078,21,57.39,25.31,0.0,heating,independent,lazy-fake
ds-job-078,22,59.85,23.28,0.0,heating,independent,lazy-fake
ds-job-078,23,51.99,24.6,0.0,heating,independent,lazy-fake
ds-job-078,24,50.83,25.43,0.0,heating,independent,lazy-fake
ds-job-078,25,45.41,25.65,0.0,heating,independent,lazy-fake
ds-job-078,26,49.17,22.73,0.0,heating,independent,lazy-fake
ds-job-078,27,47.96,24.57,0.0,heating,independent,lazy-fake
ds-job-078,28,51.84,24.81,0.0,heating,independent,lazy-fake
ds-job-078,29,48.95,24.09,0.0,heating,independent,lazy-fake
ds-job-078,30,53.23,24.68,0.0,heating,independent,lazy-fake
ds-job-078,31,48.07,27.62,0.0,heating,independent,lazy-fake
ds-job-078,32,55.34,25.33,0.0,heating,independent,lazy-fake
ds-job-078,33,57.22,24.67,0.0,printing,independent,lazy-fake
ds-job-078,34,50.63,26.27,0.0,printing,independent,lazy-fake
ds-job-078,35,50.55,25.0,0.0,printing,independent,lazy-fake
ds-job-078,36,51.59,22.37,0.0,printing,independent,lazy-fake
ds-job-078,37,50.09,24.15,0.0,printing,independent,lazy-fake
ds-job-078,38,41.55,25.49,0.0,printing,independent,lazy-fake
ds-job-078,39,50.72,25.82,0.0,printing,independent,lazy-fake
ds-job-078,40,52.32,23.45,0.0,printing,independent,lazy-fake
ds-job-078,41,50.07,23.91,0.0,printing,independent,lazy-fake
ds-job-078,42,42.99,25.42,0.0,printing,independent,lazy-fake
ds-job-078,43,54.94,25.89,0.0,printing,independent,lazy-fake
ds-job-078,44,52.61,24.59,0.0,printing,independent,lazy-fake
ds-job-078,45,52.7,25.06,0.0,printing,independent,lazy-fake
ds-job-078,46,46.74,28.08,0.0,printing,independent,lazy-fake
ds-job-078,47,50.19,25.14,0.0,printing,independent,lazy-fake
ds-job-078,48,53.7,25.83,0.0,printing,independent,lazy-fake
ds-job-078,49,47.68,23.12,0.0,printing,independent,lazy-fake
ds-job-078,50,52.29,27.5,0.0,printing,independent,lazy-fake
ds-job-078,51,48.55,24.51,0.0,printing,independent,lazy-fake
ds-job-078,52,50.26,23.67,0.0,printing,independent,lazy-fake
ds-job-078,53,47.71,20.55,0.0,printing,independent,lazy-fake
ds-job-078,54,49.27,24.25,0.0,printing,independent,lazy-fake
ds-job-078,55,50.48,25.88,0.0,printing,independent,lazy-fake
ds-job-078,56,44.72,23.64,0.0,printing,independent,lazy-fake
ds-job-078,57,52.62,23.79,0.0,printing,independent,lazy-fake
ds-job-078,58,53.7,23.14,0.0,printing,independent,lazy-fake
ds-job-078,59,49.84,26.54,0.0,printing,independent,lazy-fake
ds-job-078,60,44.89,23.62,0.0,printing,independent,lazy-fake
ds-job-078,61,53.61,26.32,0.0,printing,independent,lazy-fake
ds-job-078,62,51.1,25.83,0.0,printing,independent,lazy-fake
ds-job-078,63,47.66,21.86,0.0,printing,independent,lazy-fake
ds-job-078,64,48.02,24.05,0.0,printing,independent,lazy-fake
ds-job-078,65,52.41,25.18,0.0,printing,independent,lazy-fake
ds-job-078,66,50.56,23.86,0.0,printing,independent,lazy-fake
ds-job-078,67,56.69,24.76,0.0,printing,independent,lazy-fake
ds-job-078,68,54.68,22.87,0.0,printing,independent,lazy-fake
ds-job-078,69,47.5,25.19,0.0,printing,independent,lazy-fake
ds-job-078,70,49.28,26.16,0.0,printing,independent,lazy-fake
ds-job-078,71,51.78,28.13,0.0,printing,independent,lazy-fake
ds-job-078,72,52.5,22.41,0.0,printing,independent,lazy-fake
ds-job-078,73,52.5,24.49,0.0,printing,independent,lazy-fake
ds-job-078,74,53.84,27.46,0.0,printing,independent,lazy-fake
ds-job-078,75,46.85,24.3,0.0,printing,independent,lazy-fake
ds-job-078,76,48.38,23.66,0.0,printing,independent,lazy-fake
ds-job-078,77,51.57,27.41,0.0,printing,independent,lazy-fake
ds-job-078,78,48.02,26.9,0.0,printing,independent,lazy-fake
ds-job-078,79,53.14,24.75,0.0,printing,independent,lazy-fake
ds-job-078,80,43.43,23.26,0.0,printing,independent,lazy-fake
ds-job-078,81,49.37,27.18,0.0,printing,independent,lazy-fake
ds-job-078,82,60.0,24.01,0.0,printing,independent,lazy-fake
ds-job-078,83,51.37,27.05,0.0,printing,independent,lazy-fake
ds-job-078,84,48.5,27.76,0.0,printing,independent,lazy-fake
ds-job-078,85,44.82,23.81,0.0,printing,independent,lazy-fake
ds-job-078,86,52.48,23.51,0.0,printing,independent,lazy-fake
ds-job-078,87,47.06,24.65,0.0,printing,independent,lazy-fake
ds-job-078,88,48.99,24.24,0.0,printing,independent,lazy-fake
ds-job-078,89,47.39,24.19,0.0,printing,independent,lazy-fake
ds-job-078,90,50.88,25.01,0.0,printing,independent,lazy-fake
ds-job-078,91,49.31,23.54,0.0,printing,independent,lazy-fake
ds-job-078,92,47.75,25.6,0.0,printing,independent,lazy-fake
ds-job-078,93,52.26,25.4,0.0,printing,independent,lazy-fake
ds-job-078,94,45.82,21.37,0.0,printing,independent,lazy-fake
ds-job-078,95,51.18,26.01,0.0,printing,independent,lazy-fake
ds-job-078,96,49.76,26.43,0.0,printing,independent,lazy-fake
ds-job-078,97,49.73,23.71,0.0,printing,independent,lazy-fake
ds-job-078,98,50.06,25.88,0.0,printing,independent,lazy-fake
ds-job-078,99,54.25,25.0,0.0,printing,independent,lazy-fake
ds-job-078,100,50.06,25.16,0.0,printing,independent,lazy-fake
ds-job-078,101,45.59,21.44,0.0,printing,independent,lazy-fake
ds-job-078,102,49.9,23.88,0.0,printing,independent,lazy-fake
ds-job-078,103,49.9,24.58,0.0,printing,independent,lazy-fake
ds-job-078,104,56.54,28.33,0.0,printing,independent,lazy-fake
ds-job-078,105,48.45,23.21,0.0,printing,independent,lazy-fake
ds-job-078,106,50.83,25.84,0.0,printing,independent,lazy-fake
ds-job-078,107,54.75,25.9,0.0,printing,independent,lazy-fake
ds-job-078,108,51.72,23.2,0.0,printing,independent,lazy-fake
ds-job-078,109,50.68,21.3,0.0,printing,independent,lazy-fake
ds-job-078,110,48.35,24.44,0.0,printing,independent,lazy-fake
ds-job-078,111,46.85,21.38,0.0,printing,independent,lazy-fake
ds-job-078,112,52.01,26.85,0.0,printing,independent,lazy-fake
ds-job-078,113,51.39,25.84,0.0,printing,independent,lazy-fake
ds-job-078,114,52.55,26.2,0.0,printing,independent,lazy-fake
ds-job-078,115,54.94,25.19,0.0,printing,independent,lazy-fake
ds-job-078,116,46.86,25.74,0.0,printing,independent,lazy-fake
ds-job-078,117,50.46,24.49,0.0,printing,independent,lazy-fake
ds-job-078,118,53.38,23.64,0.0,printing,independent,lazy-fake
ds-job-078,119,52.28,24.4,0.0,printing,independent,lazy-fake
ds-job-078,120,49.55,22.91,0.0,printing,independent,lazy-fake
ds-job-078,121,50.7,24.96,0.0,printing,independent,lazy-fake
ds-job-078,122,51.44,22.72,0.0,printing,independent,lazy-fake
ds-job-078,123,49.6,24.36,0.0,printing,independent,lazy-fake
ds-job-078,124,46.24,28.58,0.0,printing,independent,lazy-fake
ds-job-078,125,55.28,23.08,0.0,printing,independent,lazy-fake
ds-job-078,126,53.44,23.57,0.0,printing,independent,lazy-fake
ds-job-078,127,50.79,23.86,0.0,printing,independent,lazy-fake
ds-job-078,128,46.63,23.13,0.0,printing,independent,lazy-fake
ds-job-078,129,53.72,25.23,0.0,printing,independent,lazy-fake
ds-job-078,130,48.48,26.48,0.0,printing,independent,lazy-fake
ds-job-078,131,52.13,24.2,0.0,printing,independent,lazy-fake
ds-job-078,132,50.72,20.74,0.0,printing,independent,lazy-fake
ds-job-078,133,50.84,23.81,0.0,printing,independent,lazy-fake
ds-job-078,134,51.54,26.31,0.0,printing,independent,lazy-fake
ds-job-078,135,52.19,27.47,0.0,printing,independent,lazy-fake
ds-job-078,136,51.73,24.42,0.0,printing,independent,lazy-fake
ds-job-078,137,52.9,25.53,0.0,printing,independent,lazy-fake
ds-job-078,138,51.64,24.2,0.0,printing,independent,lazy-fake
ds-job-078,139,50.14,22.67,0.0,printing,independent,lazy-fake
ds-job-078,140,52.36,24.07,0.0,printing,independent,lazy-fake
ds-job-078,141,51.47,23.8,0.0,printing,independent,lazy-fake
ds-job-078,142,53.23,23.51,0.0,printing,independent,lazy-fake
ds-job-078,143,45.57,24.24,0.0,printing,independent,lazy-fake
ds-job-078,144,49.17,26.52,0.0,printing,independent,lazy-fake
ds-job-078,145,50.69,25.25,0.0,printing,independent,lazy-fake
ds-job-078,146,52.34,25.79,0.0,printing,independent,lazy-fake
ds-job-078,147,49.13,26.67,0.0,printing,independent,lazy-fake
ds-job-078,148,51.14,25.26,0.0,printing,independent,lazy-fake
ds-job-078,149,49.81,26.59,0.0,printing,independent,lazy-fake
ds-job-078,150,50.25,23.72,0.0,printing,independent,lazy-fake
ds-job-078,151,48.77,23.02,0.0,printing,independent,lazy-fake
ds-job-078,152,54.97,26.28,0.0,cooling,independent,lazy-fake
ds-job-078,153,50.66,25.15,0.0,cooling,independent,lazy-fake
ds-job-078,154,48.37,21.84,0.0,cooling,independent,lazy-fake
ds-job-078,155,50.58,26.76,0.0,cooling,independent,lazy-fake
ds-job-078,156,45.5,25.48,0.0,cooling,independent,lazy-fake
ds-job-078,157,43.73,23.73,0.0,cooling,independent,lazy-fake
ds-job-078,158,54.14,28.31,0.0,cooling,independent,lazy-fake
ds-job-078,159,47.81,24.25,0.0,cooling,independent,lazy-fake
ds-job-078,160,58.5,24.41,0.0,cooling,independent,lazy-fake
ds-job-078,161,48.37,25.33,0.0,cooling,independent,lazy-fake
ds-job-078,162,46.53,23.49,0.0,cooling,independent,lazy-fake
ds-job-078,163,52.36,27.1,0.0,cooling,independent,lazy-fake
ds-job-078,164,45.81,23.35,0.0,cooling,independent,lazy-fake
ds-job-078,165,55.05,25.89,0.0,cooling,independent,lazy-fake
ds-job-078,166,46.24,24.78,0.0,cooling,independent,lazy-fake
ds-job-078,167,50.45,21.82,0.0,cooling,independent,lazy-fake
ds-job-079,0,56.17,24.59,0.0,idle,independent,legitimate
ds-job-079,1,41.27,24.5,0.0,idle,independent,legitimate
ds-job-079,2,41.95,25.76,0.0,idle,independent,legitimate
ds-job-079,3,44.66,25.8,0.0,idle,independent,legitimate
ds-job-079,4,49.58,26.26,0.0,idle,independent,legitimate
ds-job-079,5,51.3,24.21,0.0,idle,independent,legitimate
ds-job-079,6,54.59,25.86,0.0,idle,independent,legitimate
ds-job-079,7,47.87,25.24,0.0,idle,independent,legitimate
ds-job-079,8,211.56,85.48,0.0,heating,independent,legitimate
ds-job-079,9,200.57,111.54,0.0,heating,independent,legitimate
ds-job-079,10,201.14,73.94,0.0,heating,independent,legitimate
ds-job-079,11,192.66,54.52,0.0,heating,independent,legitimate
ds-job-079,12,211.21,117.68,0.0,heating,independent,legitimate
ds-job-079,13,212.56,136.87,0.0,heating,independent,legitimate
ds-job-079,14,191.76,124.59,0.0,heating,independent,legitimate
ds-job-079,15,201.18,81.66,0.0,heating,independent,legitimate
ds-job-079,16,225.1,117.25,0.0,heating,independent,legitimate
ds-job-079,17,193.51,188.36,0.0,heating,independent,legitimate
ds-job-079,18,180.61,109.06,0.0,heating,independent,legitimate
ds-job-079,19,204.69,56.02,0.0,heating,independent,legitimate
ds-job-079,20,209.06,81.05,0.0,heating,independent,legitimate
ds-job-079,21,206.31,106.74,0.0,heating,independent,legitimate
ds-job-079,22,212.15,132.79,0.0,heating,independent,legitimate
ds-job-079,23,195.84,49.26,0.0,heating,independent,legitimate
ds-job-079,24,179.57,165.47,0.0,heating,independent,legitimate
ds-job-079,25,227.89,101.5,0.0,heating,independent,legitimate
ds-job-079,26,219.94,116.67,0.0,heating,independent,legitimate
ds-job-079,27,169.88,137.28,0.0,heating,independent,legitimate
ds-job-079,28,191.54,139.16,0.0,heating,independent,legitimate
ds-job-079,29,242.96,141.79,0.0,heating,independent,legitimate
ds-job-079,30,189.05,132.05,0.0,heating,independent,legitimate
ds-job-079,31,219.34,94.63,0.0,heating,independent,legitimate
ds-job-079,32,351.39,211.14,12.81,printing,independent,legitimate
ds-job-079,33,351.12,205.96,12.15,printing,independent,legitimate
ds-job-079,34,382.69,203.52,9.88,printing,independent,legitimate
ds-job-079,35,335.52,213.12,13.35,printing,independent,legitimate
ds-job-079,36,337.85,204.26,13.68,printing,independent,legitimate
ds-job-079,37,330.42,209.1,11.48,printing,independent,legitimate
ds-job-079,38,353.75,206.88,10.44,printing,independent,legitimate
ds-job-079,39,351.09,212.51,12.25,printing,independent,legitimate
ds-job-079,40,374.64,212.29,10.23,printing,independent,legitimate
ds-job-079,41,357.71,210.78,12.57,printing,independent,legitimate
ds-job-079,42,349.2,205.63,12.12,printing,independent,legitimate
ds-job-079,43,346.47,206.8,10.76,printing,independent,legitimate
ds-job-079,44,346.5,210.72,12.35,printing,independent,legitimate
ds-job-079,45,346.1,204.42,12.14,printing,independent,legitimate
ds-job-079,46,361.42,207.71,10.62,printing,independent,legitimate
ds-job-079,47,341.13,207.18,13.18,printing,independent,legitimate
ds-job-079,48,351.31,211.63,10.61,printing,independent,legitimate
ds-job-079,49,318.52,209.69,12.19,printing,independent,legitimate
ds-job-079,50,359.08,208.67,9.47,printing,independent,legitimate
ds-job-079,51,353.16,207.37,13.12,printing,independent,legitimate
ds-job-079,52,337.72,211.26,13.93,printing,independent,legitimate
ds-job-079,53,332.83,210.45,11.55,printing,independent,legitimate
ds-job-079,54,325.51,206.38,11.24,printing,independent,legitimate
ds-job-079,55,342.4,209.02,10.74,printing,independent,legitimate
ds-job-079,56,366.8,208.18,11.29,printing,independent,legitimate
ds-job-079,57,332.07,210.52,10.18,printing,independent,legitimate
ds-job-079,58,336.44,207.25,11.04,printing,independent,legitimate
ds-job-079,59,358.54,210.07,13.04,printing,independent,legitimate
ds-job-079,60,351.22,211.58,10.17,printing,independent,legitimate
ds-job-079,61,382.34,211.64,11.04,printing,independent,legitimate
ds-job-079,62,333.86,210.36,9.92,printing,independent,legitimate
ds-job-079,63,332.14,210.86,13.4,printing,independent,legitimate
ds-job-079,64,360.03,205.67,10.31,printing,independent,legitimate
ds-job-079,65,300.0,207.33,12.15,printing,independent,legitimate
ds-job-079,66,354.31,207.33,9.98,printing,independent,legitimate
ds-job-079,67,335.32,206.33,12.51,printing,independent,legitimate
ds-job-079,68,319.24,211.86,10.78,printing,independent,legitimate
ds-job-079,69,371.47,208.8,12.39,printing,independent,legitimate
ds-job-079,70,365.18,210.4,12.15,printing,independent,legitimate
ds-job-079,71,356.8,209.85,12.86,printing,independent,legitimate
ds-job-079,72,344.72,208.83,13.14,printing,independent,legitimate
ds-job-079,73,349.07,209.71,11.88,printing,independent,legitimate
ds-job-079,74,365.85,214.29,10.02,printing,independent,legitimate
ds-job-079,75,338.53,209.48,10.35,printing,independent,legitimate
ds-job-079,76,349.54,209.09,13.03,printing,independent,legitimate
ds-job-079,77,371.84,207.77,11.73,printing,independent,legitimate
ds-job-079,78,348.42,207.97,13.21,printing,independent,legitimate
ds-job-079,79,333.89,209.64,11.27,printing,independent,legitimate
ds-job-079,80,335.98,208.78,11.03,printing,independent,legitimate
ds-job-079,81,318.71,209.36,12.26,printing,independent,legitimate
ds-job-079,82,383.33,205.81,14.43,printing,independent,legitimate
ds-job-079,83,352.24,210.94,12.78,printing,independent,legitimate
ds-job-079,84,354.01,208.44,9.92,printing,independent,legitimate
ds-job-079,85,332.78,207.0,11.3,printing,independent,legitimate
ds-job-079,86,342.47,208.01,12.8,printing,independent,legitimate
ds-job-079,87,339.38,213.88,11.38,printing,independent,legitimate
ds-job-079,88,348.33,209.88,13.37,printing,independent,legitimate
ds-job-079,89,352.32,210.79,11.22,printing,independent,legitimate
ds-job-079,90,309.09,207.91,11.19,printing,independent,legitimate
ds-job-079,91,367.98,210.1,10.84,printing,independent,legitimate
ds-job-079,92,371.01,210.33,14.56,printing,independent,legitimate
ds-job-079,93,377.64,214.42,10.11,printing,independent,legitimate
ds-job-079,94,356.42,205.3,12.79,printing,independent,legitimate
ds-job-079,95,344.41,211.63,9.31,printing,independent,legitimate
ds-job-079,96,335.24,213.02,11.97,printing,independent,legitimate
ds-job-079,97,357.42,209.33,11.58,printing,independent,legitimate
ds-job-079,98,356.07,209.97,10.39,printing,independent,legitimate
ds-job-079,99,364.09,212.82,12.14,printing,independent,legitimate
ds-job-079,100,344.58,209.26,12.14,printing,independent,legitimate
ds-job-079,101,330.64,210.67,12.55,printing,independent,legitimate
ds-job-079,102,351.65,210.2,11.87,printing,independent,legitimate
ds-job-079,103,371.47,211.94,9.96,printing,independent,legitimate
ds-job-079,104,338.11,207.59,10.46,printing,independent,legitimate
ds-job-079,105,335.05,212.99,12.51,printing,independent,legitimate
ds-job-079,106,360.79,208.64,12.14,printing,independent,legitimate
ds-job-079,107,358.85,209.12,10.37,printing,independent,legitimate
ds-job-079,108,333.0,209.63,11.35,printing,independent,legitimate
ds-job-079,109,331.0,207.64,11.79,printing,independent,legitimate
ds-job-079,110,344.23,210.78,11.0,printing,independent,legitimate
ds-job-079,111,327.09,203.42,12.34,printing,independent,legitimate
ds-job-079,112,365.52,207.46,12.23,printing,independent,legitimate
ds-job-079,113,362.96,216.43,10.83,printing,independent,legitimate
ds-job-079,114,365.95,210.29,13.59,printing,independent,legitimate
ds-job-079,115,349.95,212.39,9.29,printing,independent,legitimate
ds-job-079,116,340.13,207.37,11.44,printing,independent,legitimate
ds-job-079,117,337.67,208.02,13.42,printing,independent,legitimate
ds-job-079,118,336.47,208.8,12.0,printing,independent,legitimate
ds-job-079,119,335.8,206.52,10.45,printing,independent,legitimate
ds-job-079,120,350.46,206.13,10.08,printing,independent,legitimate
ds-job-079,121,315.4,211.08,10.26,printing,independent,legitimate
ds-job-079,122,345.71,216.34,11.52,printing,independent,legitimate
ds-job-079,123,365.24,206.9,10.97,printing,independent,legitimate
ds-job-079,124,338.54,213.5,11.36,printing,independent,legitimate
ds-job-079,125,332.11,207.25,10.54,printing,independent,legitimate
ds-job-079,126,348.35,211.47,11.48,printing,independent,legitimate
ds-job-079,127,343.51,211.76,14.39,printing,independent,legitimate
ds-job-079,128,312.61,208.19,10.65,printing,independent,legitimate
ds-job-079,129,352.41,210.51,11.66,printing,independent,legitimate
ds-job-079,130,369.67,207.07,11.07,printing,independent,legitimate
ds-job-079,131,338.9,215.07,12.46,printing,independent,legitimate
ds-job-079,132,361.52,210.96,11.26,printing,independent,legitimate
ds-job-079,133,335.07,212.88,10.56,printing,independent,legitimate
ds-job-079,134,323.76,210.07,12.42,printing,independent,legitimate
ds-job-079,135,361.84,211.19,10.06,printing,independent,legitimate
ds-job-079,136,342.92,208.59,12.8,printing,independent,legitimate
ds-job-079,137,325.88,208.78,13.02,printing,independent,legitimate
ds-job-079,138,363.35,212.67,13.44,printing,independent,legitimate
ds-job-079,139,354.81,213.95,12.97,printing,independent,legitimate
ds-job-079,140,349.0,215.74,10.76,printing,independent,legitimate
ds-job-079,141,355.19,209.1,14.09,printing,independent,legitimate
ds-job-079,142,355.99,212.21,10.63,printing,independent,legitimate
ds-job-079,143,343.37,210.84,10.77,printing,independent,legitimate
ds-job-079,144,366.94,207.7,11.45,printing,independent,legitimate
ds-job-079,145,333.22,208.09,11.22,printing,independent,legitimate
ds-job-079,146,344.88,209.32,11.06,printing,independent,legitimate
ds-job-079,147,63.67,127.91,0.0,cooling,independent,legitimate
ds-job-079,148,61.84,103.21,0.0,cooling,independent,legitimate
ds-job-079,149,68.15,176.04,0.0,cooling,independent,legitimate
ds-job-079,150,55.65,66.94,0.0,cooling,independent,legitimate
ds-job-079,151,64.82,143.06,0.0,cooling,independent,legitimate
ds-job-079,152,69.07,100.98,0.0,cooling,independent,legitimate
ds-job-079,153,55.78,66.47,0.0,cooling,independent,legitimate
ds-job-079,154,61.52,80.79,0.0,cooling,independent,legitimate
ds-job-079,155,58.37,169.17,0.0,cooling,independent,legitimate
ds-job-079,156,72.87,84.3,0.0,cooling,independent,legitimate
ds-job-079,157,54.3,121.45,0.0,cooling,independent,legitimate
ds-job-079,158,68.96,109.11,0.0,cooling,independent,legitimate
ds-job-079,159,55.67,125.97,0.0,cooling,independent,legitimate
ds-job-079,160,66.37,123.9,0.0,cooling,independent,legitimate
ds-job-079,161,67.59,125.83,0.0,cooling,independent,legitimate
ds-job-079,162,63.47,89.65,0.0,cooling,independent,legitimate
ds-job-080,0,50.37,23.05,0.0,idle,independent,legitimate
ds-job-080,1,46.68,24.92,0.0,idle,independent,legitimate
ds-job-080,2,46.16,23.05,0.0,idle,independent,legitimate
ds-job-080,3,54.36,25.87,0.0,idle,independent,legitimate
ds-job-080,4,212.77,153.33,0.0,heating,independent,legitimate
ds-job-080,5,223.94,135.47,0.0,heating,independent,legitimate
ds-job-080,6,224.58,109.49,0.0,heating,independent,legitimate
ds-job-080,7,198.6,167.84,0.0,heating,independent,legitimate
ds-job-080,8,227.12,142.61,0.0,heating,independent,legitimate
ds-job-080,9,232.44,98.96,0.0,heating,independent,legitimate
ds-job-080,10,183.74,111.64,0.0,heating,independent,legitimate
ds-job-080,11,195.67,180.14,0.0,heating,independent,legitimate
ds-job-080,12,183.93,200.12,0.0,heating,independent,legitimate
ds-job-080,13,191.11,53.98,0.0,heating,independent,legitimate
ds-job-080,14,204.08,162.26,0.0,heating,independent,legitimate
ds-job-080,15,184.34,133.41,0.0,heating,independent,legitimate
ds-job-080,16,183.83,133.33,0.0,heating,independent,legitimate
ds-job-080,17,199.97,97.77,0.0,heating,independent,legitimate
ds-job-080,18,327.56,208.74,12.84,printing,independent,legitimate
ds-job-080,19,338.57,209.03,11.84,printing,independent,legitimate
ds-job-080,20,367.39,204.54,10.94,printing,independent,legitimate
ds-job-080,21,355.23,208.23,9.5,printing,independent,legitimate
ds-job-080,22,359.65,208.5,13.36,printing,independent,legitimate
ds-job-080,23,327.44,210.33,12.96,printing,independent,legitimate
ds-job-080,24,359.6,211.16,13.78,printing,independent,legitimate
ds-job-080,25,334.88,206.36,11.92,printing,independent,legitimate
ds-job-080,26,336.77,209.24,13.87,printing,independent,legitimate
ds-job-080,27,334.76,207.4,10.45,printing,independent,legitimate
ds-job-080,28,360.59,209.58,12.27,printing,independent,legitimate
ds-job-080,29,326.38,210.24,12.07,printing,independent,legitimate
ds-job-080,30,359.73,209.12,11.54,printing,independent,legitimate
ds-job-080,31,339.9,210.86,11.5,printing,independent,legitimate
ds-job-080,32,365.59,208.63,12.78,printing,independent,legitimate
ds-job-080,33,364.78,217.14,13.78,printing,independent,legitimate
ds-job-080,34,365.69,204.9,11.32,printing,independent,legitimate
ds-job-080,35,360.76,208.56,12.7,printing,independent,legitimate
ds-job-080,36,358.93,212.28,12.21,printing,independent,legitimate
ds-job-080,37,337.53,206.92,12.02,printing,independent,legitimate
ds-job-080,38,328.98,203.55,12.75,printing,independent,legitimate
ds-job-080,39,365.68,204.05,11.28,printing,independent,legitimate
ds-job-080,40,380.64,209.28,12.61,printing,independent,legitimate
ds-job-080,41,363.48,208.91,10.18,printing,independent,legitimate
ds-job-080,42,378.01,212.76,13.03,printing,independent,legitimate
ds-job-080,43,343.78,201.73,9.47,printing,independent,legitimate
ds-job-080,44,329.43,210.84,10.31,printing,independent,legitimate
ds-job-080,45,346.35,209.57,9.59,printing,independent,legitimate
ds-job-080,46,341.26,201.3,11.63,printing,independent,legitimate
ds-job-080,47,366.23,208.36,9.73,printing,independent,legitimate
ds-job-080,48,352.7,206.05,10.97,printing,independent,legitimate
ds-job-080,49,320.15,210.5,11.25,printing,independent,legitimate
ds-job-080,50,357.88,209.22,12.05,printing,independent,legitimate
ds-job-080,51,364.25,210.6,13.33,printing,independent,legitimate
ds-job-080,52,350.49,203.72,11.17,printing,independent,legitimate
ds-job-080,53,332.44,207.94,11.7,printing,independent,legitimate
ds-job-080,54,361.6,208.01,13.04,printing,independent,legitimate
ds-job-080,55,326.8,208.04,10.84,printing,independent,legitimate
ds-job-080,56,329.56,207.65,10.76,printing,independent,legitimate
ds-job-080,57,365.96,209.7,11.84,printing,independent,legitimate
ds-job-080,58,373.98,205.65,12.69,printing,independent,legitimate
ds-job-080,59,376.45,213.42,10.72,printing,independent,legitimate
ds-job-080,60,370.09,211.62,9.66,printing,independent,legitimate
ds-job-080,61,351.37,210.9,11.78,printing,independent,legitimate
ds-job-080,62,339.76,209.33,10.01,printing,independent,legitimate
ds-job-080,63,336.97,211.16,12.78,printing,independent,legitimate
ds-job-080,64,361.73,207.93,11.6,printing,independent,legitimate
ds-job-080,65,338.25,209.33,11.02,printing,independent,legitimate
ds-job-080,66,332.68,206.37,12.38,printing,independent,legitimate
ds-job-080,67,352.66,205.72,11.38,printing,independent,legitimate
ds-job-080,68,353.71,212.59,9.33,printing,independent,legitimate
ds-job-080,69,365.71,206.49,10.96,printing,independent,legitimate
ds-job-080,70,357.72,211.34,12.03,printing,independent,legitimate
ds-job-080,71,353.92,208.71,11.94,printing,independent,legitimate
ds-job-080,72,357.79,200.21,12.04,printing,independent,legitimate
ds-job-080,73,333.98,204.32,10.06,printing,independent,legitimate
ds-job-080,74,349.42,212.64,11.85,printing,independent,legitimate
ds-job-080,75,353.67,206.67,12.15,printing,independent,legitimate
ds-job-080,76,366.22,208.61,12.09,printing,independent,legitimate
ds-job-080,77,361.36,214.34,11.71,printing,independent,legitimate
ds-job-080,78,337.4,212.83,11.7,printing,independent,legitimate
ds-job-080,79,339.46,214.65,10.86,printing,independent,legitimate
ds-job-080,80,365.86,209.87,11.81,printing,independent,legitimate
ds-job-080,81,397.73,210.32,11.77,printing,independent,legitimate
ds-job-080,82,361.52,208.12,13.97,printing,independent,legitimate
ds-job-080,83,350.8,210.41,9.32,printing,independent,legitimate
ds-job-080,84,349.08,210.59,10.79,printing,independent,legitimate
ds-job-080,85,67.16,82.61,0.0,cooling,independent,legitimate
ds-job-080,86,60.48,100.81,0.0,cooling,independent,legitimate
ds-job-080,87,58.07,75.11,0.0,cooling,independent,legitimate
ds-job-080,88,69.5,98.55,0.0,cooling,independent,legitimate
ds-job-080,89,60.68,127.15,0.0,cooling,independent,legitimate
ds-job-080,90,71.08,112.52,0.0,cooling,independent,legitimate
ds-job-080,91,75.53,153.11,0.0,cooling,independent,legitimate
ds-job-080,92,55.67,78.82,0.0,cooling,independent,legitimate
ds-job-080,93,56.72,82.43,0.0,cooling,independent,legitimate
ds-job-081,0,52.05,25.74,0.0,idle,independent,legitimate
ds-job-081,1,49.24,24.35,0.0,idle,independent,legitimate
ds-job-081,2,46.64,26.92,0.0,idle,independent,legitimate
ds-job-081,3,53.66,25.99,0.0,idle,independent,legitimate
ds-job-081,4,47.67,25.27,0.0,idle,independent,legitimate
ds-job-081,5,47.78,27.11,0.0,idle,independent,legitimate
ds-job-081,6,213.26,130.07,0.0,heating,independent,legitimate
ds-job-081,7,221.49,85.68,0.0,heating,independent,legitimate
ds-job-081,8,196.64,103.69,0.0,heating,independent,legitimate
ds-job-081,9,191.42,116.48,0.0,heating,independent,legitimate
ds-job-081,10,222.11,126.33,0.0,heating,independent,legitimate
ds-job-081,11,188.31,95.45,0.0,heating,independent,legitimate
ds-job-081,12,207.67,65.49,0.0,heating,independent,legitimate
ds-job-081,13,191.51,136.06,0.0,heating,independent,legitimate
ds-job-081,14,176.82,116.23,0.0,heating,independent,legitimate
ds-job-081,15,202.86,132.45,0.0,heating,independent,legitimate
ds-job-081,16,203.57,118.75,0.0,heating,independent,legitimate
ds-job-081,17,226.46,95.74,0.0,heating,independent,legitimate
ds-job-081,18,186.98,105.49,0.0,heating,independent,legitimate
ds-job-081,19,224.42,109.7,0.0,heating,independent,legitimate
ds-job-081,20,231.17,126.76,0.0,heating,independent,legitimate
ds-job-081,21,227.92,138.4,0.0,heating,independent,legitimate
ds-job-081,22,184.67,113.68,0.0,heating,independent,legitimate
ds-job-081,23,213.88,35.5,0.0,heating,independent,legitimate
ds-job-081,24,198.05,123.71,0.0,heating,independent,legitimate
ds-job-081,25,366.74,209.83,10.64,printing,independent,legitimate
ds-job-081,26,365.62,212.03,9.94,printing,independent,legitimate
ds-job-081,27,340.93,212.73,9.23,printing,independent,legitimate
ds-job-081,28,343.85,212.21,13.07,printing,independent,legitimate
ds-job-081,29,354.78,206.75,8.97,printing,independent,legitimate
ds-job-081,30,363.83,208.68,10.14,printing,independent,legitimate
ds-job-081,31,315.99,208.87,11.36,printing,independent,legitimate
ds-job-081,32,347.16,205.83,9.75,printing,independent,legitimate
ds-job-081,33,349.22,211.63,12.65,printing,independent,legitimate
ds-job-081,34,361.5,205.22,10.65,printing,independent,legitimate
ds-job-081,35,324.42,208.82,12.67,printing,independent,legitimate
ds-job-081,36,348.19,210.51,10.81,printing,independent,legitimate
ds-job-081,37,396.68,212.02,12.85,printing,independent,legitimate
ds-job-081,38,352.05,205.38,9.79,printing,independent,legitimate
ds-job-081,39,355.69,209.44,11.47,printing,independent,legitimate
ds-job-081,40,365.95,210.47,10.4,printing,independent,legitimate
ds-job-081,41,355.06,207.98,10.82,printing,independent,legitimate
ds-job-081,42,346.22,209.16,11.13,printing,independent,legitimate
ds-job-081,43,325.05,210.98,12.44,printing,independent,legitimate
ds-job-081,44,349.0,212.01,10.81,printing,independent,legitimate
ds-job-081,45,369.11,211.11,11.49,printing,independent,legitimate
ds-job-081,46,349.62,208.66,11.72,printing,independent,legitimate
ds-job-081,47,349.37,206.42,10.95,printing,independent,legitimate
ds-job-081,48,340.12,209.72,11.7,printing,independent,legitimate
ds-job-081,49,326.01,201.85,11.07,printing,independent,legitimate
ds-job-081,50,334.94,210.22,10.49,printing,independent,legitimate
ds-job-081,51,323.86,203.56,10.64,printing,independent,legitimate
ds-job-081,52,349.78,210.64,12.32,printing,independent,legitimate
ds-job-081,53,349.05,211.82,11.09,printing,independent,legitimate
ds-job-081,54,341.62,209.63,9.43,printing,independent,legitimate
ds-job-081,55,373.83,210.51,11.23,printing,independent,legitimate
ds-job-081,56,364.71,211.27,10.72,printing,independent,legitimate
ds-job-081,57,315.99,212.32,10.69,printing,independent,legitimate
ds-job-081,58,338.08,213.56,8.01,printing,independent,legitimate
ds-job-081,59,368.08,207.44,11.35,printing,independent,legitimate
ds-job-081,60,343.55,202.58,13.31,printing,independent,legitimate
ds-job-081,61,344.94,210.46,9.7,printing,independent,legitimate
ds-job-081,62,321.59,207.28,12.0,printing,independent,legitimate
ds-job-081,63,341.25,208.9,11.64,printing,independent,legitimate
ds-job-081,64,341.07,208.48,11.12,printing,independent,legitimate
ds-job-081,65,346.06,210.3,12.45,printing,independent,legitimate
ds-job-081,66,343.61,208.93,11.05,printing,independent,legitimate
ds-job-081,67,348.2,212.13,10.74,printing,independent,legitimate
ds-job-081,68,339.99,208.83,9.27,printing,independent,legitimate
ds-job-081,69,346.55,207.14,12.0,printing,independent,legitimate
ds-job-081,70,351.91,211.15,11.57,printing,independent,legitimate
ds-job-081,71,353.4,209.0,12.96,printing,independent,legitimate
ds-job-081,72,353.11,207.42,10.45,printing,independent,legitimate
ds-job-081,73,347.87,208.7,11.91,printing,independent,legitimate
ds-job-081,74,347.41,208.54,14.12,printing,independent,legitimate
ds-job-081,75,344.84,210.2,10.92,printing,independent,legitimate
ds-job-081,76,325.7,212.7,13.05,printing,independent,legitimate
ds-job-081,77,351.33,209.56,11.9,printing,independent,legitimate
ds-job-081,78,311.12,212.5,11.68,printing,independent,legitimate
ds-job-081,79,344.2,211.58,12.43,printing,independent,legitimate
ds-job-081,80,358.76,207.3,11.41,printing,independent,legitimate
ds-job-081,81,327.61,211.29,12.01,printing,independent,legitimate
ds-job-081,82,346.31,214.64,12.73,printing,independent,legitimate
ds-job-081,83,330.29,207.39,9.08,printing,independent,legitimate
ds-job-081,84,357.93,212.87,10.59,printing,independent,legitimate
ds-job-081,85,330.88,204.98,10.46,printing,independent,legitimate
ds-job-081,86,342.6,207.15,11.05,printing,independent,legitimate
ds-job-081,87,301.36,208.9,12.43,printing,independent,legitimate
ds-job-081,88,331.46,207.46,12.1,printing,independent,legitimate
ds-job-081,89,347.65,209.16,10.64,printing,independent,legitimate
ds-job-081,90,339.38,204.62,11.84,printing,independent,legitimate
ds-job-081,91,326.31,210.11,12.56,printing,independent,legitimate
ds-job-081,92,372.56,210.14,9.77,printing,independent,legitimate
ds-job-081,93,338.62,210.05,11.72,printing,independent,legitimate
ds-job-081,94,360.68,208.7,11.21,printing,independent,legitimate
ds-job-081,95,332.21,213.48,11.61,printing,independent,legitimate
ds-job-081,96,362.4,207.98,9.31,printing,independent,legitimate
ds-job-081,97,366.32,206.0,12.83,printing,independent,legitimate
ds-job-081,98,365.07,204.9,14.8,printing,independent,legitimate
ds-job-081,99,350.1,213.26,11.5,printing,independent,legitimate
ds-job-081,100,328.3,208.91,9.19,printing,independent,legitimate
ds-job-081,101,353.17,211.38,13.84,printing,independent,legitimate
ds-job-081,102,339.05,205.27,10.41,printing,independent,legitimate
ds-job-081,103,330.59,209.62,11.46,printing,independent,legitimate
ds-job-081,104,366.46,208.78,11.34,printing,independent,legitimate
ds-job-081,105,339.24,212.0,11.98,printing,independent,legitimate
ds-job-081,106,348.13,207.72,11.18,printing,independent,legitimate
ds-job-081,107,336.03,203.22,10.9,printing,independent,legitimate
ds-job-081,108,365.57,210.72,10.23,printing,independent,legitimate
ds-job-081,109,369.44,206.9,12.72,printing,independent,legitimate
ds-job-081,110,344.63,210.69,11.73,printing,independent,legitimate
ds-job-081,111,362.88,209.71,11.96,printing,independent,legitimate
ds-job-081,112,352.37,213.84,10.99,printing,independent,legitimate
ds-job-081,113,346.48,207.84,12.07,printing,independent,legitimate
ds-job-081,114,352.57,208.61,13.35,printing,independent,legitimate
ds-job-081,115,322.14,205.61,11.22,printing,independent,legitimate
ds-job-081,116,366.99,205.85,12.27,printing,independent,legitimate
ds-job-081,117,57.6,102.83,0.0,cooling,independent,legitimate
ds-job-081,118,72.45,118.89,0.0,cooling,independent,legitimate
ds-job-081,119,62.54,116.37,0.0,cooling,independent,legitimate
ds-job-081,120,68.54,205.71,0.0,cooling,independent,legitimate
ds-job-081,121,74.03,138.79,0.0,cooling,independent,legitimate
ds-job-081,122,72.26,98.63,0.0,cooling,independent,legitimate
ds-job-081,123,60.99,108.82,0.0,cooling,independent,legitimate
ds-job-081,124,59.29,87.55,0.0,cooling,independent,legitimate
ds-job-081,125,64.91,104.16,0.0,cooling,independent,legitimate
ds-job-081,126,60.0,112.21,0.0,cooling,independent,legitimate
ds-job-081,127,64.32,111.18,0.0,cooling,independent,legitimate
ds-job-081,128,65.68,86.26,0.0,cooling,independent,legitimate
ds-job-082,0,45.35,24.13,0.0,idle,independent,legitimate
ds-job-082,1,49.98,27.68,0.0,idle,independent,legitimate
ds-job-082,2,49.89,26.17,0.0,idle,independent,legitimate
ds-job-082,3,50.23,23.24,0.0,idle,independent,legitimate
ds-job-082,4,52.12,22.96,0.0,idle,independent,legitimate
ds-job-082,5,189.29,114.92,0.0,heating,independent,legitimate
ds-job-082,6,227.3,109.71,0.0,heating,independent,legitimate
ds-job-082,7,223.07,81.43,0.0,heating,independent,legitimate
ds-job-082,8,201.61,110.4,0.0,heating,independent,legitimate
ds-job-082,9,230.04,143.07,0.0,heating,independent,legitimate
ds-job-082,10,180.21,127.04,0.0,heating,independent,legitimate
ds-job-082,11,193.63,107.7,0.0,heating,independent,legitimate
ds-job-082,12,191.51,122.44,0.0,heating,independent,legitimate
ds-job-082,13,189.48,144.18,0.0,heating,independent,legitimate
ds-job-082,14,218.59,155.08,0.0,heating,independent,legitimate
ds-job-082,15,219.46,158.01,0.0,heating,independent,legitimate
ds-job-082,16,189.16,130.2,0.0,heating,independent,legitimate
ds-job-082,17,229.63,82.64,0.0,heating,independent,legitimate
ds-job-082,18,181.56,97.67,0.0,heating,independent,legitimate
ds-job-082,19,242.06,91.98,0.0,heating,independent,legitimate
ds-job-082,20,217.29,125.96,0.0,heating,independent,legitimate
ds-job-082,21,361.82,206.76,11.8,printing,independent,legitimate
ds-job-082,22,334.75,208.93,10.97,printing,independent,legitimate
ds-job-082,23,365.78,214.5,10.64,printing,independent,legitimate
ds-job-082,24,349.17,204.32,13.14,printing,independent,legitimate
ds-job-082,25,368.2,208.27,11.86,printing,independent,legitimate
ds-job-082,26,372.94,208.41,10.71,printing,independent,legitimate
ds-job-082,27,329.63,209.01,12.13,printing,independent,legitimate
ds-job-082,28,367.18,207.3,13.18,printing,independent,legitimate
ds-job-082,29,334.96,205.55,12.24,printing,independent,legitimate
ds-job-082,30,323.57,211.57,13.76,printing,independent,legitimate
ds-job-082,31,358.8,209.33,10.67,printing,independent,legitimate
ds-job-082,32,356.78,207.5,11.33,printing,independent,legitimate
ds-job-082,33,351.12,210.6,11.08,printing,independent,legitimate
ds-job-082,34,337.94,212.17,10.87,printing,independent,legitimate
ds-job-082,35,337.74,210.6,11.12,printing,independent,legitimate
ds-job-082,36,380.52,210.44,10.54,printing,independent,legitimate
ds-job-082,37,359.5,210.98,8.82,printing,independent,legitimate
ds-job-082,38,366.52,214.2,12.61,printing,independent,legitimate
ds-job-082,39,360.34,207.29,11.28,printing,independent,legitimate
ds-job-082,40,360.16,208.8,13.61,printing,independent,legitimate
ds-job-082,41,352.62,206.0,10.79,printing,independent,legitimate
ds-job-082,42,347.08,211.11,10.58,printing,independent,legitimate
ds-job-082,43,327.24,213.38,9.81,printing,independent,legitimate
ds-job-082,44,349.72,212.28,10.69,printing,independent,legitimate
ds-job-082,45,335.29,207.48,11.52,printing,independent,legitimate
ds-job-082,46,331.9,207.96,14.31,printing,independent,legitimate
ds-job-082,47,374.74,209.89,9.94,printing,independent,legitimate
ds-job-082,48,331.05,210.79,13.19,printing,independent,legitimate
ds-job-082,49,352.69,207.14,11.29,printing,independent,legitimate
ds-job-082,50,359.31,204.99,11.96,printing,independent,legitimate
ds-job-082,51,348.3,209.98,12.6,printing,independent,legitimate
ds-job-082,52,351.59,207.47,9.28,printing,independent,legitimate
ds-job-082,53,337.67,212.49,8.15,printing,independent,legitimate
ds-job-082,54,343.88,204.15,10.26,printing,independent,legitimate
ds-job-082,55,361.18,213.96,11.07,printing,independent,legitimate
ds-job-082,56,334.41,205.08,8.84,printing,independent,legitimate
ds-job-082,57,336.86,210.26,12.88,printing,independent,legitimate
ds-job-082,58,344.65,211.85,12.01,printing,independent,legitimate
ds-job-082,59,344.08,215.84,11.24,printing,independent,legitimate
ds-job-082,60,363.72,211.99,12.29,printing,independent,legitimate
ds-job-082,61,333.31,205.91,10.93,printing,independent,legitimate
ds-job-082,62,357.77,215.16,12.18,printing,independent,legitimate
ds-job-082,63,305.58,202.8,12.63,printing,independent,legitimate
ds-job-082,64,378.02,208.85,11.95,printing,independent,legitimate
ds-job-082,65,318.48,209.97,10.29,printing,independent,legitimate
ds-job-082,66,349.53,208.71,12.18,printing,independent,legitimate
ds-job-082,67,374.77,205.96,11.57,printing,independent,legitimate
ds-job-082,68,382.28,212.82,11.3,printing,independent,legitimate
ds-job-082,69,382.45,210.95,14.0,printing,independent,legitimate
ds-job-082,70,345.07,210.54,9.93,printing,independent,legitimate
ds-job-082,71,349.44,201.73,9.4,printing,independent,legitimate
ds-job-082,72,393.84,213.8,11.57,printing,independent,legitimate
ds-job-082,73,330.78,212.52,13.3,printing,independent,legitimate
ds-job-082,74,377.17,211.15,12.12,printing,independent,legitimate
ds-job-082,75,326.64,209.32,10.75,printing,independent,legitimate
ds-job-082,76,332.46,200.83,11.61,printing,independent,legitimate
ds-job-082,77,383.4,208.1,13.84,printing,independent,legitimate
ds-job-082,78,335.35,205.46,13.85,printing,independent,legitimate
ds-job-082,79,347.78,204.9,10.54,printing,independent,legitimate
ds-job-082,80,350.16,211.16,11.61,printing,independent,legitimate
ds-job-082,81,336.64,209.19,10.82,printing,independent,legitimate
ds-job-082,82,340.33,209.48,11.61,printing,independent,legitimate
ds-job-082,83,355.16,208.51,11.95,printing,independent,legitimate
ds-job-082,84,352.29,212.03,13.05,printing,independent,legitimate
ds-job-082,85,374.28,205.79,11.19,printing,independent,legitimate
ds-job-082,86,343.07,210.11,9.44,printing,independent,legitimate
ds-job-082,87,362.28,205.84,13.26,printing,independent,legitimate
ds-job-082,88,326.45,207.41,11.81,printing,independent,legitimate
ds-job-082,89,352.53,210.7,11.34,printing,independent,legitimate
ds-job-082,90,337.44,213.97,12.93,printing,independent,legitimate
ds-job-082,91,358.12,202.69,12.12,printing,independent,legitimate
ds-job-082,92,329.97,208.91,11.53,printing,independent,legitimate
ds-job-082,93,349.97,208.02,10.66,printing,independent,legitimate
ds-job-082,94,336.96,208.32,10.88,printing,independent,legitimate
ds-job-082,95,348.23,206.83,11.9,printing,independent,legitimate
ds-job-082,96,366.0,200.68,14.18,printing,independent,legitimate
ds-job-082,97,379.9,209.18,9.8,printing,independent,legitimate
ds-job-082,98,344.8,208.72,12.33,printing,independent,legitimate
ds-job-082,99,339.68,213.49,11.85,printing,independent,legitimate
ds-job-082,100,321.33,213.01,12.89,printing,independent,legitimate
ds-job-082,101,67.96,95.6,0.0,cooling,independent,legitimate
ds-job-082,102,66.58,95.48,0.0,cooling,independent,legitimate
ds-job-082,103,73.35,132.0,0.0,cooling,independent,legitimate
ds-job-082,104,54.38,129.61,0.0,cooling,independent,legitimate
ds-job-082,105,54.74,87.96,0.0,cooling,independent,legitimate
ds-job-082,106,58.78,76.63,0.0,cooling,independent,legitimate
ds-job-082,107,54.55,129.35,0.0,cooling,independent,legitimate
ds-job-082,108,64.34,81.55,0.0,cooling,independent,legitimate
ds-job-082,109,66.06,120.82,0.0,cooling,independent,legitimate
ds-job-082,110,63.8,97.29,0.0,cooling,independent,legitimate
ds-job-082,111,61.64,120.95,0.0,cooling,independent,legitimate
ds-job-083,0,49.93,25.94,0.0,idle,independent,legitimate
ds-job-083,1,48.11,25.64,0.0,idle,independent,legitimate
ds-job-083,2,47.75,23.86,0.0,idle,independent,legitimate
ds-job-083,3,48.63,23.41,0.0,idle,independent,legitimate
ds-job-083,4,50.84,24.45,0.0,idle,independent,legitimate
ds-job-083,5,49.76,25.59,0.0,idle,independent,legitimate
ds-job-083,6,45.98,24.63,0.0,idle,independent,legitimate
ds-job-083,7,47.47,22.53,0.0,idle,independent,legitimate
ds-job-083,8,200.44,77.93,0.0,heating,independent,legitimate
ds-job-083,9,217.52,157.75,0.0,heating,independent,legitimate
ds-job-083,10,188.2,73.69,0.0,heating,independent,legitimate
ds-job-083,11,195.47,148.78,0.0,heating,independent,legitimate
ds-job-083,12,193.87,92.22,0.0,heating,independent,legitimate
ds-job-083,13,205.99,131.87,0.0,heating,independent,legitimate
ds-job-083,14,207.13,172.42,0.0,heating,independent,legitimate
ds-job-083,15,214.78,128.97,0.0,heating,independent,legitimate
ds-job-083,16,211.75,132.93,0.0,heating,independent,legitimate
ds-job-083,17,210.16,129.02,0.0,heating,independent,legitimate
ds-job-083,18,177.08,91.34,0.0,heating,independent,legitimate
ds-job-083,19,210.45,173.42,0.0,heating,independent,legitimate
ds-job-083,20,216.41,87.23,0.0,heating,independent,legitimate
ds-job-083,21,192.87,119.87,0.0,heating,independent,legitimate
ds-job-083,22,204.49,140.08,0.0,heating,independent,legitimate
ds-job-083,23,216.32,152.07,0.0,heating,independent,legitimate
ds-job-083,24,240.58,149.18,0.0,heating,independent,legitimate
ds-job-083,25,201.02,138.98,0.0,heating,independent,legitimate
ds-job-083,26,190.95,157.22,0.0,heating,independent,legitimate
ds-job-083,27,213.4,105.52,0.0,heating,independent,legitimate
ds-job-083,28,201.97,106.9,0.0,heating,independent,legitimate
ds-job-083,29,182.9,210.0,0.0,heating,independent,legitimate
ds-job-083,30,194.45,92.2,0.0,heating,independent,legitimate
ds-job-083,31,219.36,139.38,0.0,heating,independent,legitimate
ds-job-083,32,193.52,112.29,0.0,heating,independent,legitimate
ds-job-083,33,227.21,130.86,0.0,heating,independent,legitimate
ds-job-083,34,365.65,212.27,11.45,printing,independent,legitimate
ds-job-083,35,334.25,209.32,11.73,printing,independent,legitimate
ds-job-083,36,377.85,215.56,11.87,printing,independent,legitimate
ds-job-083,37,339.48,209.52,12.05,printing,independent,legitimate
ds-job-083,38,374.02,213.22,13.07,printing,independent,legitimate
ds-job-083,39,354.55,204.48,13.4,printing,independent,legitimate
ds-job-083,40,328.91,216.0,8.7,printing,independent,legitimate
ds-job-083,41,350.77,210.48,13.2,printing,independent,legitimate
ds-job-083,42,348.11,212.17,12.07,printing,independent,legitimate
ds-job-083,43,364.14,205.42,11.81,printing,independent,legitimate
ds-job-083,44,354.99,206.92,13.62,printing,independent,legitimate
ds-job-083,45,348.73,208.48,12.6,printing,independent,legitimate
ds-job-083,46,328.45,205.18,12.82,printing,independent,legitimate
ds-job-083,47,359.08,208.53,10.58,printing,independent,legitimate
ds-job-083,48,341.94,207.08,11.58,printing,independent,legitimate
ds-job-083,49,330.16,210.62,9.33,printing,independent,legitimate
ds-job-083,50,328.07,208.48,11.01,printing,independent,legitimate
ds-job-083,51,376.14,203.7,12.21,printing,independent,legitimate
ds-job-083,52,361.67,210.24,12.52,printing,independent,legitimate
ds-job-083,53,316.07,211.77,12.55,printing,independent,legitimate
ds-job-083,54,346.61,210.98,11.72,printing,independent,legitimate
ds-job-083,55,321.45,209.12,8.72,printing,independent,legitimate
ds-job-083,56,353.45,202.41,10.49,printing,independent,legitimate
ds-job-083,57,359.65,210.09,11.66,printing,independent,legitimate
ds-job-083,58,349.99,205.77,13.17,printing,independent,legitimate
ds-job-083,59,354.63,208.11,10.6,printing,independent,legitimate
ds-job-083,60,368.35,203.1,10.99,printing,independent,legitimate
ds-job-083,61,376.95,208.19,10.62,printing,independent,legitimate
ds-job-083,62,360.11,208.47,10.13,printing,independent,legitimate
ds-job-083,63,355.28,205.19,9.7,printing,independent,legitimate
ds-job-083,64,326.91,208.53,12.85,printing,independent,legitimate
ds-job-083,65,366.86,204.75,10.37,printing,independent,legitimate
ds-job-083,66,318.63,215.14,11.29,printing,independent,legitimate
ds-job-083,67,381.61,210.33,13.06,printing,independent,legitimate
ds-job-083,68,336.49,203.82,11.71,printing,independent,legitimate
ds-job-083,69,350.44,209.99,11.09,printing,independent,legitimate
ds-job-083,70,317.3,208.01,11.67,printing,independent,legitimate
ds-job-083,71,339.49,208.67,8.87,printing,independent,legitimate
ds-job-083,72,329.63,206.69,11.75,printing,independent,legitimate
ds-job-083,73,352.08,211.53,10.8,printing,independent,legitimate
ds-job-083,74,336.2,208.24,11.85,printing,independent,legitimate
ds-job-083,75,343.85,205.76,12.94,printing,independent,legitimate
ds-job-083,76,362.73,208.87,11.44,printing,independent,legitimate
ds-job-083,77,365.78,209.81,13.03,printing,independent,legitimate
ds-job-083,78,351.48,209.81,12.19,printing,independent,legitimate
ds-job-083,79,363.23,211.17,11.1,printing,independent,legitimate
ds-job-083,80,374.41,206.88,11.12,printing,independent,legitimate
ds-job-083,81,366.16,215.96,13.85,printing,independent,legitimate
ds-job-083,82,373.62,209.52,12.15,printing,independent,legitimate
ds-job-083,83,367.21,211.83,11.13,printing,independent,legitimate
ds-job-083,84,367.68,209.41,10.81,printing,independent,legitimate
ds-job-083,85,333.09,202.01,10.85,printing,independent,legitimate
ds-job-083,86,330.82,209.28,11.35,printing,independent,legitimate
ds-job-083,87,328.05,212.04,11.77,printing,independent,legitimate
ds-job-083,88,353.79,206.02,12.54,printing,independent,legitimate
ds-job-083,89,342.41,215.72,13.85,printing,independent,legitimate
ds-job-083,90,362.2,208.57,12.5,printing,independent,legitimate
ds-job-083,91,371.51,210.96,12.66,printing,independent,legitimate
ds-job-083,92,338.46,205.86,11.55,printing,independent,legitimate
ds-job-083,93,337.81,213.77,10.38,printing,independent,legitimate
ds-job-083,94,356.24,211.66,12.78,printing,independent,legitimate
ds-job-083,95,373.66,204.31,12.05,printing,independent,legitimate
ds-job-083,96,335.72,210.83,11.01,printing,independent,legitimate
ds-job-083,97,369.92,212.55,14.58,printing,independent,legitimate
ds-job-083,98,348.96,205.89,11.27,printing,independent,legitimate
ds-job-083,99,343.05,211.25,12.8,printing,independent,legitimate
ds-job-083,100,350.25,209.32,13.34,printing,independent,legitimate
ds-job-083,101,331.22,207.48,11.63,printing,independent,legitimate
ds-job-083,102,343.23,204.87,13.08,printing,independent,legitimate
ds-job-083,103,387.88,208.95,11.44,printing,independent,legitimate
ds-job-083,104,349.1,211.45,12.2,printing,independent,legitimate
ds-job-083,105,369.74,211.55,12.37,printing,independent,legitimate
ds-job-083,106,336.36,212.52,11.03,printing,independent,legitimate
ds-job-083,107,346.26,207.85,11.65,printing,independent,legitimate
ds-job-083,108,347.54,207.92,10.64,printing,independent,legitimate
ds-job-083,109,345.27,210.64,12.66,printing,independent,legitimate
ds-job-083,110,363.84,210.14,10.69,printing,independent,legitimate
ds-job-083,111,358.07,207.95,10.65,printing,independent,legitimate
ds-job-083,112,342.62,210.09,12.99,printing,independent,legitimate
ds-job-083,113,349.51,207.73,11.37,printing,independent,legitimate
ds-job-083,114,359.67,209.11,13.01,printing,independent,legitimate
ds-job-083,115,366.35,209.18,11.62,printing,independent,legitimate
ds-job-083,116,338.29,213.23,12.18,printing,independent,legitimate
ds-job-083,117,343.92,209.24,10.77,printing,independent,legitimate
ds-job-083,118,366.24,208.7,12.22,printing,independent,legitimate
ds-job-083,119,347.78,207.57,11.74,printing,independent,legitimate
ds-job-083,120,340.2,204.46,12.28,printing,independent,legitimate
ds-job-083,121,356.7,207.59,11.87,printing,independent,legitimate
ds-job-083,122,370.35,212.24,11.8,printing,independent,legitimate
ds-job-083,123,349.8,210.68,11.68,printing,independent,legitimate
ds-job-083,124,364.71,210.71,13.62,printing,independent,legitimate
ds-job-083,125,334.81,207.91,12.02,printing,independent,legitimate
ds-job-083,126,345.24,209.26,10.57,printing,independent,legitimate
ds-job-083,127,335.28,209.32,10.77,printing,independent,legitimate
ds-job-083,128,338.45,204.63,9.38,printing,independent,legitimate
ds-job-083,129,351.12,207.92,12.63,printing,independent,legitimate
ds-job-083,130,326.56,206.95,10.07,printing,independent,legitimate
ds-job-083,131,346.73,208.23,11.32,printing,independent,legitimate
ds-job-083,132,345.59,211.89,14.28,printing,independent,legitimate
ds-job-083,133,359.76,203.94,11.76,printing,independent,legitimate
ds-job-083,134,342.71,213.35,11.67,printing,independent,legitimate
ds-job-083,135,342.14,209.03,11.93,printing,independent,legitimate
ds-job-083,136,380.39,206.78,9.53,printing,independent,legitimate
ds-job-083,137,354.39,205.73,12.44,printing,independent,legitimate
ds-job-083,138,317.74,208.99,10.22,printing,independent,legitimate
ds-job-083,139,309.36,211.97,10.08,printing,independent,legitimate
ds-job-083,140,338.03,205.31,10.1,printing,independent,legitimate
ds-job-083,141,356.39,206.1,10.92,printing,independent,legitimate
ds-job-083,142,345.73,207.33,12.53,printing,independent,legitimate
ds-job-083,143,315.96,204.77,11.83,printing,independent,legitimate
ds-job-083,144,364.26,209.0,10.64,printing,independent,legitimate
ds-job-083,145,344.18,208.77,10.59,printing,independent,legitimate
ds-job-083,146,347.62,209.97,11.01,printing,independent,legitimate
ds-job-083,147,353.72,204.69,11.88,printing,independent,legitimate
ds-job-083,148,351.51,202.86,8.36,printing,independent,legitimate
ds-job-083,149,355.69,204.17,11.57,printing,independent,legitimate
ds-job-083,150,341.0,209.99,12.69,printing,independent,legitimate
ds-job-083,151,352.92,210.31,13.31,printing,independent,legitimate
ds-job-083,152,356.04,207.43,13.39,printing,independent,legitimate
ds-job-083,153,313.95,209.94,10.08,printing,independent,legitimate
ds-job-083,154,340.2,204.74,11.79,printing,independent,legitimate
ds-job-083,155,340.16,205.82,10.76,printing,independent,legitimate
ds-job-083,156,381.71,211.24,12.62,printing,independent,legitimate
ds-job-083,157,340.79,211.35,11.54,printing,independent,legitimate
ds-job-083,158,57.04,126.45,0.0,cooling,independent,legitimate
ds-job-083,159,63.57,169.95,0.0,cooling,independent,legitimate
ds-job-083,160,63.1,144.18,0.0,cooling,independent,legitimate
ds-job-083,161,60.56,67.02,0.0,cooling,independent,legitimate
ds-job-083,162,52.06,74.71,0.0,cooling,independent,legitimate
ds-job-083,163,63.04,31.96,0.0,cooling,independent,legitimate
ds-job-083,164,56.41,118.29,0.0,cooling,independent,legitimate
ds-job-083,165,60.67,49.01,0.0,cooling,independent,legitimate
ds-job-083,166,75.65,122.49,0.0,cooling,independent,legitimate
ds-job-083,167,65.97,80.44,0.0,cooling,independent,legitimate
ds-job-083,168,65.8,104.92,0.0,cooling,independent,legitimate
ds-job-083,169,71.35,122.66,0.0,cooling,independent,legitimate
ds-job-083,170,61.14,102.78,0.0,cooling,independent,legitimate
ds-job-083,171,48.21,116.67,0.0,cooling,independent,legitimate
ds-job-083,172,59.86,162.56,0.0,cooling,independent,legitimate
ds-job-083,173,48.2,43.35,0.0,cooling,independent,legitimate
ds-job-083,174,70.48,97.43,0.0,cooling,independent,legitimate
ds-job-084,0,52.03,26.21,0.0,idle,independent,lazy-fake
ds-job-084,1,50.49,24.04,0.0,idle,independent,lazy-fake
ds-job-084,2,45.75,26.34,0.0,idle,independent,lazy-fake
ds-job-084,3,45.33,25.84,0.0,idle,independent,lazy-fake
ds-job-084,4,50.79,25.05,0.0,idle,independent,lazy-fake
ds-job-084,5,51.6,28.2,0.0,idle,independent,lazy-fake
ds-job-084,6,51.59,23.5,0.0,idle,independent,lazy-fake
ds-job-084,7,56.14,25.65,0.0,heating,independent,lazy-fake
ds-job-084,8,48.43,23.64,0.0,heating,independent,lazy-fake
ds-job-084,9,50.74,25.53,0.0,heating,independent,lazy-fake
ds-job-084,10,43.76,25.75,0.0,heating,independent,lazy-fake
ds-job-084,11,50.09,25.26,0.0,heating,independent,lazy-fake
ds-job-084,12,48.87,25.54,0.0,heating,independent,lazy-fake
ds-job-084,13,50.32,24.07,0.0,heating,independent,lazy-fake
ds-job-084,14,49.72,24.33,0.0,heating,independent,lazy-fake
ds-job-084,15,47.85,24.96,0.0,heating,independent,lazy-fake
ds-job-084,16,51.72,24.13,0.0,heating,independent,lazy-fake
ds-job-084,17,52.42,26.9,0.0,heating,independent,lazy-fake
ds-job-084,18,52.27,24.59,0.0,heating,independent,lazy-fake
ds-job-084,19,58.62,24.74,0.0,heating,independent,lazy-fake
ds-job-084,20,51.72,24.79,0.0,heating,independent,lazy-fake
ds-job-084,21,49.01,22.87,0.0,heating,independent,lazy-fake
ds-job-084,22,46.86,23.3,0.0,heating,independent,lazy-fake
ds-job-084,23,48.12,26.75,0.0,heating,independent,lazy-fake
ds-job-084,24,48.83,24.77,0.0,heating,independent,lazy-fake
ds-job-084,25,49.57,21.57,0.0,heating,independent,lazy-fake
ds-job-084,26,46.77,23.64,0.0,heating,independent,lazy-fake
ds-job-084,27,48.22,24.24,0.0,heating,independent,lazy-fake
ds-job-084,28,45.54,27.73,0.0,printing,independent,lazy-fake
ds-job-084,29,48.96,25.32,0.0,printing,independent,lazy-fake
ds-job-084,30,54.01,27.08,0.0,printing,independent,lazy-fake
ds-job-084,31,45.78,25.87,0.0,printing,independent,lazy-fake
ds-job-084,32,50.5,24.01,0.0,printing,independent,lazy-fake
ds-job-084,33,51.79,25.18,0.0,printing,independent,lazy-fake
ds-job-084,34,51.46,25.75,0.0,printing,independent,lazy-fake
ds-job-084,35,52.04,26.53,0.0,printing,independent,lazy-fake
ds-job-084,36,48.47,25.55,0.0,printing,independent,lazy-fake
ds-job-084,37,49.25,24.77,0.0,printing,independent,lazy-fake
ds-job-084,38,52.22,24.93,0.0,printing,independent,lazy-fake
ds-job-084,39,48.72,23.27,0.0,printing,independent,lazy-fake
ds-job-084,40,52.42,21.79,0.0,printing,independent,lazy-fake
ds-job-084,41,46.7,23.3,0.0,printing,independent,lazy-fake
ds-job-084,42,52.5,26.97,0.0,printing,independent,lazy-fake
ds-job-084,43,52.22,27.67,0.0,printing,independent,lazy-fake
ds-job-084,44,48.67,26.29,0.0,printing,independent,lazy-fake
ds-job-084,45,50.29,23.68,0.0,printing,independent,lazy-fake
ds-job-084,46,53.42,25.81,0.0,printing,independent,lazy-fake
ds-job-084,47,46.88,24.42,0.0,printing,independent,lazy-fake
ds-job-084,48,51.99,24.43,0.0,printing,independent,lazy-fake
ds-job-084,49,47.82,22.21,0.0,printing,independent,lazy-fake
ds-job-084,50,51.42,27.64,0.0,printing,independent,lazy-fake
ds-job-084,51,50.66,22.56,0.0,printing,independent,lazy-fake
ds-job-084,52,50.45,22.78,0.0,printing,independent,lazy-fake
ds-job-084,53,46.52,27.22,0.0,printing,independent,lazy-fake
ds-job-084,54,50.26,25.3,0.0,printing,independent,lazy-fake
ds-job-084,55,49.66,26.71,0.0,printing,independent,lazy-fake
ds-job-084,56,50.97,24.9,0.0,printing,independent,lazy-fake
ds-job-084,57,49.23,25.17,0.0,printing,independent,lazy-fake
ds-job-084,58,47.84,24.34,0.0,printing,independent,lazy-fake
ds-job-084,59,51.49,24.08,0.0,printing,independent,lazy-fake
ds-job-084,60,49.6,23.31,0.0,printing,independent,lazy-fake
ds-job-084,61,48.34,23.34,0.0,printing,independent,lazy-fake
ds-job-084,62,54.27,26.18,0.0,printing,independent,lazy-fake
ds-job-084,63,48.43,27.27,0.0,printing,independent,lazy-fake
ds-job-084,64,45.93,24.38,0.0,printing,independent,lazy-fake
ds-job-084,65,49.22,25.27,0.0,printing,independent,lazy-fake
ds-job-084,66,51.55,25.88,0.0,printing,independent,lazy-fake
ds-job-084,67,50.69,24.2,0.0,printing,independent,lazy-fake
ds-job-084,68,54.6,24.85,0.0,printing,independent,lazy-fake
ds-job-084,69,48.4,25.71,0.0,printing,independent,lazy-fake
ds-job-084,70,46.6,25.89,0.0,printing,independent,lazy-fake
ds-job-084,71,49.76,22.6,0.0,printing,independent,lazy-fake
ds-job-084,72,54.54,24.92,0.0,printing,independent,lazy-fake
ds-job-084,73,50.02,22.5,0.0,printing,independent,lazy-fake
ds-job-084,74,47.92,21.79,0.0,printing,independent,lazy-fake
ds-job-084,75,46.83,26.2,0.0,printing,independent,lazy-fake
ds-job-084,76,52.03,27.31,0.0,printing,independent,lazy-fake
ds-job-084,77,50.57,24.74,0.0,printing,independent,lazy-fake
ds-job-084,78,51.19,24.01,0.0,printing,independent,lazy-fake
ds-job-084,79,49.41,25.98,0.0,printing,independent,lazy-fake
ds-job-084,80,48.73,25.96,0.0,printing,independent,lazy-fake
ds-job-084,81,56.09,27.72,0.0,printing,independent,lazy-fake
ds-job-084,82,49.41,23.57,0.0,printing,independent,lazy-fake
ds-job-084,83,50.47,27.19,0.0,printing,independent,lazy-fake
ds-job-084,84,43.53,24.25,0.0,printing,independent,lazy-fake
ds-job-084,85,50.59,26.63,0.0,printing,independent,lazy-fake
ds-job-084,86,50.06,27.41,0.0,printing,independent,lazy-fake
ds-job-084,87,49.08,25.52,0.0,printing,independent,lazy-fake
ds-job-084,88,50.33,23.88,0.0,printing,independent,lazy-fake
ds-job-084,89,44.3,24.96,0.0,printing,independent,lazy-fake
ds-job-084,90,50.56,24.54,0.0,printing,independent,lazy-fake
ds-job-084,91,49.27,25.04,0.0,printing,independent,lazy-fake
ds-job-084,92,53.32,25.07,0.0,printing,independent,lazy-fake
ds-job-084,93,51.71,25.76,0.0,printing,independent,lazy-fake
ds-job-084,94,52.14,24.78,0.0,printing,independent,lazy-fake
ds-job-084,95,48.08,26.75,0.0,printing,independent,lazy-fake
ds-job-084,96,46.47,21.85,0.0,printing,independent,lazy-fake
ds-job-084,97,43.38,25.02,0.0,printing,independent,lazy-fake
ds-job-084,98,49.03,27.08,0.0,printing,independent,lazy-fake
ds-job-084,99,49.25,24.38,0.0,printing,independent,lazy-fake
ds-job-084,100,47.68,24.4,0.0,printing,independent,lazy-fake
ds-job-084,101,47.35,22.67,0.0,printing,independent,lazy-fake
ds-job-084,102,52.37,25.17,0.0,printing,independent,lazy-fake
ds-job-084,103,50.45,27.81,0.0,printing,independent,lazy-fake
ds-job-084,104,46.93,26.11,0.0,printing,independent,lazy-fake
ds-job-084,105,52.38,25.32,0.0,printing,independent,lazy-fake
ds-job-084,106,46.49,22.22,0.0,printing,independent,lazy-fake
ds-job-084,107,49.26,25.35,0.0,printing,independent,lazy-fake
ds-job-084,108,53.61,23.4,0.0,printing,independent,lazy-fake
ds-job-084,109,41.93,26.96,0.0,printing,independent,lazy-fake
ds-job-084,110,53.84,26.78,0.0,printing,independent,lazy-fake
ds-job-084,111,49.83,24.48,0.0,printing,independent,lazy-fake
ds-job-084,112,49.95,24.55,0.0,printing,independent,lazy-fake
ds-job-084,113,50.25,25.85,0.0,printing,independent,lazy-fake
ds-job-084,114,49.88,21.66,0.0,printing,independent,lazy-fake
ds-job-084,115,46.28,26.15,0.0,printing,independent,lazy-fake
ds-job-084,116,43.36,26.73,0.0,printing,independent,lazy-fake
ds-job-084,117,51.64,26.79,0.0,printing,independent,lazy-fake
ds-job-084,118,51.33,25.88,0.0,printing,independent,lazy-fake
ds-job-084,119,52.08,24.68,0.0,printing,independent,lazy-fake
ds-job-084,120,47.62,21.84,0.0,printing,independent,lazy-fake
ds-job-084,121,52.54,22.42,0.0,printing,independent,lazy-fake
ds-job-084,122,51.07,27.11,0.0,printing,independent,lazy-fake
ds-job-084,123,49.45,27.64,0.0,printing,independent,lazy-fake
ds-job-084,124,51.76,24.75,0.0,printing,independent,lazy-fake
ds-job-084,125,49.55,23.54,0.0,printing,independent,lazy-fake
ds-job-084,126,52.38,27.23,0.0,printing,independent,lazy-fake
ds-job-084,127,40.79,27.97,0.0,cooling,independent,lazy-fake
ds-job-084,128,57.7,25.94,0.0,cooling,independent,lazy-fake
ds-job-084,129,48.59,25.96,0.0,cooling,independent,lazy-fake
ds-job-084,130,50.44,26.32,0.0,cooling,independent,lazy-fake
ds-job-084,131,50.87,25.9,0.0,cooling,independent,lazy-fake
ds-job-084,132,46.99,24.07,0.0,cooling,independent,lazy-fake
ds-job-084,133,55.97,28.75,0.0,cooling,independent,lazy-fake
ds-job-084,134,47.74,25.03,0.0,cooling,independent,lazy-fake
ds-job-084,135,49.05,22.67,0.0,cooling,independent,lazy-fake
ds-job-084,136,50.0,27.21,0.0,cooling,independent,lazy-fake
ds-job-084,137,47.69,23.22,0.0,cooling,independent,lazy-fake
ds-job-084,138,47.3,25.26,0.0,cooling,independent,lazy-fake
ds-job-084,139,53.03,23.11,0.0,cooling,independent,lazy-fake
ds-job-084,140,52.42,23.85,0.0,cooling,independent,lazy-fake
ds-job-085,0,48.15,24.47,0.0,idle,independent,lazy-fake
ds-job-085,1,51.46,26.4,0.0,idle,independent,lazy-fake
ds-job-085,2,48.49,24.1,0.0,idle,independent,lazy-fake
ds-job-085,3,45.11,21.71,0.0,idle,independent,lazy-fake
ds-job-085,4,47.38,26.24,0.0,idle,independent,lazy-fake
ds-job-085,5,52.89,26.42,0.0,heating,independent,lazy-fake
ds-job-085,6,49.04,24.5,0.0,heating,independent,lazy-fake
ds-job-085,7,53.47,25.06,0.0,heating,independent,lazy-fake
ds-job-085,8,43.53,22.95,0.0,heating,independent,lazy-fake
ds-job-085,9,43.49,25.73,0.0,heating,independent,lazy-fake
ds-job-085,10,49.4,26.04,0.0,heating,independent,lazy-fake
ds-job-085,11,50.5,24.3,0.0,heating,independent,lazy-fake
ds-job-085,12,53.73,27.29,0.0,heating,independent,lazy-fake
ds-job-085,13,50.11,23.62,0.0,heating,independent,lazy-fake
ds-job-085,14,51.01,26.77,0.0,heating,independent,lazy-fake
ds-job-085,15,48.68,24.75,0.0,heating,independent,lazy-fake
ds-job-085,16,49.76,25.84,0.0,heating,independent,lazy-fake
ds-job-085,17,46.7,22.88,0.0,heating,independent,lazy-fake
ds-job-085,18,51.72,25.77,0.0,heating,independent,lazy-fake
ds-job-085,19,50.17,24.01,0.0,heating,independent,lazy-fake
ds-job-085,20,50.27,23.85,0.0,heating,independent,lazy-fake
ds-job-085,21,52.23,25.18,0.0,heating,independent,lazy-fake
ds-job-085,22,50.98,23.73,0.0,printing,independent,lazy-fake
ds-job-085,23,49.34,23.89,0.0,printing,independent,lazy-fake
ds-job-085,24,50.22,25.5,0.0,printing,independent,lazy-fake
ds-job-085,25,51.04,23.23,0.0,printing,independent,lazy-fake
ds-job-085,26,46.41,23.92,0.0,printing,independent,lazy-fake
ds-job-085,27,54.18,23.27,0.0,printing,independent,lazy-fake
ds-job-085,28,48.35,24.08,0.0,printing,independent,lazy-fake
ds-job-085,29,52.18,25.78,0.0,printing,independent,lazy-fake
ds-job-085,30,53.39,26.43,0.0,printing,independent,lazy-fake
ds-job-085,31,50.72,26.67,0.0,printing,independent,lazy-fake
ds-job-085,32,42.2,26.77,0.0,printing,independent,lazy-fake
ds-job-085,33,47.67,24.74,0.0,printing,independent,lazy-fake
ds-job-085,34,48.82,24.51,0.0,printing,independent,lazy-fake
ds-job-085,35,51.82,24.14,0.0,printing,independent,lazy-fake
ds-job-085,36,52.66,26.49,0.0,printing,independent,lazy-fake
ds-job-085,37,54.64,23.81,0.0,printing,independent,lazy-fake
ds-job-085,38,50.72,24.86,0.0,printing,independent,lazy-fake
ds-job-085,39,48.92,28.4,0.0,printing,independent,lazy-fake
ds-job-085,40,51.62,25.96,0.0,printing,independent,lazy-fake
ds-job-085,41,55.11,25.57,0.0,printing,independent,lazy-fake
ds-job-085,42,46.45,25.2,0.0,printing,independent,lazy-fake
ds-job-085,43,47.23,23.61,0.0,printing,independent,lazy-fake
ds-job-085,44,52.46,21.99,0.0,printing,independent,lazy-fake
ds-job-085,45,46.72,24.61,0.0,printing,independent,lazy-fake
ds-job-085,46,54.45,25.25,0.0,printing,independent,lazy-fake
ds-job-085,47,54.85,22.08,0.0,printing,independent,lazy-fake
ds-job-085,48,48.42,26.77,0.0,printing,independent,lazy-fake
ds-job-085,49,49.42,24.07,0.0,printing,independent,lazy-fake
ds-job-085,50,41.28,23.73,0.0,printing,independent,lazy-fake
ds-job-085,51,46.92,25.5,0.0,printing,independent,lazy-fake
ds-job-085,52,47.16,25.2,0.0,printing,independent,lazy-fake
ds-job-085,53,47.3,25.42,0.0,printing,independent,lazy-fake
ds-job-085,54,53.98,26.44,0.0,printing,independent,lazy-fake
ds-job-085,55,44.41,26.19,0.0,printing,independent,lazy-fake
ds-job-085,56,43.62,25.79,0.0,printing,independent,lazy-fake
ds-job-085,57,55.24,27.3,0.0,printing,independent,lazy-fake
ds-job-085,58,46.3,23.78,0.0,printing,independent,lazy-fake
ds-job-085,59,56.13,25.45,0.0,printing,independent,lazy-fake
ds-job-085,60,50.1,24.05,0.0,printing,independent,lazy-fake
ds-job-085,61,48.92,23.48,0.0,printing,independent,lazy-fake
ds-job-085,62,46.17,25.21,0.0,printing,independent,lazy-fake
ds-job-085,63,49.04,24.37,0.0,printing,independent,lazy-fake
ds-job-085,64,46.01,23.38,0.0,printing,independent,lazy-fake
ds-job-085,65,51.26,25.22,0.0,printing,independent,lazy-fake
ds-job-085,66,51.07,28.98,0.0,printing,independent,lazy-fake
ds-job-085,67,53.71,24.82,0.0,printing,independent,lazy-fake
ds-job-085,68,60.0,26.9,0.0,printing,independent,lazy-fake
ds-job-085,69,54.72,27.63,0.0,printing,independent,lazy-fake
ds-job-085,70,46.54,26.07,0.0,printing,independent,lazy-fake
ds-job-085,71,44.55,27.39,0.0,printing,independent,lazy-fake
ds-job-085,72,42.58,24.4,0.0,printing,independent,lazy-fake
ds-job-085,73,56.81,25.12,0.0,printing,independent,lazy-fake
ds-job-085,74,50.92,26.83,0.0,printing,independent,lazy-fake
ds-job-085,75,54.62,24.41,0.0,printing,independent,lazy-fake
ds-job-085,76,56.36,25.12,0.0,printing,independent,lazy-fake
ds-job-085,77,47.27,22.34,0.0,printing,independent,lazy-fake
ds-job-085,78,58.69,25.35,0.0,printing,independent,lazy-fake
ds-job-085,79,45.72,26.01,0.0,printing,independent,lazy-fake
ds-job-085,80,50.44,23.47,0.0,printing,independent,lazy-fake
ds-job-085,81,53.16,22.83,0.0,printing,independent,lazy-fake
ds-job-085,82,56.36,25.0,0.0,printing,independent,lazy-fake
ds-job-085,83,51.54,24.84,0.0,printing,independent,lazy-fake
ds-job-085,84,49.7,24.24,0.0,printing,independent,lazy-fake
ds-job-085,85,51.81,25.44,0.0,printing,independent,lazy-fake
ds-job-085,86,52.94,25.82,0.0,printing,independent,lazy-fake
ds-job-085,87,45.33,26.09,0.0,printing,independent,lazy-fake
ds-job-085,88,48.68,26.77,0.0,printing,independent,lazy-fake
ds-job-085,89,51.45,26.47,0.0,printing,independent,lazy-fake
ds-job-085,90,46.37,28.56,0.0,printing,independent,lazy-fake
ds-job-085,91,52.87,27.16,0.0,printing,independent,lazy-fake
ds-job-085,92,52.77,26.36,0.0,printing,independent,lazy-fake
ds-job-085,93,53.22,24.15,0.0,printing,independent,lazy-fake
ds-job-085,94,52.04,25.21,0.0,printing,independent,lazy-fake
ds-job-085,95,50.7,26.54,0.0,printing,independent,lazy-fake
ds-job-085,96,48.1,23.92,0.0,printing,independent,lazy-fake
ds-job-085,97,54.64,26.79,0.0,printing,independent,lazy-fake
ds-job-085,98,53.61,25.23,0.0,printing,independent,lazy-fake
ds-job-085,99,47.44,25.21,0.0,printing,independent,lazy-fake
ds-job-085,100,45.27,28.43,0.0,printing,independent,lazy-fake
ds-job-085,101,53.04,25.2,0.0,printing,independent,lazy-fake
ds-job-085,102,48.2,24.99,0.0,printing,independent,lazy-fake
ds-job-085,103,44.46,25.46,0.0,printing,independent,lazy-fake
ds-job-085,104,49.38,23.48,0.0,printing,independent,lazy-fake
ds-job-085,105,50.28,24.71,0.0,printing,independent,lazy-fake
ds-job-085,106,44.26,25.69,0.0,cooling,independent,lazy-fake
ds-job-085,107,47.01,27.27,0.0,cooling,independent,lazy-fake
ds-job-085,108,48.32,29.13,0.0,cooling,independent,lazy-fake
ds-job-085,109,50.05,25.96,0.0,cooling,independent,lazy-fake
ds-job-085,110,51.43,24.7,0.0,cooling,independent,lazy-fake
ds-job-085,111,46.76,27.04,0.0,cooling,independent,lazy-fake
ds-job-085,112,49.59,24.89,0.0,cooling,independent,lazy-fake
ds-job-085,113,51.48,25.49,0.0,cooling,independent,lazy-fake
ds-job-085,114,56.15,24.92,0.0,cooling,independent,lazy-fake
ds-job-085,115,49.01,25.3,0.0,cooling,independent,lazy-fake
ds-job-085,116,46.56,27.44,0.0,cooling,independent,lazy-fake
ds-job-086,0,52.71,21.78,0.0,idle,independent,legitimate
ds-job-086,1,47.4,26.93,0.0,idle,independent,legitimate
ds-job-086,2,45.37,23.32,0.0,idle,independent,legitimate
ds-job-086,3,50.15,22.32,0.0,idle,independent,legitimate
ds-job-086,4,45.45,28.4,0.0,idle,independent,legitimate
ds-job-086,5,204.69,176.8,0.0,heating,independent,legitimate
ds-job-086,6,212.87,92.73,0.0,heating,independent,legitimate
ds-job-086,7,210.51,131.01,0.0,heating,independent,legitimate
ds-job-086,8,190.32,38.49,0.0,heating,independent,legitimate
ds-job-086,9,188.52,129.25,0.0,heating,independent,legitimate
ds-job-086,10,205.08,158.93,0.0,heating,independent,legitimate
ds-job-086,11,228.31,160.62,0.0,heating,independent,legitimate
ds-job-086,12,207.02,127.12,0.0,heating,independent,legitimate
ds-job-086,13,241.39,122.32,0.0,heating,independent,legitimate
ds-job-086,14,177.9,161.0,0.0,heating,independent,legitimate
ds-job-086,15,200.54,145.56,0.0,heating,independent,legitimate
ds-job-086,16,219.11,105.37,0.0,heating,independent,legitimate
ds-job-086,17,170.45,167.76,0.0,heating,independent,legitimate
ds-job-086,18,228.83,147.47,0.0,heating,independent,legitimate
ds-job-086,19,206.02,95.37,0.0,heating,independent,legitimate
ds-job-086,20,361.53,204.24,10.8,printing,independent,legitimate
ds-job-086,21,333.59,206.96,10.77,printing,independent,legitimate
ds-job-086,22,355.36,212.64,12.62,printing,independent,legitimate
ds-job-086,23,392.0,208.29,11.51,printing,independent,legitimate
ds-job-086,24,343.13,209.95,10.51,printing,independent,legitimate
ds-job-086,25,329.89,210.59,9.91,printing,independent,legitimate
ds-job-086,26,344.7,207.99,10.51,printing,independent,legitimate
ds-job-086,27,359.53,209.41,11.12,printing,independent,legitimate
ds-job-086,28,331.27,210.63,11.38,printing,independent,legitimate
ds-job-086,29,331.28,208.5,12.86,printing,independent,legitimate
ds-job-086,30,385.78,210.53,10.02,printing,independent,legitimate
ds-job-086,31,331.83,208.17,11.97,printing,independent,legitimate
ds-job-086,32,332.9,211.78,11.0,printing,independent,legitimate
ds-job-086,33,348.07,207.17,11.22,printing,independent,legitimate
ds-job-086,34,341.25,212.68,12.64,printing,independent,legitimate
ds-job-086,35,363.75,205.22,11.87,printing,independent,legitimate
ds-job-086,36,352.67,207.82,13.47,printing,independent,legitimate
ds-job-086,37,351.88,209.56,11.84,printing,independent,legitimate
ds-job-086,38,368.69,208.34,11.14,printing,independent,legitimate
ds-job-086,39,359.31,208.1,11.67,printing,independent,legitimate
ds-job-086,40,363.63,209.83,12.21,printing,independent,legitimate
ds-job-086,41,363.7,212.8,11.24,printing,independent,legitimate
ds-job-086,42,364.34,210.36,13.38,printing,independent,legitimate
ds-job-086,43,339.78,209.59,13.77,printing,independent,legitimate
ds-job-086,44,338.47,206.58,12.54,printing,independent,legitimate
ds-job-086,45,363.67,203.56,13.67,printing,independent,legitimate
ds-job-086,46,360.65,210.65,10.2,printing,independent,legitimate
ds-job-086,47,347.45,208.92,11.95,printing,independent,legitimate
ds-job-086,48,352.96,206.74,9.91,printing,independent,legitimate
ds-job-086,49,360.76,206.54,10.81,printing,independent,legitimate
ds-job-086,50,342.39,207.26,13.08,printing,independent,legitimate
ds-job-086,51,382.36,209.76,10.22,printing,independent,legitimate
ds-job-086,52,375.43,208.33,10.04,printing,independent,legitimate
ds-job-086,53,342.31,205.87,9.49,printing,independent,legitimate
ds-job-086,54,342.33,210.43,11.9,printing,independent,legitimate
ds-job-086,55,342.07,207.12,9.29,printing,independent,legitimate
ds-job-086,56,359.16,212.79,12.58,printing,independent,legitimate
ds-job-086,57,353.49,211.63,12.03,printing,independent,legitimate
ds-job-086,58,367.33,204.71,12.21,printing,independent,legitimate
ds-job-086,59,365.8,211.49,10.75,printing,independent,legitimate
ds-job-086,60,354.34,206.19,9.92,printing,independent,legitimate
ds-job-086,61,381.06,207.49,11.19,printing,independent,legitimate
ds-job-086,62,362.13,200.65,11.29,printing,independent,legitimate
ds-job-086,63,315.48,214.05,10.85,printing,independent,legitimate
ds-job-086,64,361.85,209.07,11.94,printing,independent,legitimate
ds-job-086,65,348.93,212.88,11.37,printing,independent,legitimate
ds-job-086,66,321.13,213.2,12.57,printing,independent,legitimate
ds-job-086,67,356.06,204.29,13.35,printing,independent,legitimate
ds-job-086,68,359.33,206.6,11.97,printing,independent,legitimate
ds-job-086,69,362.0,205.95,10.55,printing,independent,legitimate
ds-job-086,70,355.17,212.87,11.87,printing,independent,legitimate
ds-job-086,71,376.19,209.84,13.69,printing,independent,legitimate
ds-job-086,72,358.89,206.45,11.24,printing,independent,legitimate
ds-job-086,73,363.53,212.39,11.03,printing,independent,legitimate
ds-job-086,74,351.17,207.12,11.37,printing,independent,legitimate
ds-job-086,75,362.11,212.37,11.14,printing,independent,legitimate
ds-job-086,76,367.61,210.02,11.55,printing,independent,legitimate
ds-job-086,77,385.5,208.2,13.8,printing,independent,legitimate
ds-job-086,78,343.69,206.34,12.12,printing,independent,legitimate
ds-job-086,79,353.32,210.24,10.42,printing,independent,legitimate
ds-job-086,80,367.61,209.0,12.58,printing,independent,legitimate
ds-job-086,81,346.11,203.64,12.36,printing,independent,legitimate
ds-job-086,82,349.1,205.89,12.66,printing,independent,legitimate
ds-job-086,83,340.97,209.24,9.82,printing,independent,legitimate
ds-job-086,84,334.39,212.0,10.94,printing,independent,legitimate
ds-job-086,85,327.48,203.51,11.42,printing,independent,legitimate
ds-job-086,86,338.83,215.57,11.8,printing,independent,legitimate
ds-job-086,87,336.2,208.57,10.82,printing,independent,legitimate
ds-job-086,88,359.17,215.88,10.86,printing,independent,legitimate
ds-job-086,89,368.69,213.65,10.67,printing,independent,legitimate
ds-job-086,90,360.73,210.81,12.13,printing,independent,legitimate
ds-job-086,91,344.91,213.3,10.89,printing,independent,legitimate
ds-job-086,92,347.84,201.17,11.38,printing,independent,legitimate
ds-job-086,93,328.89,211.32,11.38,printing,independent,legitimate
ds-job-086,94,50.03,112.03,0.0,cooling,independent,legitimate
ds-job-086,95,60.14,77.21,0.0,cooling,independent,legitimate
ds-job-086,96,78.4,131.34,0.0,cooling,independent,legitimate
ds-job-086,97,73.38,50.17,0.0,cooling,independent,legitimate
ds-job-086,98,63.37,156.2,0.0,cooling,independent,legitimate
ds-job-086,99,58.72,96.58,0.0,cooling,independent,legitimate
ds-job-086,100,73.42,170.41,0.0,cooling,independent,legitimate
ds-job-086,101,65.15,85.22,0.0,cooling,independent,legitimate
ds-job-086,102,77.36,90.05,0.0,cooling,independent,legitimate
ds-job-086,103,67.36,125.22,0.0,cooling,independent,legitimate
ds-job-087,0,44.97,28.09,0.0,idle,independent,legitimate
ds-job-087,1,51.91,26.95,0.0,idle,independent,legitimate
ds-job-087,2,45.33,23.54,0.0,idle,independent,legitimate
ds-job-087,3,52.4,27.27,0.0,idle,independent,legitimate
ds-job-087,4,209.63,152.65,0.0,heating,independent,legitimate
ds-job-087,5,182.48,115.68,0.0,heating,independent,legitimate
ds-job-087,6,190.47,175.82,0.0,heating,independent,legitimate
ds-job-087,7,205.41,98.15,0.0,heating,independent,legitimate
ds-job-087,8,206.82,98.54,0.0,heating,independent,legitimate
ds-job-087,9,198.38,109.05,0.0,heating,independent,legitimate
ds-job-087,10,208.91,102.18,0.0,heating,independent,legitimate
ds-job-087,11,206.07,172.31,0.0,heating,independent,legitimate
ds-job-087,12,194.97,169.3,0.0,heating,independent,legitimate
ds-job-087,13,221.51,124.17,0.0,heating,independent,legitimate
ds-job-087,14,189.94,115.16,0.0,heating,independent,legitimate
ds-job-087,15,180.76,97.22,0.0,heating,independent,legitimate
ds-job-087,16,203.86,110.35,0.0,heating,independent,legitimate
ds-job-087,17,236.99,91.05,0.0,heating,independent,legitimate
ds-job-087,18,359.65,207.8,11.24,printing,independent,legitimate
ds-job-087,19,374.53,214.35,12.45,printing,independent,legitimate
ds-job-087,20,333.37,208.45,11.23,printing,independent,legitimate
ds-job-087,21,357.4,205.15,11.05,printing,independent,legitimate
ds-job-087,22,367.3,208.43,10.39,printing,independent,legitimate
ds-job-087,23,354.27,201.63,13.53,printing,independent,legitimate
ds-job-087,24,351.18,213.72,13.55,printing,independent,legitimate
ds-job-087,25,323.12,215.04,13.27,printing,independent,legitimate
ds-job-087,26,364.14,210.93,11.11,printing,independent,legitimate
ds-job-087,27,344.79,208.55,11.28,printing,independent,legitimate
ds-job-087,28,360.92,206.81,11.99,printing,independent,legitimate
ds-job-087,29,349.77,208.42,13.29,printing,independent,legitimate
ds-job-087,30,347.31,215.49,9.35,printing,independent,legitimate
ds-job-087,31,368.2,202.12,10.23,printing,independent,legitimate
ds-job-087,32,330.23,209.59,11.49,printing,independent,legitimate
ds-job-087,33,358.22,206.03,11.89,printing,independent,legitimate
ds-job-087,34,352.42,209.54,11.66,printing,independent,legitimate
ds-job-087,35,359.56,212.48,10.32,printing,independent,legitimate
ds-job-087,36,335.44,210.36,11.89,printing,independent,legitimate
ds-job-087,37,346.93,215.06,11.02,printing,independent,legitimate
ds-job-087,38,347.0,207.92,11.86,printing,independent,legitimate
ds-job-087,39,382.04,207.0,9.33,printing,independent,legitimate
ds-job-087,40,320.88,204.1,11.25,printing,independent,legitimate
ds-job-087,41,373.68,212.33,11.25,printing,independent,legitimate
ds-job-087,42,346.25,207.4,11.94,printing,independent,legitimate
ds-job-087,43,362.13,209.17,8.41,printing,independent,legitimate
ds-job-087,44,394.89,207.88,13.34,printing,independent,legitimate
ds-job-087,45,351.35,212.89,9.38,printing,independent,legitimate
ds-job-087,46,326.48,211.01,9.71,printing,independent,legitimate
ds-job-087,47,341.55,212.84,9.54,printing,independent,legitimate
ds-job-087,48,345.14,207.75,9.67,printing,independent,legitimate
ds-job-087,49,335.02,215.93,12.7,printing,independent,legitimate
ds-job-087,50,354.6,212.01,10.69,printing,independent,legitimate
ds-job-087,51,329.71,208.87,11.66,printing,independent,legitimate
ds-job-087,52,331.89,207.96,11.15,printing,independent,legitimate
ds-job-087,53,329.68,207.22,10.1,printing,independent,legitimate
ds-job-087,54,368.76,208.72,10.88,printing,independent,legitimate
ds-job-087,55,359.43,207.67,12.01,printing,independent,legitimate
ds-job-087,56,341.96,209.08,10.54,printing,independent,legitimate
ds-job-087,57,362.39,204.49,11.99,printing,independent,legitimate
ds-job-087,58,335.42,207.85,10.97,printing,independent,legitimate
ds-job-087,59,352.99,208.57,11.35,printing,independent,legitimate
ds-job-087,60,342.97,209.86,10.33,printing,independent,legitimate
ds-job-087,61,344.17,208.81,11.98,printing,independent,legitimate
ds-job-087,62,359.52,200.7,11.14,printing,independent,legitimate
ds-job-087,63,348.6,201.87,9.37,printing,independent,legitimate
ds-job-087,64,367.71,205.13,10.78,printing,independent,legitimate
ds-job-087,65,341.65,208.01,9.71,printing,independent,legitimate
ds-job-087,66,335.63,206.54,12.83,printing,independent,legitimate
ds-job-087,67,381.17,213.71,13.53,printing,independent,legitimate
ds-job-087,68,348.71,209.67,9.8,printing,independent,legitimate
ds-job-087,69,369.76,206.41,12.29,printing,independent,legitimate
ds-job-087,70,343.47,212.39,9.54,printing,independent,legitimate
ds-job-087,71,330.87,207.81,12.35,printing,independent,legitimate
ds-job-087,72,344.73,208.81,12.2,printing,independent,legitimate
ds-job-087,73,356.05,213.91,11.15,printing,independent,legitimate
ds-job-087,74,353.74,210.41,9.87,printing,independent,legitimate
ds-job-087,75,328.34,205.84,11.95,printing,independent,legitimate
ds-job-087,76,346.83,209.37,10.55,printing,independent,legitimate
ds-job-087,77,356.18,212.67,11.23,printing,independent,legitimate
ds-job-087,78,334.88,202.9,10.19,printing,independent,legitimate
ds-job-087,79,330.7,207.93,10.73,printing,independent,legitimate
ds-job-087,80,350.75,207.8,11.79,printing,independent,legitimate
ds-job-087,81,333.98,209.79,12.76,printing,independent,legitimate
ds-job-087,82,319.86,208.79,13.78,printing,independent,legitimate
ds-job-087,83,342.6,208.49,10.23,printing,independent,legitimate
ds-job-087,84,354.93,210.6,11.73,printing,independent,legitimate
ds-job-087,85,351.74,208.46,11.11,printing,independent,legitimate
ds-job-087,86,362.12,203.45,13.71,printing,independent,legitimate
ds-job-087,87,387.59,206.85,11.79,printing,independent,legitimate
ds-job-087,88,70.94,143.77,0.0,cooling,independent,legitimate
ds-job-087,89,73.54,123.88,0.0,cooling,independent,legitimate
ds-job-087,90,53.85,103.12,0.0,cooling,independent,legitimate
ds-job-087,91,66.81,131.92,0.0,cooling,independent,legitimate
ds-job-087,92,57.34,50.53,0.0,cooling,independent,legitimate
ds-job-087,93,62.49,166.25,0.0,cooling,independent,legitimate
ds-job-087,94,74.25,113.68,0.0,cooling,independent,legitimate
ds-job-087,95,65.7,113.39,0.0,cooling,independent,legitimate
ds-job-087,96,54.66,142.83,0.0,cooling,independent,legitimate
ds-job-088,0,52.75,28.6,0.0,idle,independent,legitimate
ds-job-088,1,49.24,25.55,0.0,idle,independent,legitimate
ds-job-088,2,51.63,25.55,0.0,idle,independent,legitimate
ds-job-088,3,53.57,25.37,0.0,idle,independent,legitimate
ds-job-088,4,42.96,27.11,0.0,idle,independent,legitimate
ds-job-088,5,220.24,158.93,0.0,heating,independent,legitimate
ds-job-088,6,222.11,133.75,0.0,heating,independent,legitimate
ds-job-088,7,213.53,172.49,0.0,heating,independent,legitimate
ds-job-088,8,208.08,75.83,0.0,heating,independent,legitimate
ds-job-088,9,204.82,115.96,0.0,heating,independent,legitimate
ds-job-088,10,197.45,95.28,0.0,heating,independent,legitimate
ds-job-088,11,215.38,147.81,0.0,heating,independent,legitimate
ds-job-088,12,205.19,98.61,0.0,heating,independent,legitimate
ds-job-088,13,216.64,160.23,0.0,heating,independent,legitimate
ds-job-088,14,210.36,167.0,0.0,heating,independent,legitimate
ds-job-088,15,225.92,136.35,0.0,heating,independent,legitimate
ds-job-088,16,214.18,51.03,0.0,heating,independent,legitimate
ds-job-088,17,168.52,146.52,0.0,heating,independent,legitimate
ds-job-088,18,206.85,134.72,0.0,heating,independent,legitimate
ds-job-088,19,191.3,111.01,0.0,heating,independent,legitimate
ds-job-088,20,194.55,172.58,0.0,heating,independent,legitimate
ds-job-088,21,211.77,68.47,0.0,heating,independent,legitimate
ds-job-088,22,347.25,205.84,10.56,printing,independent,legitimate
ds-job-088,23,362.8,208.99,9.65,printing,independent,legitimate
ds-job-088,24,336.65,207.8,13.75,printing,independent,legitimate
ds-job-088,25,377.94,208.19,10.3,printing,independent,legitimate
ds-job-088,26,347.35,209.94,10.74,printing,independent,legitimate
ds-job-088,27,340.12,209.32,13.15,printing,independent,legitimate
ds-job-088,28,369.51,208.79,10.06,printing,independent,legitimate
ds-job-088,29,358.81,213.17,13.01,printing,independent,legitimate
ds-job-088,30,373.15,203.4,10.18,printing,independent,legitimate
ds-job-088,31,386.82,208.32,11.48,printing,independent,legitimate
ds-job-088,32,364.73,206.92,11.7,printing,independent,legitimate
ds-job-088,33,337.87,207.76,8.85,printing,independent,legitimate
ds-job-088,34,340.46,209.61,11.56,printing,independent,legitimate
ds-job-088,35,364.36,206.66,11.36,printing,independent,legitimate
ds-job-088,36,343.51,213.09,11.6,printing,independent,legitimate
ds-job-088,37,346.15,212.93,12.46,printing,independent,legitimate
ds-job-088,38,323.84,207.72,9.86,printing,independent,legitimate
ds-job-088,39,332.7,209.2,10.89,printing,independent,legitimate
ds-job-088,40,344.07,214.24,9.85,printing,independent,legitimate
ds-job-088,41,332.79,211.21,10.98,printing,independent,legitimate
ds-job-088,42,345.91,212.25,11.83,printing,independent,legitimate
ds-job-088,43,368.71,212.6,11.95,printing,independent,legitimate
ds-job-088,44,351.06,211.69,11.85,printing,independent,legitimate
ds-job-088,45,353.38,206.55,13.18,printing,independent,legitimate
ds-job-088,46,343.71,205.36,11.34,printing,independent,legitimate
ds-job-088,47,356.93,208.84,11.19,printing,independent,legitimate
ds-job-088,48,367.66,203.32,11.34,printing,independent,legitimate
ds-job-088,49,347.04,211.04,13.52,printing,independent,legitimate
ds-job-088,50,365.19,209.53,9.95,printing,independent,legitimate
ds-job-088,51,330.68,209.55,12.29,printing,independent,legitimate
ds-job-088,52,376.71,206.37,12.15,printing,independent,legitimate
ds-job-088,53,343.99,209.26,9.94,printing,independent,legitimate
ds-job-088,54,361.4,210.06,9.49,printing,independent,legitimate
ds-job-088,55,346.68,211.38,11.84,printing,independent,legitimate
ds-job-088,56,374.91,206.83,10.03,printing,independent,legitimate
ds-job-088,57,360.82,211.4,11.78,printing,independent,legitimate
ds-job-088,58,358.84,209.62,12.33,printing,independent,legitimate
ds-job-088,59,342.72,213.51,9.42,printing,independent,legitimate
ds-job-088,60,307.43,203.2,11.07,printing,independent,legitimate
ds-job-088,61,355.13,210.71,11.49,printing,independent,legitimate
ds-job-088,62,347.69,207.67,13.2,printing,independent,legitimate
ds-job-088,63,344.98,206.05,10.42,printing,independent,legitimate
ds-job-088,64,352.51,202.38,11.92,printing,independent,legitimate
ds-job-088,65,376.8,207.36,11.48,printing,independent,legitimate
ds-job-088,66,369.83,207.09,10.81,printing,independent,legitimate
ds-job-088,67,361.9,207.24,11.35,printing,independent,legitimate
ds-job-088,68,338.46,208.2,10.92,printing,independent,legitimate
ds-job-088,69,331.01,209.04,10.88,printing,independent,legitimate
ds-job-088,70,372.25,211.28,12.67,printing,independent,legitimate
ds-job-088,71,360.28,206.42,10.21,printing,independent,legitimate
ds-job-088,72,336.12,206.35,10.16,printing,independent,legitimate
ds-job-088,73,368.14,207.12,10.2,printing,independent,legitimate
ds-job-088,74,381.07,206.4,10.77,printing,independent,legitimate
ds-job-088,75,341.45,208.79,10.92,printing,independent,legitimate
ds-job-088,76,330.29,209.68,12.72,printing,independent,legitimate
ds-job-088,77,369.7,214.15,12.02,printing,independent,legitimate
ds-job-088,78,339.24,211.18,9.63,printing,independent,legitimate
ds-job-088,79,351.25,207.37,11.59,printing,independent,legitimate
ds-job-088,80,374.2,204.31,11.18,printing,independent,legitimate
ds-job-088,81,351.31,207.03,10.76,printing,independent,legitimate
ds-job-088,82,361.95,208.75,10.8,printing,independent,legitimate
ds-job-088,83,332.52,209.69,12.32,printing,independent,legitimate
ds-job-088,84,361.36,208.71,11.69,printing,independent,legitimate
ds-job-088,85,362.2,211.61,12.68,printing,independent,legitimate
ds-job-088,86,339.21,213.71,10.96,printing,independent,legitimate
ds-job-088,87,355.72,206.05,11.37,printing,independent,legitimate
ds-job-088,88,350.63,208.47,10.92,printing,independent,legitimate
ds-job-088,89,352.76,212.55,12.69,printing,independent,legitimate
ds-job-088,90,367.18,212.34,12.0,printing,independent,legitimate
ds-job-088,91,353.87,209.8,11.78,printing,independent,legitimate
ds-job-088,92,360.31,203.41,10.42,printing,independent,legitimate
ds-job-088,93,370.14,213.8,10.67,printing,independent,legitimate
ds-job-088,94,368.2,211.93,12.03,printing,independent,legitimate
ds-job-088,95,342.7,209.51,10.88,printing,independent,legitimate
ds-job-088,96,352.34,211.33,11.88,printing,independent,legitimate
ds-job-088,97,371.97,206.9,11.23,printing,independent,legitimate
ds-job-088,98,355.8,206.03,10.08,printing,independent,legitimate
ds-job-088,99,361.03,204.55,12.35,printing,independent,legitimate
ds-job-088,100,353.85,213.34,10.99,printing,independent,legitimate
ds-job-088,101,350.61,214.99,11.77,printing,independent,legitimate
ds-job-088,102,353.23,205.65,11.72,printing,independent,legitimate
ds-job-088,103,363.39,206.98,10.39,printing,independent,legitimate
ds-job-088,104,342.06,209.57,11.2,printing,independent,legitimate
ds-job-088,105,336.92,208.36,10.56,printing,independent,legitimate
ds-job-088,106,71.68,105.88,0.0,cooling,independent,legitimate
ds-job-088,107,68.13,141.87,0.0,cooling,independent,legitimate
ds-job-088,108,40.0,65.57,0.0,cooling,independent,legitimate
ds-job-088,109,65.03,112.2,0.0,cooling,independent,legitimate
ds-job-088,110,69.14,117.72,0.0,cooling,independent,legitimate
ds-job-088,111,57.85,86.76,0.0,cooling,independent,legitimate
ds-job-088,112,63.73,113.91,0.0,cooling,independent,legitimate
ds-job-088,113,63.87,78.72,0.0,cooling,independent,legitimate
ds-job-088,114,50.72,117.09,0.0,cooling,independent,legitimate
ds-job-088,115,72.69,121.42,0.0,cooling,independent,legitimate
ds-job-088,116,60.74,143.93,0.0,cooling,independent,legitimate
ds-job-089,0,49.99,22.9,0.0,idle,independent,sabotaged
ds-job-089,1,48.78,21.7,0.0,idle,independent,sabotaged
ds-job-089,2,55.53,23.93,0.0,idle,independent,sabotaged
ds-job-089,3,48.29,21.85,0.0,idle,independent,sabotaged
ds-job-089,4,51.56,23.43,0.0,idle,independent,sabotaged
ds-job-089,5,48.78,22.06,0.0,idle,independent,sabotaged
ds-job-089,6,51.55,27.53,0.0,idle,independent,sabotaged
ds-job-089,7,51.72,25.06,0.0,idle,independent,sabotaged
ds-job-089,8,198.54,62.78,0.0,heating,independent,sabotaged
ds-job-089,9,214.47,145.73,0.0,heating,independent,sabotaged
ds-job-089,10,187.41,85.45,0.0,heating,independent,sabotaged
ds-job-089,11,181.58,121.31,0.0,heating,independent,sabotaged
ds-job-089,12,199.7,147.39,0.0,heating,independent,sabotaged
ds-job-089,13,206.45,123.54,0.0,heating,independent,sabotaged
ds-job-089,14,198.55,99.71,0.0,heating,independent,sabotaged
ds-job-089,15,209.98,125.23,0.0,heating,independent,sabotaged
ds-job-089,16,186.74,165.16,0.0,heating,independent,sabotaged
ds-job-089,17,180.4,90.48,0.0,heating,independent,sabotaged
ds-job-089,18,219.11,159.29,0.0,heating,independent,sabotaged
ds-job-089,19,178.39,124.36,0.0,heating,independent,sabotaged
ds-job-089,20,235.74,156.41,0.0,heating,independent,sabotaged
ds-job-089,21,183.99,84.4,0.0,heating,independent,sabotaged
ds-job-089,22,208.82,87.76,0.0,heating,independent,sabotaged
ds-job-089,23,234.26,136.32,0.0,heating,independent,sabotaged
ds-job-089,24,190.14,101.6,0.0,heating,independent,sabotaged
ds-job-089,25,205.79,131.03,0.0,heating,independent,sabotaged
ds-job-089,26,208.34,123.3,0.0,heating,independent,sabotaged
ds-job-089,27,189.92,125.58,0.0,heating,independent,sabotaged
ds-job-089,28,205.05,32.2,0.0,heating,independent,sabotaged
ds-job-089,29,215.09,123.49,0.0,heating,independent,sabotaged
ds-job-089,30,184.72,116.2,0.0,heating,independent,sabotaged
ds-job-089,31,224.11,125.43,0.0,heating,independent,sabotaged
ds-job-089,32,184.62,119.66,0.0,heating,independent,sabotaged
ds-job-089,33,363.59,213.3,10.49,printing,independent,sabotaged
ds-job-089,34,348.37,207.33,11.62,printing,independent,sabotaged
ds-job-089,35,362.02,206.38,12.34,printing,independent,sabotaged
ds-job-089,36,363.0,208.94,11.18,printing,independent,sabotaged
ds-job-089,37,366.41,208.63,11.59,printing,independent,sabotaged
ds-job-089,38,322.83,204.48,12.3,printing,independent,sabotaged
ds-job-089,39,333.12,214.25,11.23,printing,independent,sabotaged
ds-job-089,40,364.32,207.63,10.75,printing,independent,sabotaged
ds-job-089,41,346.87,210.22,10.19,printing,independent,sabotaged
ds-job-089,42,366.69,206.2,12.24,printing,independent,sabotaged
ds-job-089,43,370.64,209.41,9.62,printing,independent,sabotaged
ds-job-089,44,355.29,206.31,10.54,printing,independent,sabotaged
ds-job-089,45,353.13,214.74,13.24,printing,independent,sabotaged
ds-job-089,46,359.71,211.83,10.83,printing,independent,sabotaged
ds-job-089,47,350.46,207.98,11.96,printing,independent,sabotaged
ds-job-089,48,349.24,209.37,10.08,printing,independent,sabotaged
ds-job-089,49,345.33,211.67,10.97,printing,independent,sabotaged
ds-job-089,50,323.59,206.82,11.92,printing,independent,sabotaged
ds-job-089,51,322.02,207.8,10.33,printing,independent,sabotaged
ds-job-089,52,351.87,207.22,11.86,printing,independent,sabotaged
ds-job-089,53,362.42,209.99,11.38,printing,independent,sabotaged
ds-job-089,54,354.29,209.17,10.42,printing,independent,sabotaged
ds-job-089,55,351.99,203.18,9.82,printing,independent,sabotaged
ds-job-089,56,341.36,205.03,11.6,printing,independent,sabotaged
ds-job-089,57,353.65,204.17,12.32,printing,independent,sabotaged
ds-job-089,58,328.44,209.7,11.41,printing,independent,sabotaged
ds-job-089,59,330.48,204.45,11.87,printing,independent,sabotaged
ds-job-089,60,348.85,204.47,12.54,printing,independent,sabotaged
ds-job-089,61,341.85,208.11,9.66,printing,independent,sabotaged
ds-job-089,62,364.23,211.22,10.6,printing,independent,sabotaged
ds-job-089,63,367.59,202.66,13.28,printing,independent,sabotaged
ds-job-089,64,349.11,208.41,12.14,printing,independent,sabotaged
ds-job-089,65,365.85,209.2,10.77,printing,independent,sabotaged
ds-job-089,66,328.14,204.48,11.63,printing,independent,sabotaged
ds-job-089,67,343.91,213.26,10.09,printing,independent,sabotaged
ds-job-089,68,357.26,207.34,12.27,printing,independent,sabotaged
ds-job-089,69,347.52,207.46,11.79,printing,independent,sabotaged
ds-job-089,70,367.59,216.34,11.19,printing,independent,sabotaged
ds-job-089,71,370.16,208.24,12.05,printing,independent,sabotaged
ds-job-089,72,364.44,208.96,12.13,printing,independent,sabotaged
ds-job-089,73,355.61,205.82,10.34,printing,independent,sabotaged
ds-job-089,74,384.81,213.67,13.85,printing,independent,sabotaged
ds-job-089,75,354.92,207.15,11.37,printing,independent,sabotaged
ds-job-089,76,355.91,207.91,12.81,printing,independent,sabotaged
ds-job-089,77,353.26,210.26,11.4,printing,independent,sabotaged
ds-job-089,78,358.96,205.02,13.42,printing,independent,sabotaged
ds-job-089,79,336.11,208.51,11.39,printing,independent,sabotaged
ds-job-089,80,352.31,206.66,11.84,printing,independent,sabotaged
ds-job-089,81,349.9,203.48,10.48,printing,independent,sabotaged
ds-job-089,82,372.44,205.94,12.0,printing,independent,sabotaged
ds-job-089,83,382.12,216.88,9.62,printing,independent,sabotaged
ds-job-089,84,324.96,210.53,10.94,printing,independent,sabotaged
ds-job-089,85,346.09,213.11,10.25,printing,independent,sabotaged
ds-job-089,86,362.47,212.01,11.49,printing,independent,sabotaged
ds-job-089,87,308.81,210.5,13.08,printing,independent,sabotaged
ds-job-089,88,347.53,212.66,11.21,printing,independent,sabotaged
ds-job-089,89,335.82,209.11,11.41,printing,independent,sabotaged
ds-job-089,90,333.88,204.96,12.02,printing,independent,sabotaged
ds-job-089,91,345.19,203.94,9.71,printing,independent,sabotaged
ds-job-089,92,290.0,207.85,0.0,printing,independent,sabotaged
ds-job-089,93,290.0,204.07,0.0,printing,independent,sabotaged
ds-job-089,94,290.0,207.71,0.0,printing,independent,sabotaged
ds-job-089,95,361.14,206.73,10.74,printing,independent,sabotaged
ds-job-089,96,341.77,210.12,12.62,printing,independent,sabotaged
ds-job-089,97,376.61,207.14,10.09,printing,independent,sabotaged
ds-job-089,98,343.69,209.41,13.37,printing,independent,sabotaged
ds-job-089,99,349.41,209.8,9.67,printing,independent,sabotaged
ds-job-089,100,345.98,210.68,11.05,printing,independent,sabotaged
ds-job-089,101,329.52,210.42,12.42,printing,independent,sabotaged
ds-job-089,102,324.89,210.76,13.34,printing,independent,sabotaged
ds-job-089,103,376.83,209.29,11.58,printing,independent,sabotaged
ds-job-089,104,355.84,212.02,10.05,printing,independent,sabotaged
ds-job-089,105,384.0,213.53,10.99,printing,independent,sabotaged
ds-job-089,106,384.85,205.55,12.9,printing,independent,sabotaged
ds-job-089,107,349.85,213.42,11.09,printing,independent,sabotaged
ds-job-089,108,337.65,201.97,10.64,printing,independent,sabotaged
ds-job-089,109,385.93,211.29,12.79,printing,independent,sabotaged
ds-job-089,110,345.7,208.2,11.75,printing,independent,sabotaged
ds-job-089,111,331.65,202.55,12.18,printing,independent,sabotaged
ds-job-089,112,343.03,209.09,10.82,printing,independent,sabotaged
ds-job-089,113,336.83,209.34,11.4,printing,independent,sabotaged
ds-job-089,114,339.94,205.96,12.96,printing,independent,sabotaged
ds-job-089,115,336.52,206.54,12.05,printing,independent,sabotaged
ds-job-089,116,326.21,210.45,11.5,printing,independent,sabotaged
ds-job-089,117,328.66,204.79,12.6,printing,independent,sabotaged
ds-job-089,118,330.33,206.45,10.87,printing,independent,sabotaged
ds-job-089,119,369.48,207.04,12.15,printing,independent,sabotaged
ds-job-089,120,339.97,207.16,12.42,printing,independent,sabotaged
ds-job-089,121,344.87,213.1,13.3,printing,independent,sabotaged
ds-job-089,122,398.93,206.85,12.15,printing,independent,sabotaged
ds-job-089,123,365.62,211.98,12.07,printing,independent,sabotaged
ds-job-089,124,342.47,207.95,11.41,printing,independent,sabotaged
ds-job-089,125,336.62,210.57,10.8,printing,independent,sabotaged
ds-job-089,126,388.48,208.88,10.74,printing,independent,sabotaged
ds-job-089,127,346.18,208.49,11.46,printing,independent,sabotaged
ds-job-089,128,372.53,213.52,11.5,printing,independent,sabotaged
ds-job-089,129,358.13,211.73,11.49,printing,independent,sabotaged
ds-job-089,130,340.93,209.91,10.66,printing,independent,sabotaged
ds-job-089,131,349.28,211.41,12.95,printing,independent,sabotaged
ds-job-089,132,359.83,205.64,8.58,printing,independent,sabotaged
ds-job-089,133,316.42,209.38,12.51,printing,independent,sabotaged
ds-job-089,134,343.43,203.41,11.6,printing,independent,sabotaged
ds-job-089,135,335.37,209.14,13.36,printing,independent,sabotaged
ds-job-089,136,362.55,208.85,11.16,printing,independent,sabotaged
ds-job-089,137,356.05,212.47,10.33,printing,independent,sabotaged
ds-job-089,138,373.45,210.57,11.07,printing,independent,sabotaged
ds-job-089,139,343.19,208.67,10.64,printing,independent,sabotaged
ds-job-089,140,348.46,206.56,11.87,printing,independent,sabotaged
ds-job-089,141,345.06,206.45,10.45,printing,independent,sabotaged
ds-job-089,142,337.79,211.73,13.08,printing,independent,sabotaged
ds-job-089,143,375.93,206.64,13.0,printing,independent,sabotaged
ds-job-089,144,342.02,207.84,12.93,printing,independent,sabotaged
ds-job-089,145,352.78,211.77,9.56,printing,independent,sabotaged
ds-job-089,146,316.42,213.61,11.29,printing,independent,sabotaged
ds-job-089,147,326.83,211.55,10.35,printing,independent,sabotaged
ds-job-089,148,339.0,211.87,9.08,printing,independent,sabotaged
ds-job-089,149,382.44,204.82,13.51,printing,independent,sabotaged
ds-job-089,150,352.6,210.53,9.85,printing,independent,sabotaged
ds-job-089,151,61.35,136.1,0.0,cooling,independent,sabotaged
ds-job-089,152,65.6,125.03,0.0,cooling,independent,sabotaged
ds-job-089,153,72.91,139.59,0.0,cooling,independent,sabotaged
ds-job-089,154,69.24,138.6,0.0,cooling,independent,sabotaged
ds-job-089,155,55.45,102.79,0.0,cooling,independent,sabotaged
ds-job-089,156,56.48,162.65,0.0,cooling,independent,sabotaged
ds-job-089,157,66.93,136.27,0.0,cooling,independent,sabotaged
ds-job-089,158,62.51,81.0,0.0,cooling,independent,sabotaged
ds-job-089,159,59.46,119.9,0.0,cooling,independent,sabotaged
ds-job-089,160,66.64,135.57,0.0,cooling,independent,sabotaged
ds-job-089,161,67.32,126.29,0.0,cooling,independent,sabotaged
ds-job-089,162,70.38,88.67,0.0,cooling,independent,sabotaged
ds-job-089,163,70.57,76.31,0.0,cooling,independent,sabotaged
ds-job-089,164,58.7,93.29,0.0,cooling,independent,sabotaged
ds-job-089,165,78.86,149.73,0.0,cooling,independent,sabotaged
ds-job-089,166,66.62,141.84,0.0,cooling,independent,sabotaged
ds-job-090,0,51.11,27.41,0.0,idle,independent,legitimate
ds-job-090,1,50.1,26.88,0.0,idle,independent,legitimate
ds-job-090,2,53.23,26.14,0.0,idle,independent,legitimate
ds-job-090,3,55.28,26.41,0.0,idle,independent,legitimate
ds-job-090,4,51.75,23.63,0.0,idle,independent,legitimate
ds-job-090,5,53.02,25.5,0.0,idle,independent,legitimate
ds-job-090,6,46.55,23.98,0.0,idle,independent,legitimate
ds-job-090,7,49.16,25.73,0.0,idle,independent,legitimate
ds-job-090,8,229.12,198.56,0.0,heating,independent,legitimate
ds-job-090,9,248.78,155.32,0.0,heating,independent,legitimate
ds-job-090,10,198.67,110.63,0.0,heating,independent,legitimate
ds-job-090,11,190.13,122.91,0.0,heating,independent,legitimate
ds-job-090,12,201.69,95.76,0.0,heating,independent,legitimate
ds-job-090,13,189.2,101.82,0.0,heating,independent,legitimate
ds-job-090,14,208.72,120.34,0.0,heating,independent,legitimate
ds-job-090,15,219.21,42.07,0.0,heating,independent,legitimate
ds-job-090,16,233.09,93.97,0.0,heating,independent,legitimate
ds-job-090,17,239.57,138.48,0.0,heating,independent,legitimate
ds-job-090,18,202.01,124.91,0.0,heating,independent,legitimate
ds-job-090,19,190.91,116.21,0.0,heating,independent,legitimate
ds-job-090,20,215.2,144.85,0.0,heating,independent,legitimate
ds-job-090,21,204.94,123.41,0.0,heating,independent,legitimate
ds-job-090,22,178.03,108.83,0.0,heating,independent,legitimate
ds-job-090,23,177.06,141.91,0.0,heating,independent,legitimate
ds-job-090,24,229.27,90.45,0.0,heating,independent,legitimate
ds-job-090,25,210.71,140.07,0.0,heating,independent,legitimate
ds-job-090,26,221.62,96.0,0.0,heating,independent,legitimate
ds-job-090,27,194.46,113.48,0.0,heating,independent,legitimate
ds-job-090,28,217.35,125.01,0.0,heating,independent,legitimate
ds-job-090,29,192.04,162.58,0.0,heating,independent,legitimate
ds-job-090,30,203.77,127.7,0.0,heating,independent,legitimate
ds-job-090,31,213.5,110.12,0.0,heating,independent,legitimate
ds-job-090,32,340.4,209.88,12.58,printing,independent,legitimate
ds-job-090,33,377.42,209.24,13.7,printing,independent,legitimate
ds-job-090,34,335.99,214.38,10.91,printing,independent,legitimate
ds-job-090,35,359.93,208.01,12.09,printing,independent,legitimate
ds-job-090,36,361.82,208.81,12.01,printing,independent,legitimate
ds-job-090,37,354.5,204.54,10.62,printing,independent,legitimate
ds-job-090,38,383.34,207.24,8.89,printing,independent,legitimate
ds-job-090,39,387.14,212.19,11.99,printing,independent,legitimate
ds-job-090,40,375.03,211.93,12.41,printing,independent,legitimate
ds-job-090,41,388.0,207.48,12.59,printing,independent,legitimate
ds-job-090,42,355.58,205.14,11.08,printing,independent,legitimate
ds-job-090,43,341.02,209.66,11.85,printing,independent,legitimate
ds-job-090,44,376.75,205.8,13.01,printing,independent,legitimate
ds-job-090,45,372.3,208.82,11.91,printing,independent,legitimate
ds-job-090,46,387.11,212.62,11.46,printing,independent,legitimate
ds-job-090,47,359.88,202.99,10.98,printing,independent,legitimate
ds-job-090,48,374.13,207.39,11.58,printing,independent,legitimate
ds-job-090,49,349.75,206.93,12.38,printing,independent,legitimate
ds-job-090,50,353.58,204.58,13.02,printing,independent,legitimate
ds-job-090,51,363.37,208.33,9.21,printing,independent,legitimate
ds-job-090,52,333.17,209.04,11.38,printing,independent,legitimate
ds-job-090,53,370.69,202.86,11.36,printing,independent,legitimate
ds-job-090,54,342.41,205.21,11.72,printing,independent,legitimate
ds-job-090,55,342.05,207.98,11.54,printing,independent,legitimate
ds-job-090,56,331.32,211.92,11.94,printing,independent,legitimate
ds-job-090,57,359.87,205.9,11.06,printing,independent,legitimate
ds-job-090,58,311.26,210.72,9.58,printing,independent,legitimate
ds-job-090,59,355.26,210.76,10.4,printing,independent,legitimate
ds-job-090,60,337.79,208.88,11.12,printing,independent,legitimate
ds-job-090,61,334.58,204.48,12.75,printing,independent,legitimate
ds-job-090,62,345.95,206.17,12.65,printing,independent,legitimate
ds-job-090,63,344.58,208.95,10.5,printing,independent,legitimate
ds-job-090,64,358.93,212.21,12.58,printing,independent,legitimate
ds-job-090,65,329.73,207.63,10.73,printing,independent,legitimate
ds-job-090,66,358.99,210.68,13.06,printing,independent,legitimate
ds-job-090,67,304.84,203.99,12.14,printing,independent,legitimate
ds-job-090,68,355.42,206.1,11.15,printing,independent,legitimate
ds-job-090,69,369.23,212.57,11.54,printing,independent,legitimate
ds-job-090,70,346.46,214.78,12.97,printing,independent,legitimate
ds-job-090,71,329.72,206.47,12.16,printing,independent,legitimate
ds-job-090,72,341.69,207.01,11.79,printing,independent,legitimate
ds-job-090,73,365.87,209.76,12.66,printing,independent,legitimate
ds-job-090,74,379.14,208.09,12.71,printing,independent,legitimate
ds-job-090,75,347.07,208.39,9.96,printing,independent,legitimate
ds-job-090,76,361.09,208.27,10.75,printing,independent,legitimate
ds-job-090,77,308.82,208.04,12.32,printing,independent,legitimate
ds-job-090,78,348.26,205.66,11.8,printing,independent,legitimate
ds-job-090,79,357.33,208.2,10.31,printing,independent,legitimate
ds-job-090,80,345.38,212.34,11.12,printing,independent,legitimate
ds-job-090,81,347.42,213.53,10.17,printing,independent,legitimate
ds-job-090,82,343.35,205.79,9.91,printing,independent,legitimate
ds-job-090,83,342.15,209.64,11.29,printing,independent,legitimate
ds-job-090,84,345.96,216.05,13.81,printing,independent,legitimate
ds-job-090,85,344.53,207.66,13.09,printing,independent,legitimate
ds-job-090,86,349.23,208.79,11.18,printing,independent,legitimate
ds-job-090,87,384.88,210.67,9.04,printing,independent,legitimate
ds-job-090,88,346.5,210.29,11.78,printing,independent,legitimate
ds-job-090,89,357.52,204.04,11.66,printing,independent,legitimate
ds-job-090,90,361.24,211.62,9.73,printing,independent,legitimate
ds-job-090,91,371.71,211.4,11.23,printing,independent,legitimate
ds-job-090,92,353.41,204.08,13.17,printing,independent,legitimate
ds-job-090,93,360.51,209.06,10.76,printing,independent,legitimate
ds-job-090,94,363.33,211.05,12.95,printing,independent,legitimate
ds-job-090,95,360.18,206.82,13.7,printing,independent,legitimate
ds-job-090,96,365.98,210.85,12.21,printing,independent,legitimate
ds-job-090,97,370.22,204.12,10.21,printing,independent,legitimate
ds-job-090,98,348.49,203.91,12.87,printing,independent,legitimate
ds-job-090,99,349.15,206.67,10.76,printing,independent,legitimate
ds-job-090,100,347.03,201.97,10.1,printing,independent,legitimate
ds-job-090,101,351.46,208.34,11.79,printing,independent,legitimate
ds-job-090,102,347.31,208.47,11.93,printing,independent,legitimate
ds-job-090,103,329.51,214.42,11.73,printing,independent,legitimate
ds-job-090,104,339.13,204.69,11.8,printing,independent,legitimate
ds-job-090,105,347.95,208.39,12.02,printing,independent,legitimate
ds-job-090,106,337.36,209.18,11.66,printing,independent,legitimate
ds-job-090,107,326.38,211.18,11.03,printing,independent,legitimate
ds-job-090,108,345.83,208.32,8.94,printing,independent,legitimate
ds-job-090,109,327.95,206.29,9.55,printing,independent,legitimate
ds-job-090,110,329.76,202.9,9.93,printing,independent,legitimate
ds-job-090,111,362.57,213.47,11.0,printing,independent,legitimate
ds-job-090,112,340.94,207.54,10.64,printing,independent,legitimate
ds-job-090,113,346.88,211.38,10.92,printing,independent,legitimate
ds-job-090,114,344.32,213.14,14.11,printing,independent,legitimate
ds-job-090,115,371.03,212.75,12.23,printing,independent,legitimate
ds-job-090,116,392.95,210.79,10.99,printing,independent,legitimate
ds-job-090,117,346.34,204.27,10.33,printing,independent,legitimate
ds-job-090,118,348.73,208.05,10.09,printing,independent,legitimate
ds-job-090,119,339.77,204.0,10.51,printing,independent,legitimate
ds-job-090,120,329.81,207.26,9.32,printing,independent,legitimate
ds-job-090,121,362.48,207.95,12.06,printing,independent,legitimate
ds-job-090,122,341.66,216.2,10.45,printing,independent,legitimate
ds-job-090,123,354.32,211.63,11.24,printing,independent,legitimate
ds-job-090,124,333.1,208.5,11.59,printing,independent,legitimate
ds-job-090,125,353.24,210.04,12.42,printing,independent,legitimate
ds-job-090,126,389.34,215.61,12.5,printing,independent,legitimate
ds-job-090,127,323.84,213.48,10.5,printing,independent,legitimate
ds-job-090,128,350.95,208.97,13.84,printing,independent,legitimate
ds-job-090,129,336.5,210.37,12.96,printing,independent,legitimate
ds-job-090,130,377.4,211.93,10.03,printing,independent,legitimate
ds-job-090,131,352.57,208.15,11.47,printing,independent,legitimate
ds-job-090,132,330.03,211.04,11.01,printing,independent,legitimate
ds-job-090,133,375.36,208.97,9.49,printing,independent,legitimate
ds-job-090,134,330.37,207.71,10.64,printing,independent,legitimate
ds-job-090,135,349.63,213.97,11.74,printing,independent,legitimate
ds-job-090,136,360.77,208.89,11.18,printing,independent,legitimate
ds-job-090,137,349.41,216.11,11.82,printing,independent,legitimate
ds-job-090,138,339.62,210.47,11.33,printing,independent,legitimate
ds-job-090,139,331.44,206.43,12.34,printing,independent,legitimate
ds-job-090,140,368.22,206.18,12.33,printing,independent,legitimate
ds-job-090,141,350.07,204.86,11.87,printing,independent,legitimate
ds-job-090,142,335.39,209.96,10.91,printing,independent,legitimate
ds-job-090,143,374.93,206.0,8.93,printing,independent,legitimate
ds-job-090,144,325.34,214.32,8.9,printing,independent,legitimate
ds-job-090,145,365.7,213.14,9.41,printing,independent,legitimate
ds-job-090,146,393.7,204.93,12.52,printing,independent,legitimate
ds-job-090,147,66.53,87.19,0.0,cooling,independent,legitimate
ds-job-090,148,66.28,148.22,0.0,cooling,independent,legitimate
ds-job-090,149,52.31,82.3,0.0,cooling,independent,legitimate
ds-job-090,150,65.56,123.25,0.0,cooling,independent,legitimate
ds-job-090,151,67.6,161.36,0.0,cooling,independent,legitimate
ds-job-090,152,80.82,25.82,0.0,cooling,independent,legitimate
ds-job-090,153,53.86,126.22,0.0,cooling,independent,legitimate
ds-job-090,154,53.72,131.5,0.0,cooling,independent,legitimate
ds-job-090,155,62.19,149.7,0.0,cooling,independent,legitimate
ds-job-090,156,57.67,88.04,0.0,cooling,independent,legitimate
ds-job-090,157,70.14,141.89,0.0,cooling,independent,legitimate
ds-job-090,158,60.74,74.09,0.0,cooling,independent,legitimate
ds-job-090,159,66.68,116.79,0.0,cooling,independent,legitimate
ds-job-090,160,59.44,122.24,0.0,cooling,independent,legitimate
ds-job-090,161,64.04,74.43,0.0,cooling,independent,legitimate
ds-job-090,162,57.55,99.05,0.0,cooling,independent,legitimate
ds-job-091,0,50.21,26.01,0.0,idle,independent,legitimate
ds-job-091,1,47.36,27.17,0.0,idle,independent,legitimate
ds-job-091,2,48.09,26.38,0.0,idle,independent,legitimate
ds-job-091,3,46.48,23.12,0.0,idle,independent,legitimate
ds-job-091,4,51.92,26.65,0.0,idle,independent,legitimate
ds-job-091,5,211.81,109.26,0.0,heating,independent,legitimate
ds-job-091,6,237.26,101.32,0.0,heating,independent,legitimate
ds-job-091,7,187.54,100.75,0.0,heating,independent,legitimate
ds-job-091,8,214.97,82.35,0.0,heating,independent,legitimate
ds-job-091,9,184.82,118.21,0.0,heating,independent,legitimate
ds-job-091,10,190.02,140.48,0.0,heating,independent,legitimate
ds-job-091,11,207.87,189.21,0.0,heating,independent,legitimate
ds-job-091,12,210.99,154.02,0.0,heating,independent,legitimate
ds-job-091,13,186.25,107.7,0.0,heating,independent,legitimate
ds-job-091,14,195.0,141.12,0.0,heating,independent,legitimate
ds-job-091,15,209.85,81.19,0.0,heating,independent,legitimate
ds-job-091,16,234.96,111.38,0.0,heating,independent,legitimate
ds-job-091,17,215.09,83.97,0.0,heating,independent,legitimate
ds-job-091,18,197.94,105.24,0.0,heating,independent,legitimate
ds-job-091,19,212.01,56.49,0.0,heating,independent,legitimate
ds-job-091,20,238.02,147.97,0.0,heating,independent,legitimate
ds-job-091,21,318.66,213.11,12.58,printing,independent,legitimate
ds-job-091,22,393.2,209.92,11.3,printing,independent,legitimate
ds-job-091,23,348.74,207.46,10.15,printing,independent,legitimate
ds-job-091,24,363.32,204.85,10.98,printing,independent,legitimate
ds-job-091,25,342.29,210.8,9.81,printing,independent,legitimate
ds-job-091,26,362.87,207.02,12.13,printing,independent,legitimate
ds-job-091,27,343.39,207.89,10.72,printing,independent,legitimate
ds-job-091,28,320.75,208.36,13.31,printing,independent,legitimate
ds-job-091,29,348.58,213.62,12.76,printing,independent,legitimate
ds-job-091,30,357.04,209.61,9.44,printing,independent,legitimate
ds-job-091,31,367.92,204.88,12.72,printing,independent,legitimate
ds-job-091,32,320.4,209.57,9.87,printing,independent,legitimate
ds-job-091,33,348.19,211.55,10.94,printing,independent,legitimate
ds-job-091,34,361.11,211.77,11.55,printing,independent,legitimate
ds-job-091,35,369.52,207.73,11.5,printing,independent,legitimate
ds-job-091,36,354.51,206.71,12.13,printing,independent,legitimate
ds-job-091,37,329.71,213.34,11.79,printing,independent,legitimate
ds-job-091,38,344.82,212.25,12.59,printing,independent,legitimate
ds-job-091,39,361.78,209.2,11.47,printing,independent,legitimate
ds-job-091,40,346.0,208.26,11.22,printing,independent,legitimate
ds-job-091,41,361.5,211.9,9.9,printing,independent,legitimate
ds-job-091,42,336.54,205.28,12.94,printing,independent,legitimate
ds-job-091,43,323.58,205.88,11.1,printing,independent,legitimate
ds-job-091,44,336.66,208.78,10.54,printing,independent,legitimate
ds-job-091,45,355.12,214.78,11.05,printing,independent,legitimate
ds-job-091,46,356.82,206.13,11.4,printing,independent,legitimate
ds-job-091,47,355.88,209.6,9.38,printing,independent,legitimate
ds-job-091,48,348.04,204.0,10.38,printing,independent,legitimate
ds-job-091,49,387.86,211.55,10.34,printing,independent,legitimate
ds-job-091,50,322.39,210.77,11.59,printing,independent,legitimate
ds-job-091,51,356.05,209.28,10.4,printing,independent,legitimate
ds-job-091,52,383.16,206.61,12.37,printing,independent,legitimate
ds-job-091,53,373.18,210.17,10.42,printing,independent,legitimate
ds-job-091,54,340.44,207.03,13.69,printing,independent,legitimate
ds-job-091,55,336.98,209.18,14.07,printing,independent,legitimate
ds-job-091,56,338.68,208.39,12.56,printing,independent,legitimate
ds-job-091,57,345.99,209.15,12.48,printing,independent,legitimate
ds-job-091,58,339.73,205.46,10.07,printing,independent,legitimate
ds-job-091,59,342.87,208.76,13.47,printing,independent,legitimate
ds-job-091,60,354.63,210.87,10.98,printing,independent,legitimate
ds-job-091,61,364.21,209.46,10.4,printing,independent,legitimate
ds-job-091,62,344.31,208.3,12.62,printing,independent,legitimate
ds-job-091,63,357.2,203.0,11.16,printing,independent,legitimate
ds-job-091,64,363.19,211.15,12.17,printing,independent,legitimate
ds-job-091,65,376.73,208.83,14.02,printing,independent,legitimate
ds-job-091,66,371.88,205.96,10.83,printing,independent,legitimate
ds-job-091,67,343.21,208.27,13.69,printing,independent,legitimate
ds-job-091,68,347.06,211.47,11.55,printing,independent,legitimate
ds-job-091,69,371.36,207.71,11.04,printing,independent,legitimate
ds-job-091,70,328.26,209.35,9.93,printing,independent,legitimate
ds-job-091,71,353.06,206.12,11.78,printing,independent,legitimate
ds-job-091,72,362.56,205.78,10.19,printing,independent,legitimate
ds-job-091,73,344.41,207.24,12.22,printing,independent,legitimate
ds-job-091,74,337.14,209.2,11.09,printing,independent,legitimate
ds-job-091,75,345.89,208.61,11.34,printing,independent,legitimate
ds-job-091,76,352.36,210.47,13.83,printing,independent,legitimate
ds-job-091,77,354.68,211.67,10.69,printing,independent,legitimate
ds-job-091,78,360.12,208.74,12.76,printing,independent,legitimate
ds-job-091,79,360.68,211.3,10.06,printing,independent,legitimate
ds-job-091,80,350.91,208.75,14.35,printing,independent,legitimate
ds-job-091,81,348.13,211.5,9.68,printing,independent,legitimate
ds-job-091,82,336.01,209.03,10.47,printing,independent,legitimate
ds-job-091,83,348.49,206.04,10.03,printing,independent,legitimate
ds-job-091,84,331.78,206.03,12.68,printing,independent,legitimate
ds-job-091,85,346.61,205.47,10.03,printing,independent,legitimate
ds-job-091,86,360.76,207.51,13.19,printing,independent,legitimate
ds-job-091,87,344.63,206.1,12.21,printing,independent,legitimate
ds-job-091,88,319.73,206.07,11.74,printing,independent,legitimate
ds-job-091,89,345.36,209.37,9.94,printing,independent,legitimate
ds-job-091,90,327.28,206.02,13.19,printing,independent,legitimate
ds-job-091,91,345.96,211.48,13.47,printing,independent,legitimate
ds-job-091,92,356.91,204.82,12.34,printing,independent,legitimate
ds-job-091,93,356.54,206.97,11.91,printing,independent,legitimate
ds-job-091,94,368.27,205.08,10.31,printing,independent,legitimate
ds-job-091,95,358.47,212.91,13.59,printing,independent,legitimate
ds-job-091,96,361.4,210.26,12.1,printing,independent,legitimate
ds-job-091,97,351.0,208.84,11.64,printing,independent,legitimate
ds-job-091,98,340.63,205.95,14.27,printing,independent,legitimate
ds-job-091,99,76.87,120.58,0.0,cooling,independent,legitimate
ds-job-091,100,66.58,125.99,0.0,cooling,independent,legitimate
ds-job-091,101,60.61,179.18,0.0,cooling,independent,legitimate
ds-job-091,102,63.9,129.41,0.0,cooling,independent,legitimate
ds-job-091,103,72.01,126.79,0.0,cooling,independent,legitimate
ds-job-091,104,78.3,140.25,0.0,cooling,independent,legitimate
ds-job-091,105,66.02,124.8,0.0,cooling,independent,legitimate
ds-job-091,106,64.96,118.29,0.0,cooling,independent,legitimate
ds-job-091,107,56.49,171.37,0.0,cooling,independent,legitimate
ds-job-091,108,68.59,122.89,0.0,cooling,independent,legitimate
ds-job-092,0,49.23,22.74,0.0,idle,independent,legitimate
ds-job-092,1,53.62,25.97,0.0,idle,independent,legitimate
ds-job-092,2,52.7,28.07,0.0,idle,independent,legitimate
ds-job-092,3,51.73,23.23,0.0,idle,independent,legitimate
ds-job-092,4,49.38,24.52,0.0,idle,independent,legitimate
ds-job-092,5,223.61,91.9,0.0,heating,independent,legitimate
ds-job-092,6,224.34,159.01,0.0,heating,independent,legitimate
ds-job-092,7,211.38,150.99,0.0,heating,independent,legitimate
ds-job-092,8,210.03,86.51,0.0,heating,independent,legitimate
ds-job-092,9,243.98,130.99,0.0,heating,independent,legitimate
ds-job-092,10,197.11,100.95,0.0,heating,independent,legitimate
ds-job-092,11,213.24,149.65,0.0,heating,independent,legitimate
ds-job-092,12,205.27,171.12,0.0,heating,independent,legitimate
ds-job-092,13,200.91,151.35,0.0,heating,independent,legitimate
ds-job-092,14,231.13,132.79,0.0,heating,independent,legitimate
ds-job-092,15,219.35,152.55,0.0,heating,independent,legitimate
ds-job-092,16,225.47,139.43,0.0,heating,independent,legitimate
ds-job-092,17,194.83,119.13,0.0,heating,independent,legitimate
ds-job-092,18,191.08,111.47,0.0,heating,independent,legitimate
ds-job-092,19,199.91,99.68,0.0,heating,independent,legitimate
ds-job-092,20,215.27,133.13,0.0,heating,independent,legitimate
ds-job-092,21,346.03,207.6,10.71,printing,independent,legitimate
ds-job-092,22,346.12,204.46,10.84,printing,independent,legitimate
ds-job-092,23,348.03,209.64,10.93,printing,independent,legitimate
ds-job-092,24,333.82,208.77,9.79,printing,independent,legitimate
ds-job-092,25,348.47,213.98,12.1,printing,independent,legitimate
ds-job-092,26,363.47,210.1,11.95,printing,independent,legitimate
ds-job-092,27,347.34,211.08,12.44,printing,independent,legitimate
ds-job-092,28,400.0,206.66,12.68,printing,independent,legitimate
ds-job-092,29,358.78,211.78,14.0,printing,independent,legitimate
ds-job-092,30,380.04,205.32,11.5,printing,independent,legitimate
ds-job-092,31,356.59,211.93,13.44,printing,independent,legitimate
ds-job-092,32,332.03,205.88,12.48,printing,independent,legitimate
ds-job-092,33,351.8,209.86,11.38,printing,independent,legitimate
ds-job-092,34,340.04,206.17,11.66,printing,independent,legitimate
ds-job-092,35,358.79,207.79,8.0,printing,independent,legitimate
ds-job-092,36,346.18,202.5,8.6,printing,independent,legitimate
ds-job-092,37,363.91,211.46,12.9,printing,independent,legitimate
ds-job-092,38,325.58,211.14,12.18,printing,independent,legitimate
ds-job-092,39,334.73,212.16,11.15,printing,independent,legitimate
ds-job-092,40,349.86,207.36,11.19,printing,independent,legitimate
ds-job-092,41,371.53,213.09,12.51,printing,independent,legitimate
ds-job-092,42,385.71,208.23,14.55,printing,independent,legitimate
ds-job-092,43,331.46,204.97,11.92,printing,independent,legitimate
ds-job-092,44,371.52,212.98,13.0,printing,independent,legitimate
ds-job-092,45,314.04,211.19,11.1,printing,independent,legitimate
ds-job-092,46,369.24,208.37,11.24,printing,independent,legitimate
ds-job-092,47,368.84,207.9,12.61,printing,independent,legitimate
ds-job-092,48,377.66,211.69,10.64,printing,independent,legitimate
ds-job-092,49,368.48,206.49,12.1,printing,independent,legitimate
ds-job-092,50,364.68,202.67,8.73,printing,independent,legitimate
ds-job-092,51,373.21,206.47,13.09,printing,independent,legitimate
ds-job-092,52,351.94,212.37,11.88,printing,independent,legitimate
ds-job-092,53,300.0,208.66,11.78,printing,independent,legitimate
ds-job-092,54,365.63,213.38,11.94,printing,independent,legitimate
ds-job-092,55,332.66,208.14,10.8,printing,independent,legitimate
ds-job-092,56,341.72,203.91,11.23,printing,independent,legitimate
ds-job-092,57,353.0,211.6,11.93,printing,independent,legitimate
ds-job-092,58,354.08,208.13,10.53,printing,independent,legitimate
ds-job-092,59,344.93,210.84,12.06,printing,independent,legitimate
ds-job-092,60,340.41,211.0,11.13,printing,independent,legitimate
ds-job-092,61,389.05,212.08,11.15,printing,independent,legitimate
ds-job-092,62,346.58,203.37,13.76,printing,independent,legitimate
ds-job-092,63,331.15,209.26,11.94,printing,independent,legitimate
ds-job-092,64,335.28,205.5,9.89,printing,independent,legitimate
ds-job-092,65,344.11,211.0,12.83,printing,independent,legitimate
ds-job-092,66,329.65,200.03,11.5,printing,independent,legitimate
ds-job-092,67,376.61,203.25,11.45,printing,independent,legitimate
ds-job-092,68,363.71,212.27,13.36,printing,independent,legitimate
ds-job-092,69,320.7,200.91,10.4,printing,independent,legitimate
ds-job-092,70,330.02,209.24,13.02,printing,independent,legitimate
ds-job-092,71,353.81,212.15,11.48,printing,independent,legitimate
ds-job-092,72,376.71,207.09,12.99,printing,independent,legitimate
ds-job-092,73,357.58,210.39,10.48,printing,independent,legitimate
ds-job-092,74,354.35,211.33,11.74,printing,independent,legitimate
ds-job-092,75,352.48,213.36,10.73,printing,independent,legitimate
ds-job-092,76,332.55,209.86,11.58,printing,independent,legitimate
ds-job-092,77,349.64,210.02,8.51,printing,independent,legitimate
ds-job-092,78,353.69,211.7,13.44,printing,independent,legitimate
ds-job-092,79,377.19,207.68,11.03,printing,independent,legitimate
ds-job-092,80,352.12,214.72,11.63,printing,independent,legitimate
ds-job-092,81,353.08,209.33,10.34,printing,independent,legitimate
ds-job-092,82,350.16,207.14,11.37,printing,independent,legitimate
ds-job-092,83,355.59,203.78,10.78,printing,independent,legitimate
ds-job-092,84,340.29,208.14,12.07,printing,independent,legitimate
ds-job-092,85,329.98,217.01,11.99,printing,independent,legitimate
ds-job-092,86,348.43,208.67,10.22,printing,independent,legitimate
ds-job-092,87,339.38,209.43,10.87,printing,independent,legitimate
ds-job-092,88,346.94,212.88,11.15,printing,independent,legitimate
ds-job-092,89,353.18,212.45,10.79,printing,independent,legitimate
ds-job-092,90,332.82,206.3,11.4,printing,independent,legitimate
ds-job-092,91,336.18,213.01,13.37,printing,independent,legitimate
ds-job-092,92,348.6,207.13,12.68,printing,independent,legitimate
ds-job-092,93,357.22,204.63,11.28,printing,independent,legitimate
ds-job-092,94,351.37,208.76,12.12,printing,independent,legitimate
ds-job-092,95,344.7,208.22,13.38,printing,independent,legitimate
ds-job-092,96,361.65,211.25,11.7,printing,independent,legitimate
ds-job-092,97,71.3,87.36,0.0,cooling,independent,legitimate
ds-job-092,98,71.23,121.92,0.0,cooling,independent,legitimate
ds-job-092,99,59.73,117.44,0.0,cooling,independent,legitimate
ds-job-092,100,72.35,172.65,0.0,cooling,independent,legitimate
ds-job-092,101,66.56,124.09,0.0,cooling,independent,legitimate
ds-job-092,102,75.89,101.36,0.0,cooling,independent,legitimate
ds-job-092,103,59.15,129.82,0.0,cooling,independent,legitimate
ds-job-092,104,75.17,143.99,0.0,cooling,independent,legitimate
ds-job-092,105,58.84,88.45,0.0,cooling,independent,legitimate
ds-job-092,106,71.96,164.46,0.0,cooling,independent,legitimate
ds-job-093,0,49.33,26.39,0.0,idle,independent,legitimate
ds-job-093,1,49.29,23.32,0.0,idle,independent,legitimate
ds-job-093,2,49.93,26.44,0.0,idle,independent,legitimate
ds-job-093,3,52.28,23.71,0.0,idle,independent,legitimate
ds-job-093,4,47.91,22.29,0.0,idle,independent,legitimate
ds-job-093,5,50.4,26.46,0.0,idle,independent,legitimate
ds-job-093,6,197.38,186.7,0.0,heating,independent,legitimate
ds-job-093,7,191.24,118.0,0.0,heating,independent,legitimate
ds-job-093,8,192.62,109.42,0.0,heating,independent,legitimate
ds-job-093,9,219.88,74.94,0.0,heating,independent,legitimate
ds-job-093,10,219.21,101.98,0.0,heating,independent,legitimate
ds-job-093,11,156.4,128.97,0.0,heating,independent,legitimate
ds-job-093,12,227.24,162.25,0.0,heating,independent,legitimate
ds-job-093,13,184.53,108.92,0.0,heating,independent,legitimate
ds-job-093,14,210.8,82.87,0.0,heating,independent,legitimate
ds-job-093,15,210.87,93.17,0.0,heating,independent,legitimate
ds-job-093,16,184.99,108.97,0.0,heating,independent,legitimate
ds-job-093,17,181.03,64.51,0.0,heating,independent,legitimate
ds-job-093,18,193.11,124.51,0.0,heating,independent,legitimate
ds-job-093,19,201.63,142.64,0.0,heating,independent,legitimate
ds-job-093,20,189.74,97.48,0.0,heating,independent,legitimate
ds-job-093,21,227.49,92.0,0.0,heating,independent,legitimate
ds-job-093,22,207.5,88.19,0.0,heating,independent,legitimate
ds-job-093,23,201.22,164.07,0.0,heating,independent,legitimate
ds-job-093,24,365.53,208.88,12.08,printing,independent,legitimate
ds-job-093,25,338.35,209.91,11.06,printing,independent,legitimate
ds-job-093,26,353.19,209.12,10.58,printing,independent,legitimate
ds-job-093,27,336.6,208.59,11.18,printing,independent,legitimate
ds-job-093,28,344.83,208.45,10.41,printing,independent,legitimate
ds-job-093,29,325.12,206.63,10.82,printing,independent,legitimate
ds-job-093,30,344.47,207.55,11.7,printing,independent,legitimate
ds-job-093,31,391.9,211.35,10.97,printing,independent,legitimate
ds-job-093,32,343.18,208.49,9.86,printing,independent,legitimate
ds-job-093,33,358.21,209.92,11.07,printing,independent,legitimate
ds-job-093,34,322.95,210.0,13.74,printing,independent,legitimate
ds-job-093,35,358.58,212.15,10.88,printing,independent,legitimate
ds-job-093,36,339.65,211.25,13.02,printing,independent,legitimate
ds-job-093,37,388.99,212.46,12.26,printing,independent,legitimate
ds-job-093,38,357.02,208.12,11.55,printing,independent,legitimate
ds-job-093,39,352.66,211.56,10.81,printing,independent,legitimate
ds-job-093,40,343.15,208.73,12.63,printing,independent,legitimate
ds-job-093,41,347.86,209.08,10.87,printing,independent,legitimate
ds-job-093,42,360.49,207.74,9.65,printing,independent,legitimate
ds-job-093,43,339.45,208.99,12.29,printing,independent,legitimate
ds-job-093,44,367.52,205.94,11.34,printing,independent,legitimate
ds-job-093,45,343.51,207.82,12.34,printing,independent,legitimate
ds-job-093,46,352.1,209.64,11.54,printing,independent,legitimate
ds-job-093,47,343.31,212.05,11.04,printing,independent,legitimate
ds-job-093,48,368.39,210.03,12.03,printing,independent,legitimate
ds-job-093,49,320.69,209.24,10.39,printing,independent,legitimate
ds-job-093,50,370.86,210.79,12.57,printing,independent,legitimate
ds-job-093,51,350.49,208.61,11.69,printing,independent,legitimate
ds-job-093,52,360.08,210.49,9.32,printing,independent,legitimate
ds-job-093,53,356.34,213.13,13.01,printing,independent,legitimate
ds-job-093,54,337.5,207.58,11.95,printing,independent,legitimate
ds-job-093,55,346.39,209.54,11.45,printing,independent,legitimate
ds-job-093,56,340.62,213.3,12.36,printing,independent,legitimate
ds-job-093,57,339.86,207.63,11.13,printing,independent,legitimate
ds-job-093,58,375.81,203.61,11.44,printing,independent,legitimate
ds-job-093,59,337.22,211.16,11.9,printing,independent,legitimate
ds-job-093,60,368.04,207.48,10.94,printing,independent,legitimate
ds-job-093,61,364.98,205.2,11.29,printing,independent,legitimate
ds-job-093,62,367.74,206.1,10.95,printing,independent,legitimate
ds-job-093,63,341.09,211.92,10.49,printing,independent,legitimate
ds-job-093,64,363.08,212.25,10.2,printing,independent,legitimate
ds-job-093,65,354.12,205.42,10.26,printing,independent,legitimate
ds-job-093,66,324.45,214.92,10.05,printing,independent,legitimate
ds-job-093,67,342.8,205.79,11.28,printing,independent,legitimate
ds-job-093,68,346.9,205.56,12.22,printing,independent,legitimate
ds-job-093,69,344.02,206.84,12.28,printing,independent,legitimate
ds-job-093,70,332.37,211.57,12.24,printing,independent,legitimate
ds-job-093,71,362.26,204.96,12.83,printing,independent,legitimate
ds-job-093,72,339.49,208.32,8.0,printing,independent,legitimate
ds-job-093,73,359.63,211.67,11.25,printing,independent,legitimate
ds-job-093,74,341.36,209.09,12.62,printing,independent,legitimate
ds-job-093,75,326.14,206.47,9.6,printing,independent,legitimate
ds-job-093,76,332.8,211.14,10.29,printing,independent,legitimate
ds-job-093,77,358.37,211.28,10.43,printing,independent,legitimate
ds-job-093,78,358.16,211.24,12.88,printing,independent,legitimate
ds-job-093,79,319.57,206.18,11.56,printing,independent,legitimate
ds-job-093,80,378.74,212.79,12.99,printing,independent,legitimate
ds-job-093,81,337.18,212.41,10.97,printing,independent,legitimate
ds-job-093,82,334.03,206.23,10.65,printing,independent,legitimate
ds-job-093,83,362.03,207.73,11.39,printing,independent,legitimate
ds-job-093,84,369.12,209.29,10.45,printing,independent,legitimate
ds-job-093,85,321.46,208.24,10.7,printing,independent,legitimate
ds-job-093,86,367.05,213.46,10.08,printing,independent,legitimate
ds-job-093,87,344.21,212.98,10.23,printing,independent,legitimate
ds-job-093,88,365.04,207.94,12.4,printing,independent,legitimate
ds-job-093,89,352.74,207.28,11.38,printing,independent,legitimate
ds-job-093,90,350.12,205.73,11.49,printing,independent,legitimate
ds-job-093,91,378.47,210.39,11.16,printing,independent,legitimate
ds-job-093,92,330.71,212.11,12.51,printing,independent,legitimate
ds-job-093,93,337.92,204.75,12.08,printing,independent,legitimate
ds-job-093,94,347.58,207.32,10.97,printing,independent,legitimate
ds-job-093,95,343.77,206.14,10.36,printing,independent,legitimate
ds-job-093,96,329.45,208.2,11.88,printing,independent,legitimate
ds-job-093,97,334.61,208.32,10.74,printing,independent,legitimate
ds-job-093,98,357.94,212.18,9.08,printing,independent,legitimate
ds-job-093,99,346.02,203.77,10.94,printing,independent,legitimate
ds-job-093,100,375.75,208.21,11.38,printing,independent,legitimate
ds-job-093,101,365.85,207.83,10.59,printing,independent,legitimate
ds-job-093,102,329.44,211.41,10.1,printing,independent,legitimate
ds-job-093,103,360.81,207.8,11.57,printing,independent,legitimate
ds-job-093,104,355.48,208.19,12.28,printing,independent,legitimate
ds-job-093,105,346.2,204.26,12.03,printing,independent,legitimate
ds-job-093,106,320.68,207.7,9.88,printing,independent,legitimate
ds-job-093,107,361.49,205.36,11.95,printing,independent,legitimate
ds-job-093,108,328.99,212.49,12.49,printing,independent,legitimate
ds-job-093,109,362.55,206.49,11.57,printing,independent,legitimate
ds-job-093,110,344.0,213.64,13.04,printing,independent,legitimate
ds-job-093,111,75.76,116.98,0.0,cooling,independent,legitimate
ds-job-093,112,69.69,110.66,0.0,cooling,independent,legitimate
ds-job-093,113,57.48,83.37,0.0,cooling,independent,legitimate
ds-job-093,114,61.74,116.16,0.0,cooling,independent,legitimate
ds-job-093,115,65.27,126.77,0.0,cooling,independent,legitimate
ds-job-093,116,79.48,174.78,0.0,cooling,independent,legitimate
ds-job-093,117,69.98,163.26,0.0,cooling,independent,legitimate
ds-job-093,118,53.85,176.88,0.0,cooling,independent,legitimate
ds-job-093,119,53.9,134.56,0.0,cooling,independent,legitimate
ds-job-093,120,63.89,168.31,0.0,cooling,independent,legitimate
ds-job-093,121,67.84,164.41,0.0,cooling,independent,legitimate
ds-job-093,122,64.21,137.6,0.0,cooling,independent,legitimate
ds-job-094,0,52.38,26.03,0.0,idle,independent,legitimate
ds-job-094,1,56.68,22.41,0.0,idle,independent,legitimate
ds-job-094,2,50.74,23.77,0.0,idle,independent,legitimate
ds-job-094,3,49.97,24.43,0.0,idle,independent,legitimate
ds-job-094,4,50.21,24.75,0.0,idle,independent,legitimate
ds-job-094,5,48.1,28.32,0.0,idle,independent,legitimate
ds-job-094,6,51.7,20.94,0.0,idle,independent,legitimate
ds-job-094,7,52.72,26.5,0.0,idle,independent,legitimate
ds-job-094,8,208.16,136.52,0.0,heating,independent,legitimate
ds-job-094,9,242.14,141.39,0.0,heating,independent,legitimate
ds-job-094,10,207.9,122.17,0.0,heating,independent,legitimate
ds-job-094,11,191.42,86.78,0.0,heating,independent,legitimate
ds-job-094,12,191.2,169.18,0.0,heating,independent,legitimate
ds-job-094,13,201.53,131.32,0.0,heating,independent,legitimate
ds-job-094,14,202.16,133.14,0.0,heating,independent,legitimate
ds-job-094,15,191.51,135.11,0.0,heating,independent,legitimate
ds-job-094,16,218.29,52.02,0.0,heating,independent,legitimate
ds-job-094,17,210.71,128.79,0.0,heating,independent,legitimate
ds-job-094,18,211.28,132.54,0.0,heating,independent,legitimate
ds-job-094,19,193.59,140.08,0.0,heating,independent,legitimate
ds-job-094,20,183.93,73.83,0.0,heating,independent,legitimate
ds-job-094,21,218.97,151.41,0.0,heating,independent,legitimate
ds-job-094,22,213.93,125.78,0.0,heating,independent,legitimate
ds-job-094,23,222.31,147.41,0.0,heating,independent,legitimate
ds-job-094,24,224.28,80.08,0.0,heating,independent,legitimate
ds-job-094,25,195.39,91.68,0.0,heating,independent,legitimate
ds-job-094,26,204.69,134.27,0.0,heating,independent,legitimate
ds-job-094,27,247.34,111.07,0.0,heating,independent,legitimate
ds-job-094,28,179.52,89.51,0.0,heating,independent,legitimate
ds-job-094,29,215.13,68.95,0.0,heating,independent,legitimate
ds-job-094,30,181.24,131.64,0.0,heating,independent,legitimate
ds-job-094,31,223.4,113.22,0.0,heating,independent,legitimate
ds-job-094,32,363.33,205.71,9.85,printing,independent,legitimate
ds-job-094,33,354.19,210.66,9.31,printing,independent,legitimate
ds-job-094,34,366.13,211.41,10.93,printing,independent,legitimate
ds-job-094,35,334.36,205.28,11.23,printing,independent,legitimate
ds-job-094,36,333.21,207.69,12.15,printing,independent,legitimate
ds-job-094,37,361.56,208.62,12.39,printing,independent,legitimate
ds-job-094,38,376.33,209.04,10.51,printing,independent,legitimate
ds-job-094,39,346.78,208.26,10.48,printing,independent,legitimate
ds-job-094,40,368.83,211.07,11.67,printing,independent,legitimate
ds-job-094,41,357.46,201.09,9.22,printing,independent,legitimate
ds-job-094,42,368.73,210.9,10.77,printing,independent,legitimate
ds-job-094,43,369.62,207.75,12.16,printing,independent,legitimate
ds-job-094,44,344.18,211.04,11.44,printing,independent,legitimate
ds-job-094,45,331.03,205.19,11.37,printing,independent,legitimate
ds-job-094,46,339.75,205.15,10.45,printing,independent,legitimate
ds-job-094,47,345.97,208.93,11.19,printing,independent,legitimate
ds-job-094,48,353.22,214.79,13.07,printing,independent,legitimate
ds-job-094,49,349.84,206.24,12.32,printing,independent,legitimate
ds-job-094,50,331.51,205.39,13.09,printing,independent,legitimate
ds-job-094,51,348.85,210.16,9.79,printing,independent,legitimate
ds-job-094,52,362.62,209.91,9.93,printing,independent,legitimate
ds-job-094,53,308.23,211.47,12.98,printing,independent,legitimate
ds-job-094,54,360.69,208.85,12.11,printing,independent,legitimate
ds-job-094,55,357.6,207.73,13.54,printing,independent,legitimate
ds-job-094,56,370.71,214.69,11.65,printing,independent,legitimate
ds-job-094,57,344.3,213.05,13.2,printing,independent,legitimate
ds-job-094,58,382.16,207.47,10.47,printing,independent,legitimate
ds-job-094,59,350.61,212.12,10.73,printing,independent,legitimate
ds-job-094,60,336.51,210.81,9.75,printing,independent,legitimate
ds-job-094,61,394.06,213.29,11.06,printing,independent,legitimate
ds-job-094,62,351.17,209.35,10.95,printing,independent,legitimate
ds-job-094,63,327.53,203.29,11.81,printing,independent,legitimate
ds-job-094,64,367.02,209.17,11.14,printing,independent,legitimate
ds-job-094,65,363.17,211.2,12.7,printing,independent,legitimate
ds-job-094,66,374.96,206.99,11.6,printing,independent,legitimate
ds-job-094,67,358.74,209.35,11.21,printing,independent,legitimate
ds-job-094,68,349.33,209.57,11.08,printing,independent,legitimate
ds-job-094,69,347.71,212.74,9.65,printing,independent,legitimate
ds-job-094,70,335.97,210.59,12.61,printing,independent,legitimate
ds-job-094,71,354.4,209.47,11.69,printing,independent,legitimate
ds-job-094,72,381.92,206.4,9.8,printing,independent,legitimate
ds-job-094,73,363.74,211.55,12.43,printing,independent,legitimate
ds-job-094,74,338.55,209.48,11.45,printing,independent,legitimate
ds-job-094,75,343.36,212.84,11.72,printing,independent,legitimate
ds-job-094,76,315.58,208.32,12.62,printing,independent,legitimate
ds-job-094,77,363.1,212.93,9.35,printing,independent,legitimate
ds-job-094,78,347.5,213.25,12.45,printing,independent,legitimate
ds-job-094,79,300.0,209.21,10.7,printing,independent,legitimate
ds-job-094,80,338.46,207.14,12.08,printing,independent,legitimate
ds-job-094,81,336.94,204.81,13.12,printing,independent,legitimate
ds-job-094,82,341.39,205.39,11.47,printing,independent,legitimate
ds-job-094,83,352.42,208.62,13.7,printing,independent,legitimate
ds-job-094,84,328.07,212.09,10.6,printing,independent,legitimate
ds-job-094,85,363.37,212.62,12.93,printing,independent,legitimate
ds-job-094,86,341.37,203.71,9.19,printing,independent,legitimate
ds-job-094,87,367.46,207.35,10.97,printing,independent,legitimate
ds-job-094,88,353.38,205.53,10.64,printing,independent,legitimate
ds-job-094,89,306.97,211.1,12.1,printing,independent,legitimate
ds-job-094,90,355.53,207.08,11.64,printing,independent,legitimate
ds-job-094,91,351.57,205.96,11.01,printing,independent,legitimate
ds-job-094,92,334.07,213.32,13.67,printing,independent,legitimate
ds-job-094,93,344.42,208.61,12.67,printing,independent,legitimate
ds-job-094,94,342.63,210.45,12.45,printing,independent,legitimate
ds-job-094,95,344.09,210.4,10.15,printing,independent,legitimate
ds-job-094,96,348.17,210.71,12.0,printing,independent,legitimate
ds-job-094,97,352.83,213.87,12.65,printing,independent,legitimate
ds-job-094,98,327.01,206.04,10.28,printing,independent,legitimate
ds-job-094,99,365.15,207.73,10.55,printing,independent,legitimate
ds-job-094,100,344.51,208.31,11.63,printing,independent,legitimate
ds-job-094,101,346.12,210.68,10.08,printing,independent,legitimate
ds-job-094,102,371.44,211.27,11.95,printing,independent,legitimate
ds-job-094,103,365.02,207.98,11.47,printing,independent,legitimate
ds-job-094,104,339.86,213.19,12.56,printing,independent,legitimate
ds-job-094,105,352.31,209.71,11.45,printing,independent,legitimate
ds-job-094,106,352.97,207.28,11.99,printing,independent,legitimate
ds-job-094,107,363.55,208.4,12.55,printing,independent,legitimate
ds-job-094,108,338.05,214.36,10.68,printing,independent,legitimate
ds-job-094,109,343.64,211.26,13.17,printing,independent,legitimate
ds-job-094,110,338.07,212.15,9.12,printing,independent,legitimate
ds-job-094,111,333.1,212.28,12.71,printing,independent,legitimate
ds-job-094,112,394.58,208.6,11.68,printing,independent,legitimate
ds-job-094,113,356.54,210.62,9.65,printing,independent,legitimate
ds-job-094,114,354.75,205.98,12.26,printing,independent,legitimate
ds-job-094,115,367.14,211.47,12.39,printing,independent,legitimate
ds-job-094,116,300.92,209.44,10.81,printing,independent,legitimate
ds-job-094,117,339.94,206.96,13.94,printing,independent,legitimate
ds-job-094,118,372.95,205.76,12.01,printing,independent,legitimate
ds-job-094,119,356.39,208.04,14.31,printing,independent,legitimate
ds-job-094,120,326.96,206.06,12.4,printing,independent,legitimate
ds-job-094,121,346.27,213.06,11.14,printing,independent,legitimate
ds-job-094,122,343.13,208.64,11.23,printing,independent,legitimate
ds-job-094,123,356.98,214.27,13.78,printing,independent,legitimate
ds-job-094,124,369.49,210.92,11.9,printing,independent,legitimate
ds-job-094,125,346.19,206.03,10.53,printing,independent,legitimate
ds-job-094,126,351.45,206.47,12.3,printing,independent,legitimate
ds-job-094,127,372.79,205.45,11.35,printing,independent,legitimate
ds-job-094,128,367.39,214.01,11.46,printing,independent,legitimate
ds-job-094,129,355.4,212.91,13.2,printing,independent,legitimate
ds-job-094,130,322.12,212.68,10.15,printing,independent,legitimate
ds-job-094,131,345.33,209.76,11.74,printing,independent,legitimate
ds-job-094,132,389.18,211.38,10.63,printing,independent,legitimate
ds-job-094,133,363.39,205.07,9.97,printing,independent,legitimate
ds-job-094,134,341.42,209.43,12.18,printing,independent,legitimate
ds-job-094,135,350.8,206.98,10.72,printing,independent,legitimate
ds-job-094,136,387.37,205.87,13.07,printing,independent,legitimate
ds-job-094,137,355.46,212.95,12.22,printing,independent,legitimate
ds-job-094,138,354.39,205.09,11.81,printing,independent,legitimate
ds-job-094,139,336.99,210.24,12.23,printing,independent,legitimate
ds-job-094,140,330.13,213.62,10.01,printing,independent,legitimate
ds-job-094,141,378.34,208.27,10.21,printing,independent,legitimate
ds-job-094,142,376.65,215.87,11.25,printing,independent,legitimate
ds-job-094,143,366.31,206.13,10.5,printing,independent,legitimate
ds-job-094,144,313.08,210.22,12.25,printing,independent,legitimate
ds-job-094,145,322.78,209.7,10.45,printing,independent,legitimate
ds-job-094,146,65.87,94.18,0.0,cooling,independent,legitimate
ds-job-094,147,78.64,135.2,0.0,cooling,independent,legitimate
ds-job-094,148,69.98,210.0,0.0,cooling,independent,legitimate
ds-job-094,149,73.9,77.09,0.0,cooling,independent,legitimate
ds-job-094,150,65.73,102.7,0.0,cooling,independent,legitimate
ds-job-094,151,62.17,101.01,0.0,cooling,independent,legitimate
ds-job-094,152,51.98,125.94,0.0,cooling,independent,legitimate
ds-job-094,153,74.3,149.72,0.0,cooling,independent,legitimate
ds-job-094,154,70.97,111.25,0.0,cooling,independent,legitimate
ds-job-094,155,54.84,137.53,0.0,cooling,independent,legitimate
ds-job-094,156,71.93,100.07,0.0,cooling,independent,legitimate
ds-job-094,157,63.65,65.57,0.0,cooling,independent,legitimate
ds-job-094,158,58.56,131.9,0.0,cooling,independent,legitimate
ds-job-094,159,59.12,195.73,0.0,cooling,independent,legitimate
ds-job-094,160,50.85,116.25,0.0,cooling,independent,legitimate
ds-job-094,161,78.74,121.6,0.0,cooling,independent,legitimate
ds-job-095,0,52.2,23.04,0.0,idle,independent,sabotaged
ds-job-095,1,49.38,23.69,0.0,idle,independent,sabotaged
ds-job-095,2,53.52,23.29,0.0,idle,independent,sabotaged
ds-job-095,3,41.72,25.98,0.0,idle,independent,sabotaged
ds-job-095,4,51.69,26.95,0.0,idle,independent,sabotaged
ds-job-095,5,52.42,25.14,0.0,idle,independent,sabotaged
ds-job-095,6,50.66,26.03,0.0,idle,independent,sabotaged
ds-job-095,7,54.12,27.99,0.0,idle,independent,sabotaged
ds-job-095,8,207.02,193.58,0.0,heating,independent,sabotaged
ds-job-095,9,180.72,128.7,0.0,heating,independent,sabotaged
ds-job-095,10,193.03,79.78,0.0,heating,independent,sabotaged
ds-job-095,11,208.06,128.14,0.0,heating,independent,sabotaged
ds-job-095,12,210.52,95.29,0.0,heating,independent,sabotaged
ds-job-095,13,206.52,90.81,0.0,heating,independent,sabotaged
ds-job-095,14,175.89,111.75,0.0,heating,independent,sabotaged
ds-job-095,15,197.78,94.25,0.0,heating,independent,sabotaged
ds-job-095,16,179.08,113.71,0.0,heating,independent,sabotaged
ds-job-095,17,219.66,145.76,0.0,heating,independent,sabotaged
ds-job-095,18,189.81,121.85,0.0,heating,independent,sabotaged
ds-job-095,19,175.84,115.46,0.0,heating,independent,sabotaged
ds-job-095,20,218.64,206.62,0.0,heating,independent,sabotaged
ds-job-095,21,221.67,130.42,0.0,heating,independent,sabotaged
ds-job-095,22,164.22,134.41,0.0,heating,independent,sabotaged
ds-job-095,23,194.6,98.4,0.0,heating,independent,sabotaged
ds-job-095,24,178.78,55.8,0.0,heating,independent,sabotaged
ds-job-095,25,182.35,90.0,0.0,heating,independent,sabotaged
ds-job-095,26,207.66,131.83,0.0,heating,independent,sabotaged
ds-job-095,27,201.44,114.29,0.0,heating,independent,sabotaged
ds-job-095,28,231.8,124.37,0.0,heating,independent,sabotaged
ds-job-095,29,212.13,81.3,0.0,heating,independent,sabotaged
ds-job-095,30,179.06,81.45,0.0,heating,independent,sabotaged
ds-job-095,31,203.42,107.28,0.0,heating,independent,sabotaged
ds-job-095,32,229.21,149.01,0.0,heating,independent,sabotaged
ds-job-095,33,350.66,204.63,11.4,printing,independent,sabotaged
ds-job-095,34,340.2,207.75,11.3,printing,independent,sabotaged
ds-job-095,35,357.63,212.29,12.21,printing,independent,sabotaged
ds-job-095,36,342.26,205.02,13.1,printing,independent,sabotaged
ds-job-095,37,366.53,209.4,11.09,printing,independent,sabotaged
ds-job-095,38,374.35,207.66,10.73,printing,independent,sabotaged
ds-job-095,39,362.63,210.86,11.29,printing,independent,sabotaged
ds-job-095,40,334.49,205.79,14.21,printing,independent,sabotaged
ds-job-095,41,348.12,208.54,10.03,printing,independent,sabotaged
ds-job-095,42,351.2,210.58,10.55,printing,independent,sabotaged
ds-job-095,43,346.09,212.35,9.91,printing,independent,sabotaged
ds-job-095,44,356.34,209.85,11.11,printing,independent,sabotaged
ds-job-095,45,310.6,205.61,11.32,printing,independent,sabotaged
ds-job-095,46,385.23,206.14,10.45,printing,independent,sabotaged
ds-job-095,47,342.37,206.6,11.93,printing,independent,sabotaged
ds-job-095,48,360.45,214.47,11.43,printing,independent,sabotaged
ds-job-095,49,322.56,203.24,11.54,printing,independent,sabotaged
ds-job-095,50,348.64,209.29,11.57,printing,independent,sabotaged
ds-job-095,51,323.29,208.01,11.52,printing,independent,sabotaged
ds-job-095,52,378.55,209.08,9.33,printing,independent,sabotaged
ds-job-095,53,378.81,212.0,9.49,printing,independent,sabotaged
ds-job-095,54,346.0,205.34,9.74,printing,independent,sabotaged
ds-job-095,55,350.23,209.36,10.82,printing,independent,sabotaged
ds-job-095,56,334.46,214.26,12.48,printing,independent,sabotaged
ds-job-095,57,347.41,208.23,9.76,printing,independent,sabotaged
ds-job-095,58,377.57,211.66,10.4,printing,independent,sabotaged
ds-job-095,59,338.56,207.53,12.32,printing,independent,sabotaged
ds-job-095,60,337.96,207.3,11.7,printing,independent,sabotaged
ds-job-095,61,372.71,212.57,12.26,printing,independent,sabotaged
ds-job-095,62,334.34,207.88,11.35,printing,independent,sabotaged
ds-job-095,63,346.74,208.88,11.43,printing,independent,sabotaged
ds-job-095,64,319.19,210.76,10.16,printing,independent,sabotaged
ds-job-095,65,379.02,212.28,13.26,printing,independent,sabotaged
ds-job-095,66,392.28,209.4,11.92,printing,independent,sabotaged
ds-job-095,67,364.32,215.35,11.19,printing,independent,sabotaged
ds-job-095,68,335.84,205.21,11.77,printing,independent,sabotaged
ds-job-095,69,324.56,210.12,10.44,printing,independent,sabotaged
ds-job-095,70,350.91,208.25,12.55,printing,independent,sabotaged
ds-job-095,71,334.58,209.14,13.2,printing,independent,sabotaged
ds-job-095,72,346.39,212.52,11.49,printing,independent,sabotaged
ds-job-095,73,358.0,210.57,12.13,printing,independent,sabotaged
ds-job-095,74,355.97,206.1,11.71,printing,independent,sabotaged
ds-job-095,75,320.84,209.47,11.37,printing,independent,sabotaged
ds-job-095,76,332.94,204.93,11.56,printing,independent,sabotaged
ds-job-095,77,338.58,211.4,9.22,printing,independent,sabotaged
ds-job-095,78,377.28,209.74,11.0,printing,independent,sabotaged
ds-job-095,79,340.65,207.71,9.38,printing,independent,sabotaged
ds-job-095,80,353.81,209.99,9.86,printing,independent,sabotaged
ds-job-095,81,341.94,204.18,12.14,printing,independent,sabotaged
ds-job-095,82,358.36,205.54,10.3,printing,independent,sabotaged
ds-job-095,83,339.35,208.7,12.85,printing,independent,sabotaged
ds-job-095,84,354.59,203.88,11.13,printing,independent,sabotaged
ds-job-095,85,355.41,215.24,11.89,printing,independent,sabotaged
ds-job-095,86,313.5,211.19,10.68,printing,independent,sabotaged
ds-job-095,87,364.43,212.6,11.75,printing,independent,sabotaged
ds-job-095,88,364.23,207.15,11.78,printing,independent,sabotaged
ds-job-095,89,346.19,212.43,11.32,printing,independent,sabotaged
ds-job-095,90,338.32,210.47,11.37,printing,independent,sabotaged
ds-job-095,91,346.28,207.76,11.81,printing,independent,sabotaged
ds-job-095,92,358.55,204.95,12.47,printing,independent,sabotaged
ds-job-095,93,290.0,206.44,0.0,printing,independent,sabotaged
ds-job-095,94,290.0,206.22,0.0,printing,independent,sabotaged
ds-job-095,95,290.0,208.94,0.0,printing,independent,sabotaged
ds-job-095,96,360.85,208.17,10.03,printing,independent,sabotaged
ds-job-095,97,377.5,205.71,8.84,printing,independent,sabotaged
ds-job-095,98,349.69,211.59,11.89,printing,independent,sabotaged
ds-job-095,99,362.29,204.85,12.22,printing,independent,sabotaged
ds-job-095,100,353.26,207.74,12.94,printing,independent,sabotaged
ds-job-095,101,347.54,205.78,10.97,printing,independent,sabotaged
ds-job-095,102,350.29,209.51,10.05,printing,independent,sabotaged
ds-job-095,103,362.23,206.36,13.15,printing,independent,sabotaged
ds-job-095,104,343.51,209.63,11.12,printing,independent,sabotaged
ds-job-095,105,335.1,209.4,12.04,printing,independent,sabotaged
ds-job-095,106,370.47,205.98,13.12,printing,independent,sabotaged
ds-job-095,107,338.71,208.43,8.8,printing,independent,sabotaged
ds-job-095,108,346.46,210.46,11.67,printing,independent,sabotaged
ds-job-095,109,345.33,204.65,11.56,printing,independent,sabotaged
ds-job-095,110,367.08,210.17,12.03,printing,independent,sabotaged
ds-job-095,111,358.39,215.31,12.3,printing,independent,sabotaged
ds-job-095,112,352.83,208.43,13.0,printing,independent,sabotaged
ds-job-095,113,341.93,213.4,12.64,printing,independent,sabotaged
ds-job-095,114,349.95,203.15,10.59,printing,independent,sabotaged
ds-job-095,115,351.94,212.28,10.33,printing,independent,sabotaged
ds-job-095,116,355.5,210.4,12.14,printing,independent,sabotaged
ds-job-095,117,354.66,206.24,10.58,printing,independent,sabotaged
ds-job-095,118,344.22,205.98,11.59,printing,independent,sabotaged
ds-job-095,119,326.59,208.33,11.05,printing,independent,sabotaged
ds-job-095,120,366.67,215.11,11.46,printing,independent,sabotaged
ds-job-095,121,341.83,205.43,12.05,printing,independent,sabotaged
ds-job-095,122,340.85,213.1,12.17,printing,independent,sabotaged
ds-job-095,123,361.99,206.91,11.33,printing,independent,sabotaged
ds-job-095,124,316.65,205.78,11.64,printing,independent,sabotaged
ds-job-095,125,368.81,208.77,12.61,printing,independent,sabotaged
ds-job-095,126,376.77,214.31,12.52,printing,independent,sabotaged
ds-job-095,127,372.29,207.19,12.32,printing,independent,sabotaged
ds-job-095,128,366.67,214.36,12.05,printing,independent,sabotaged
ds-job-095,129,344.96,206.39,12.13,printing,independent,sabotaged
ds-job-095,130,334.49,208.64,11.16,printing,independent,sabotaged
ds-job-095,131,357.27,206.62,11.17,printing,independent,sabotaged
ds-job-095,132,350.33,214.3,11.55,printing,independent,sabotaged
ds-job-095,133,360.21,209.14,11.06,printing,independent,sabotaged
ds-job-095,134,334.52,213.0,13.0,printing,independent,sabotaged
ds-job-095,135,344.5,202.79,11.13,printing,independent,sabotaged
ds-job-095,136,363.84,208.7,11.01,printing,independent,sabotaged
ds-job-095,137,351.21,214.89,10.97,printing,independent,sabotaged
ds-job-095,138,350.23,205.43,11.64,printing,independent,sabotaged
ds-job-095,139,324.48,208.42,14.1,printing,independent,sabotaged
ds-job-095,140,353.34,211.49,12.0,printing,independent,sabotaged
ds-job-095,141,367.47,211.8,10.52,printing,independent,sabotaged
ds-job-095,142,372.36,206.41,12.67,printing,independent,sabotaged
ds-job-095,143,338.71,207.76,10.68,printing,independent,sabotaged
ds-job-095,144,331.87,209.95,10.3,printing,independent,sabotaged
ds-job-095,145,321.68,208.9,10.05,printing,independent,sabotaged
ds-job-095,146,344.25,210.92,9.32,printing,independent,sabotaged
ds-job-095,147,357.9,210.53,11.9,printing,independent,sabotaged
ds-job-095,148,319.66,210.59,11.94,printing,independent,sabotaged
ds-job-095,149,396.21,208.4,11.84,printing,independent,sabotaged
ds-job-095,150,321.32,207.11,11.17,printing,independent,sabotaged
ds-job-095,151,366.42,208.04,9.1,printing,independent,sabotaged
ds-job-095,152,343.52,209.19,12.45,printing,independent,sabotaged
ds-job-095,153,327.57,209.61,9.32,printing,independent,sabotaged
ds-job-095,154,47.41,140.47,0.0,cooling,independent,sabotaged
ds-job-095,155,47.58,154.45,0.0,cooling,independent,sabotaged
ds-job-095,156,48.9,154.08,0.0,cooling,independent,sabotaged
ds-job-095,157,56.21,108.18,0.0,cooling,independent,sabotaged
ds-job-095,158,58.46,107.4,0.0,cooling,independent,sabotaged
ds-job-095,159,68.82,82.41,0.0,cooling,independent,sabotaged
ds-job-095,160,70.34,93.79,0.0,cooling,independent,sabotaged
ds-job-095,161,55.56,141.26,0.0,cooling,independent,sabotaged
ds-job-095,162,66.12,133.69,0.0,cooling,independent,sabotaged
ds-job-095,163,82.69,102.54,0.0,cooling,independent,sabotaged
ds-job-095,164,60.38,122.13,0.0,cooling,independent,sabotaged
ds-job-095,165,67.45,100.72,0.0,cooling,independent,sabotaged
ds-job-095,166,56.24,110.14,0.0,cooling,independent,sabotaged
ds-job-095,167,73.15,182.47,0.0,cooling,independent,sabotaged
ds-job-095,168,67.94,117.88,0.0,cooling,independent,sabotaged
ds-job-095,169,57.31,148.71,0.0,cooling,independent,sabotaged
ds-job-095,170,53.38,161.22,0.0,cooling,independent,sabotaged
ds-job-096,0,53.06,21.9,0.0,idle,independent,legitimate
ds-job-096,1,54.82,25.14,0.0,idle,independent,legitimate
ds-job-096,2,46.67,26.37,0.0,idle,independent,legitimate
ds-job-096,3,48.25,24.17,0.0,idle,independent,legitimate
ds-job-096,4,208.93,92.24,0.0,heating,independent,legitimate
ds-job-096,5,179.31,103.21,0.0,heating,independent,legitimate
ds-job-096,6,195.54,91.02,0.0,heating,independent,legitimate
ds-job-096,7,187.64,137.07,0.0,heating,independent,legitimate
ds-job-096,8,176.07,123.35,0.0,heating,independent,legitimate
ds-job-096,9,241.5,139.56,0.0,heating,independent,legitimate
ds-job-096,10,184.29,133.05,0.0,heating,independent,legitimate
ds-job-096,11,179.29,84.7,0.0,heating,independent,legitimate
ds-job-096,12,211.95,118.43,0.0,heating,independent,legitimate
ds-job-096,13,202.76,150.03,0.0,heating,independent,legitimate
ds-job-096,14,234.17,84.86,0.0,heating,independent,legitimate
ds-job-096,15,237.9,128.71,0.0,heating,independent,legitimate
ds-job-096,16,216.42,87.65,0.0,heating,independent,legitimate
ds-job-096,17,186.91,102.15,0.0,heating,independent,legitimate
ds-job-096,18,369.36,212.62,10.51,printing,independent,legitimate
ds-job-096,19,332.68,214.31,13.33,printing,independent,legitimate
ds-job-096,20,360.34,213.29,11.42,printing,independent,legitimate
ds-job-096,21,337.95,206.33,13.36,printing,independent,legitimate
ds-job-096,22,329.27,208.0,10.49,printing,independent,legitimate
ds-job-096,23,348.18,208.11,12.25,printing,independent,legitimate
ds-job-096,24,345.81,206.63,12.25,printing,independent,legitimate
ds-job-096,25,342.14,210.04,10.29,printing,independent,legitimate
ds-job-096,26,320.41,205.95,11.12,printing,independent,legitimate
ds-job-096,27,346.69,216.81,11.7,printing,independent,legitimate
ds-job-096,28,330.82,202.47,12.68,printing,independent,legitimate
ds-job-096,29,321.55,207.63,10.21,printing,independent,legitimate
ds-job-096,30,339.4,204.23,11.53,printing,independent,legitimate
ds-job-096,31,327.26,208.12,11.35,printing,independent,legitimate
ds-job-096,32,341.1,206.58,11.22,printing,independent,legitimate
ds-job-096,33,341.83,205.52,12.14,printing,independent,legitimate
ds-job-096,34,324.54,211.25,11.24,printing,independent,legitimate
ds-job-096,35,360.97,209.75,10.14,printing,independent,legitimate
ds-job-096,36,327.33,208.86,9.71,printing,independent,legitimate
ds-job-096,37,344.87,208.28,10.98,printing,independent,legitimate
ds-job-096,38,360.45,209.4,11.4,printing,independent,legitimate
ds-job-096,39,316.67,211.04,10.56,printing,independent,legitimate
ds-job-096,40,333.29,209.13,9.36,printing,independent,legitimate
ds-job-096,41,341.3,204.68,11.53,printing,independent,legitimate
ds-job-096,42,352.11,209.3,10.92,printing,independent,legitimate
ds-job-096,43,342.34,207.44,10.72,printing,independent,legitimate
ds-job-096,44,364.47,210.63,12.67,printing,independent,legitimate
ds-job-096,45,333.77,209.43,11.92,printing,independent,legitimate
ds-job-096,46,344.13,201.83,11.46,printing,independent,legitimate
ds-job-096,47,383.53,208.13,10.67,printing,independent,legitimate
ds-job-096,48,355.99,206.16,10.59,printing,independent,legitimate
ds-job-096,49,363.28,206.54,13.01,printing,independent,legitimate
ds-job-096,50,348.82,208.81,10.12,printing,independent,legitimate
ds-job-096,51,339.5,212.9,13.3,printing,independent,legitimate
ds-job-096,52,359.93,207.82,10.7,printing,independent,legitimate
ds-job-096,53,359.85,205.61,11.97,printing,independent,legitimate
ds-job-096,54,345.81,210.15,12.4,printing,independent,legitimate
ds-job-096,55,361.33,205.88,12.38,printing,independent,legitimate
ds-job-096,56,360.5,205.09,11.14,printing,independent,legitimate
ds-job-096,57,367.78,210.9,11.45,printing,independent,legitimate
ds-job-096,58,345.18,208.12,13.62,printing,independent,legitimate
ds-job-096,59,347.93,211.6,11.87,printing,independent,legitimate
ds-job-096,60,378.61,208.2,12.08,printing,independent,legitimate
ds-job-096,61,356.51,209.29,10.74,printing,independent,legitimate
ds-job-096,62,342.45,208.51,11.16,printing,independent,legitimate
ds-job-096,63,373.35,210.05,10.86,printing,independent,legitimate
ds-job-096,64,341.26,208.63,10.81,printing,independent,legitimate
ds-job-096,65,360.82,211.87,12.18,printing,independent,legitimate
ds-job-096,66,371.23,208.25,10.64,printing,independent,legitimate
ds-job-096,67,355.51,208.77,10.14,printing,independent,legitimate
ds-job-096,68,344.7,210.62,11.72,printing,independent,legitimate
ds-job-096,69,327.08,204.5,11.51,printing,independent,legitimate
ds-job-096,70,347.26,209.03,12.97,printing,independent,legitimate
ds-job-096,71,357.26,203.98,10.0,printing,independent,legitimate
ds-job-096,72,344.81,211.23,10.84,printing,independent,legitimate
ds-job-096,73,339.81,206.3,11.31,printing,independent,legitimate
ds-job-096,74,303.07,210.28,11.88,printing,independent,legitimate
ds-job-096,75,332.71,214.95,11.8,printing,independent,legitimate
ds-job-096,76,342.7,210.85,13.05,printing,independent,legitimate
ds-job-096,77,339.24,205.75,12.2,printing,independent,legitimate
ds-job-096,78,376.33,212.11,11.48,printing,independent,legitimate
ds-job-096,79,346.89,212.06,12.98,printing,independent,legitimate
ds-job-096,80,344.56,206.02,12.51,printing,independent,legitimate
ds-job-096,81,368.89,207.4,11.87,printing,independent,legitimate
ds-job-096,82,356.01,207.37,13.8,printing,independent,legitimate
ds-job-096,83,363.57,207.9,12.54,printing,independent,legitimate
ds-job-096,84,366.98,208.71,10.89,printing,independent,legitimate
ds-job-096,85,71.58,83.01,0.0,cooling,independent,legitimate
ds-job-096,86,55.76,120.69,0.0,cooling,independent,legitimate
ds-job-096,87,90.0,113.07,0.0,cooling,independent,legitimate
ds-job-096,88,53.74,109.54,0.0,cooling,independent,legitimate
ds-job-096,89,53.67,76.09,0.0,cooling,independent,legitimate
ds-job-096,90,56.05,128.1,0.0,cooling,independent,legitimate
ds-job-096,91,78.76,156.73,0.0,cooling,independent,legitimate
ds-job-096,92,66.73,174.32,0.0,cooling,independent,legitimate
ds-job-096,93,56.13,101.99,0.0,cooling,independent,legitimate
ds-job-097,0,51.08,22.83,0.0,idle,independent,legitimate
ds-job-097,1,49.25,27.94,0.0,idle,independent,legitimate
ds-job-097,2,52.92,24.37,0.0,idle,independent,legitimate
ds-job-097,3,47.16,24.13,0.0,idle,independent,legitimate
ds-job-097,4,50.55,25.66,0.0,idle,independent,legitimate
ds-job-097,5,46.42,25.63,0.0,idle,independent,legitimate
ds-job-097,6,42.37,25.08,0.0,idle,independent,legitimate
ds-job-097,7,58.77,22.98,0.0,idle,independent,legitimate
ds-job-097,8,221.33,128.25,0.0,heating,independent,legitimate
ds-job-097,9,213.15,78.52,0.0,heating,independent,legitimate
ds-job-097,10,212.07,100.26,0.0,heating,independent,legitimate
ds-job-097,11,240.99,102.15,0.0,heating,independent,legitimate
ds-job-097,12,190.44,160.18,0.0,heating,independent,legitimate
ds-job-097,13,211.9,137.02,0.0,heating,independent,legitimate
ds-job-097,14,186.72,118.38,0.0,heating,independent,legitimate
ds-job-097,15,201.86,117.43,0.0,heating,independent,legitimate
ds-job-097,16,188.76,76.32,0.0,heating,independent,legitimate
ds-job-097,17,240.09,86.37,0.0,heating,independent,legitimate
ds-job-097,18,198.19,123.83,0.0,heating,independent,legitimate
ds-job-097,19,192.47,121.33,0.0,heating,independent,legitimate
ds-job-097,20,227.18,138.96,0.0,heating,independent,legitimate
ds-job-097,21,223.76,129.38,0.0,heating,independent,legitimate
ds-job-097,22,205.76,96.96,0.0,heating,independent,legitimate
ds-job-097,23,194.48,158.86,0.0,heating,independent,legitimate
ds-job-097,24,193.91,88.96,0.0,heating,independent,legitimate
ds-job-097,25,205.1,110.2,0.0,heating,independent,legitimate
ds-job-097,26,225.91,130.78,0.0,heating,independent,legitimate
ds-job-097,27,220.34,205.44,0.0,heating,independent,legitimate
ds-job-097,28,219.42,85.15,0.0,heating,independent,legitimate
ds-job-097,29,197.9,142.81,0.0,heating,independent,legitimate
ds-job-097,30,191.69,86.01,0.0,heating,independent,legitimate
ds-job-097,31,220.64,73.87,0.0,heating,independent,legitimate
ds-job-097,32,339.54,206.61,10.3,printing,independent,legitimate
ds-job-097,33,329.67,207.9,11.25,printing,independent,legitimate
ds-job-097,34,345.07,211.24,11.7,printing,independent,legitimate
ds-job-097,35,359.86,207.64,11.27,printing,independent,legitimate
ds-job-097,36,339.05,210.75,13.28,printing,independent,legitimate
ds-job-097,37,332.85,211.92,12.82,printing,independent,legitimate
ds-job-097,38,361.11,214.05,14.06,printing,independent,legitimate
ds-job-097,39,330.3,207.54,12.98,printing,independent,legitimate
ds-job-097,40,363.01,212.42,12.17,printing,independent,legitimate
ds-job-097,41,352.07,204.59,11.46,printing,independent,legitimate
ds-job-097,42,353.55,207.98,11.3,printing,independent,legitimate
ds-job-097,43,319.7,212.98,10.75,printing,independent,legitimate
ds-job-097,44,318.12,207.38,10.71,printing,independent,legitimate
ds-job-097,45,339.17,210.2,11.91,printing,independent,legitimate
ds-job-097,46,353.07,206.48,11.35,printing,independent,legitimate
ds-job-097,47,369.21,207.56,10.59,printing,independent,legitimate
ds-job-097,48,358.34,211.97,8.82,printing,independent,legitimate
ds-job-097,49,331.23,207.53,13.01,printing,independent,legitimate
ds-job-097,50,340.43,205.01,9.92,printing,independent,legitimate
ds-job-097,51,353.17,210.18,11.25,printing,independent,legitimate
ds-job-097,52,393.69,211.91,12.13,printing,independent,legitimate
ds-job-097,53,350.96,203.26,10.42,printing,independent,legitimate
ds-job-097,54,350.0,209.15,12.55,printing,independent,legitimate
ds-job-097,55,321.27,214.91,11.24,printing,independent,legitimate
ds-job-097,56,350.88,207.76,13.57,printing,independent,legitimate
ds-job-097,57,343.4,209.4,12.53,printing,independent,legitimate
ds-job-097,58,351.21,208.93,10.19,printing,independent,legitimate
ds-job-097,59,357.63,208.31,10.74,printing,independent,legitimate
ds-job-097,60,364.28,210.44,11.25,printing,independent,legitimate
ds-job-097,61,349.47,209.75,11.93,printing,independent,legitimate
ds-job-097,62,374.38,202.06,12.49,printing,independent,legitimate
ds-job-097,63,358.23,208.91,9.07,printing,independent,legitimate
ds-job-097,64,362.34,210.14,9.62,printing,independent,legitimate
ds-job-097,65,325.57,212.69,10.1,printing,independent,legitimate
ds-job-097,66,340.47,209.59,12.31,printing,independent,legitimate
ds-job-097,67,351.91,207.09,10.89,printing,independent,legitimate
ds-job-097,68,347.95,206.36,11.77,printing,independent,legitimate
ds-job-097,69,317.55,205.89,10.23,printing,independent,legitimate
ds-job-097,70,363.12,207.77,11.9,printing,independent,legitimate
ds-job-097,71,345.37,207.69,13.04,printing,independent,legitimate
ds-job-097,72,351.72,209.6,11.17,printing,independent,legitimate
ds-job-097,73,366.92,210.95,9.94,printing,independent,legitimate
ds-job-097,74,367.48,211.01,11.17,printing,independent,legitimate
ds-job-097,75,339.29,209.61,9.62,printing,independent,legitimate
ds-job-097,76,343.5,208.43,13.14,printing,independent,legitimate
ds-job-097,77,347.96,210.71,10.61,printing,independent,legitimate
ds-job-097,78,336.93,211.46,9.62,printing,independent,legitimate
ds-job-097,79,311.21,207.66,11.29,printing,independent,legitimate
ds-job-097,80,348.68,209.09,10.07,printing,independent,legitimate
ds-job-097,81,351.92,207.7,12.18,printing,independent,legitimate
ds-job-097,82,354.86,210.05,13.11,printing,independent,legitimate
ds-job-097,83,357.49,209.69,12.39,printing,independent,legitimate
ds-job-097,84,379.22,207.68,13.03,printing,independent,legitimate
ds-job-097,85,337.97,211.57,14.06,printing,independent,legitimate
ds-job-097,86,353.84,206.1,11.69,printing,independent,legitimate
ds-job-097,87,346.73,215.42,12.7,printing,independent,legitimate
ds-job-097,88,328.76,210.3,8.39,printing,independent,legitimate
ds-job-097,89,354.03,201.76,10.41,printing,independent,legitimate
ds-job-097,90,380.99,208.69,11.05,printing,independent,legitimate
ds-job-097,91,334.4,208.12,10.98,printing,independent,legitimate
ds-job-097,92,347.71,208.92,13.05,printing,independent,legitimate
ds-job-097,93,330.38,207.95,10.19,printing,independent,legitimate
ds-job-097,94,341.13,208.84,12.43,printing,independent,legitimate
ds-job-097,95,346.04,211.07,11.19,printing,independent,legitimate
ds-job-097,96,342.98,209.86,11.36,printing,independent,legitimate
ds-job-097,97,367.03,207.31,11.05,printing,independent,legitimate
ds-job-097,98,358.54,210.77,11.89,printing,independent,legitimate
ds-job-097,99,341.54,213.19,10.42,printing,independent,legitimate
ds-job-097,100,329.24,203.22,10.71,printing,independent,legitimate
ds-job-097,101,372.6,207.43,12.64,printing,independent,legitimate
ds-job-097,102,368.05,209.44,10.42,printing,independent,legitimate
ds-job-097,103,337.29,207.95,11.93,printing,independent,legitimate
ds-job-097,104,357.53,205.22,11.1,printing,independent,legitimate
ds-job-097,105,354.59,205.14,11.66,printing,independent,legitimate
ds-job-097,106,342.17,207.6,11.15,printing,independent,legitimate
ds-job-097,107,358.22,208.94,11.79,printing,independent,legitimate
ds-job-097,108,380.63,211.56,10.3,printing,independent,legitimate
ds-job-097,109,382.09,212.89,11.23,printing,independent,legitimate
ds-job-097,110,338.5,209.22,12.07,printing,independent,legitimate
ds-job-097,111,367.74,211.04,11.06,printing,independent,legitimate
ds-job-097,112,344.08,208.72,12.77,printing,independent,legitimate
ds-job-097,113,349.9,207.32,11.97,printing,independent,legitimate
ds-job-097,114,356.25,206.28,11.58,printing,independent,legitimate
ds-job-097,115,334.08,207.96,12.76,printing,independent,legitimate
ds-job-097,116,357.47,210.85,13.08,printing,independent,legitimate
ds-job-097,117,343.42,212.74,14.2,printing,independent,legitimate
ds-job-097,118,325.81,216.28,12.53,printing,independent,legitimate
ds-job-097,119,343.73,211.31,11.84,printing,independent,legitimate
ds-job-097,120,339.76,207.48,11.42,printing,independent,legitimate
ds-job-097,121,325.29,207.52,11.84,printing,independent,legitimate
ds-job-097,122,350.74,208.01,13.64,printing,independent,legitimate
ds-job-097,123,385.64,208.84,9.17,printing,independent,legitimate
ds-job-097,124,341.75,205.0,12.09,printing,independent,legitimate
ds-job-097,125,352.87,207.43,11.41,printing,independent,legitimate
ds-job-097,126,358.08,210.79,9.07,printing,independent,legitimate
ds-job-097,127,348.55,209.33,11.0,printing,independent,legitimate
ds-job-097,128,371.19,209.54,10.37,printing,independent,legitimate
ds-job-097,129,362.94,206.21,11.31,printing,independent,legitimate
ds-job-097,130,351.53,203.88,13.62,printing,independent,legitimate
ds-job-097,131,344.62,205.5,11.97,printing,independent,legitimate
ds-job-097,132,336.06,210.48,12.24,printing,independent,legitimate
ds-job-097,133,354.89,209.48,11.52,printing,independent,legitimate
ds-job-097,134,337.09,213.42,10.87,printing,independent,legitimate
ds-job-097,135,358.75,208.02,12.58,printing,independent,legitimate
ds-job-097,136,361.93,206.95,10.82,printing,independent,legitimate
ds-job-097,137,365.98,207.79,10.52,printing,independent,legitimate
ds-job-097,138,369.16,209.98,11.68,printing,independent,legitimate
ds-job-097,139,334.43,210.58,11.5,printing,independent,legitimate
ds-job-097,140,337.04,206.74,12.61,printing,independent,legitimate
ds-job-097,141,351.85,209.0,11.97,printing,independent,legitimate
ds-job-097,142,321.32,214.34,10.68,printing,independent,legitimate
ds-job-097,143,336.89,209.78,13.39,printing,independent,legitimate
ds-job-097,144,335.25,210.0,11.05,printing,independent,legitimate
ds-job-097,145,313.51,211.13,11.93,printing,independent,legitimate
ds-job-097,146,354.83,212.44,11.01,printing,independent,legitimate
ds-job-097,147,371.17,208.3,11.43,printing,independent,legitimate
ds-job-097,148,336.04,208.01,12.84,printing,independent,legitimate
ds-job-097,149,60.82,152.41,0.0,cooling,independent,legitimate
ds-job-097,150,75.32,104.96,0.0,cooling,independent,legitimate
ds-job-097,151,56.38,108.88,0.0,cooling,independent,legitimate
ds-job-097,152,57.16,107.17,0.0,cooling,independent,legitimate
ds-job-097,153,60.55,149.6,0.0,cooling,independent,legitimate
ds-job-097,154,72.35,126.97,0.0,cooling,independent,legitimate
ds-job-097,155,57.93,163.76,0.0,cooling,independent,legitimate
ds-job-097,156,65.45,127.16,0.0,cooling,independent,legitimate
ds-job-097,157,71.39,90.35,0.0,cooling,independent,legitimate
ds-job-097,158,79.06,121.76,0.0,cooling,independent,legitimate
ds-job-097,159,68.82,137.36,0.0,cooling,independent,legitimate
ds-job-097,160,58.94,114.22,0.0,cooling,independent,legitimate
ds-job-097,161,70.16,101.55,0.0,cooling,independent,legitimate
ds-job-097,162,50.96,126.18,0.0,cooling,independent,legitimate
ds-job-097,163,68.58,122.09,0.0,cooling,independent,legitimate
ds-job-097,164,50.65,127.86,0.0,cooling,independent,legitimate
ds-job-098,0,51.47,26.87,0.0,idle,independent,legitimate
ds-job-098,1,50.51,25.25,0.0,idle,independent,legitimate
ds-job-098,2,52.71,24.64,0.0,idle,independent,legitimate
ds-job-098,3,54.21,22.0,0.0,idle,independent,legitimate
ds-job-098,4,51.14,23.79,0.0,idle,independent,legitimate
ds-job-098,5,224.28,143.7,0.0,heating,independent,legitimate
ds-job-098,6,207.57,68.74,0.0,heating,independent,legitimate
ds-job-098,7,226.84,128.42,0.0,heating,independent,legitimate
ds-job-098,8,186.43,163.66,0.0,heating,independent,legitimate
ds-job-098,9,201.4,142.88,0.0,heating,independent,legitimate
ds-job-098,10,238.42,87.07,0.0,heating,independent,legitimate
ds-job-098,11,200.75,75.2,0.0,heating,independent,legitimate
ds-job-098,12,168.66,136.67,0.0,heating,independent,legitimate
ds-job-098,13,247.59,121.61,0.0,heating,independent,legitimate
ds-job-098,14,260.0,136.82,0.0,heating,independent,legitimate
ds-job-098,15,217.03,85.65,0.0,heating,independent,legitimate
ds-job-098,16,207.28,103.45,0.0,heating,independent,legitimate
ds-job-098,17,206.29,147.45,0.0,heating,independent,legitimate
ds-job-098,18,219.61,108.76,0.0,heating,independent,legitimate
ds-job-098,19,191.46,134.32,0.0,heating,independent,legitimate
ds-job-098,20,337.24,206.69,13.96,printing,independent,legitimate
ds-job-098,21,373.61,210.46,10.43,printing,independent,legitimate
ds-job-098,22,344.09,207.47,10.84,printing,independent,legitimate
ds-job-098,23,346.94,207.71,11.17,printing,independent,legitimate
ds-job-098,24,368.57,203.77,12.31,printing,independent,legitimate
ds-job-098,25,356.89,207.12,11.53,printing,independent,legitimate
ds-job-098,26,350.53,208.68,12.31,printing,independent,legitimate
ds-job-098,27,355.4,213.8,12.99,printing,independent,legitimate
ds-job-098,28,361.32,206.26,11.73,printing,independent,legitimate
ds-job-098,29,331.15,208.45,11.42,printing,independent,legitimate
ds-job-098,30,344.39,207.39,10.2,printing,independent,legitimate
ds-job-098,31,328.22,206.92,12.36,printing,independent,legitimate
ds-job-098,32,384.87,211.03,12.07,printing,independent,legitimate
ds-job-098,33,340.91,208.69,11.65,printing,independent,legitimate
ds-job-098,34,349.74,210.76,14.22,printing,independent,legitimate
ds-job-098,35,365.41,207.71,11.81,printing,independent,legitimate
ds-job-098,36,347.81,207.91,11.21,printing,independent,legitimate
ds-job-098,37,347.31,212.43,13.5,printing,independent,legitimate
ds-job-098,38,350.72,212.97,10.81,printing,independent,legitimate
ds-job-098,39,351.22,209.64,11.82,printing,independent,legitimate
ds-job-098,40,362.51,211.3,12.74,printing,independent,legitimate
ds-job-098,41,374.07,211.56,9.69,printing,independent,legitimate
ds-job-098,42,368.04,213.78,11.81,printing,independent,legitimate
ds-job-098,43,370.36,210.92,11.74,printing,independent,legitimate
ds-job-098,44,349.17,207.99,12.21,printing,independent,legitimate
ds-job-098,45,342.05,214.48,12.24,printing,independent,legitimate
ds-job-098,46,382.77,206.89,11.1,printing,independent,legitimate
ds-job-098,47,348.02,213.46,10.76,printing,independent,legitimate
ds-job-098,48,352.72,208.53,10.55,printing,independent,legitimate
ds-job-098,49,345.44,209.33,10.2,printing,independent,legitimate
ds-job-098,50,358.05,209.39,10.06,printing,independent,legitimate
ds-job-098,51,357.93,211.71,11.4,printing,independent,legitimate
ds-job-098,52,334.69,210.36,13.68,printing,independent,legitimate
ds-job-098,53,396.88,207.07,11.88,printing,independent,legitimate
ds-job-098,54,354.28,213.34,11.2,printing,independent,legitimate
ds-job-098,55,368.6,210.81,12.16,printing,independent,legitimate
ds-job-098,56,351.16,206.07,11.94,printing,independent,legitimate
ds-job-098,57,324.72,207.2,11.98,printing,independent,legitimate
ds-job-098,58,359.07,208.12,11.36,printing,independent,legitimate
ds-job-098,59,371.39,210.04,12.49,printing,independent,legitimate
ds-job-098,60,336.11,208.93,11.86,printing,independent,legitimate
ds-job-098,61,362.31,203.48,11.63,printing,independent,legitimate
ds-job-098,62,348.49,209.55,8.21,printing,independent,legitimate
ds-job-098,63,355.67,207.5,10.73,printing,independent,legitimate
ds-job-098,64,350.17,208.55,11.89,printing,independent,legitimate
ds-job-098,65,358.38,212.29,10.45,printing,independent,legitimate
ds-job-098,66,354.7,210.28,12.04,printing,independent,legitimate
ds-job-098,67,387.11,204.24,11.29,printing,independent,legitimate
ds-job-098,68,378.8,215.56,10.77,printing,independent,legitimate
ds-job-098,69,318.19,209.44,11.65,printing,independent,legitimate
ds-job-098,70,364.67,201.03,13.28,printing,independent,legitimate
ds-job-098,71,323.04,206.07,11.35,printing,independent,legitimate
ds-job-098,72,370.3,209.62,13.46,printing,independent,legitimate
ds-job-098,73,344.74,208.26,13.68,printing,independent,legitimate
ds-job-098,74,347.85,205.85,11.16,printing,independent,legitimate
ds-job-098,75,358.4,209.14,11.65,printing,independent,legitimate
ds-job-098,76,364.35,206.54,11.39,printing,independent,legitimate
ds-job-098,77,339.35,213.05,10.41,printing,independent,legitimate
ds-job-098,78,362.27,204.92,12.0,printing,independent,legitimate
ds-job-098,79,344.46,211.5,14.45,printing,independent,legitimate
ds-job-098,80,343.2,209.03,11.85,printing,independent,legitimate
ds-job-098,81,345.16,209.56,11.73,printing,independent,legitimate
ds-job-098,82,343.24,207.21,12.04,printing,independent,legitimate
ds-job-098,83,364.07,213.62,11.91,printing,independent,legitimate
ds-job-098,84,322.78,206.05,11.14,printing,independent,legitimate
ds-job-098,85,347.57,204.03,10.56,printing,independent,legitimate
ds-job-098,86,367.22,200.0,11.1,printing,independent,legitimate
ds-job-098,87,373.58,208.14,11.21,printing,independent,legitimate
ds-job-098,88,363.35,209.9,9.53,printing,independent,legitimate
ds-job-098,89,349.85,201.56,10.48,printing,independent,legitimate
ds-job-098,90,67.33,143.86,0.0,cooling,independent,legitimate
ds-job-098,91,62.6,134.51,0.0,cooling,independent,legitimate
ds-job-098,92,76.62,129.74,0.0,cooling,independent,legitimate
ds-job-098,93,63.12,149.3,0.0,cooling,independent,legitimate
ds-job-098,94,57.62,82.07,0.0,cooling,independent,legitimate
ds-job-098,95,69.43,69.56,0.0,cooling,independent,legitimate
ds-job-098,96,65.08,138.59,0.0,cooling,independent,legitimate
ds-job-098,97,71.76,147.03,0.0,cooling,independent,legitimate
ds-job-098,98,55.3,71.86,0.0,cooling,independent,legitimate
ds-job-098,99,40.0,120.49,0.0,cooling,independent,legitimate
ds-job-099,0,45.92,25.25,0.0,idle,independent,legitimate
ds-job-099,1,45.67,24.87,0.0,idle,independent,legitimate
ds-job-099,2,51.69,26.04,0.0,idle,independent,legitimate
ds-job-099,3,53.06,23.97,0.0,idle,independent,legitimate
ds-job-099,4,50.29,25.64,0.0,idle,independent,legitimate
ds-job-099,5,220.32,115.15,0.0,heating,independent,legitimate
ds-job-099,6,199.8,140.67,0.0,heating,independent,legitimate
ds-job-099,7,226.49,122.79,0.0,heating,independent,legitimate
ds-job-099,8,226.07,135.49,0.0,heating,independent,legitimate
ds-job-099,9,194.64,92.35,0.0,heating,independent,legitimate
ds-job-099,10,186.49,135.32,0.0,heating,independent,legitimate
ds-job-099,11,243.95,130.33,0.0,heating,independent,legitimate
ds-job-099,12,224.42,136.11,0.0,heating,independent,legitimate
ds-job-099,13,241.16,156.46,0.0,heating,independent,legitimate
ds-job-099,14,199.85,95.95,0.0,heating,independent,legitimate
ds-job-099,15,192.8,59.55,0.0,heating,independent,legitimate
ds-job-099,16,214.92,101.9,0.0,heating,independent,legitimate
ds-job-099,17,193.35,164.74,0.0,heating,independent,legitimate
ds-job-099,18,225.4,113.17,0.0,heating,independent,legitimate
ds-job-099,19,184.61,82.55,0.0,heating,independent,legitimate
ds-job-099,20,347.58,206.78,11.41,printing,independent,legitimate
ds-job-099,21,336.96,208.75,9.96,printing,independent,legitimate
ds-job-099,22,360.95,210.6,11.35,printing,independent,legitimate
ds-job-099,23,358.58,208.78,12.38,printing,independent,legitimate
ds-job-099,24,385.67,203.64,10.83,printing,independent,legitimate
ds-job-099,25,337.56,211.38,10.27,printing,independent,legitimate
ds-job-099,26,324.09,212.39,11.66,printing,independent,legitimate
ds-job-099,27,352.4,208.58,9.11,printing,independent,legitimate
ds-job-099,28,348.35,206.3,14.19,printing,independent,legitimate
ds-job-099,29,321.92,210.6,12.91,printing,independent,legitimate
ds-job-099,30,336.69,208.83,10.74,printing,independent,legitimate
ds-job-099,31,336.16,217.6,11.12,printing,independent,legitimate
ds-job-099,32,331.56,213.83,9.81,printing,independent,legitimate
ds-job-099,33,342.53,212.66,10.83,printing,independent,legitimate
ds-job-099,34,350.29,210.86,10.17,printing,independent,legitimate
ds-job-099,35,348.43,211.51,10.42,printing,independent,legitimate
ds-job-099,36,333.79,209.78,13.64,printing,independent,legitimate
ds-job-099,37,352.29,205.41,12.65,printing,independent,legitimate
ds-job-099,38,339.04,206.3,12.33,printing,independent,legitimate
ds-job-099,39,341.08,213.86,10.19,printing,independent,legitimate
ds-job-099,40,340.44,207.98,10.53,printing,independent,legitimate
ds-job-099,41,347.23,203.88,14.86,printing,independent,legitimate
ds-job-099,42,344.83,213.25,11.14,printing,independent,legitimate
ds-job-099,43,354.69,206.55,10.51,printing,independent,legitimate
ds-job-099,44,342.18,203.93,12.0,printing,independent,legitimate
ds-job-099,45,336.74,212.26,13.26,printing,independent,legitimate
ds-job-099,46,344.43,212.34,11.66,printing,independent,legitimate
ds-job-099,47,362.23,215.08,12.16,printing,independent,legitimate
ds-job-099,48,370.51,207.94,10.17,printing,independent,legitimate
ds-job-099,49,355.4,213.43,13.43,printing,independent,legitimate
ds-job-099,50,318.22,207.11,9.25,printing,independent,legitimate
ds-job-099,51,375.69,213.5,11.0,printing,independent,legitimate
ds-job-099,52,341.07,208.96,11.66,printing,independent,legitimate
ds-job-099,53,337.5,212.34,11.8,printing,independent,legitimate
ds-job-099,54,319.24,212.99,12.72,printing,independent,legitimate
ds-job-099,55,386.0,209.65,10.75,printing,independent,legitimate
ds-job-099,56,380.94,206.14,10.2,printing,independent,legitimate
ds-job-099,57,333.43,210.41,12.29,printing,independent,legitimate
ds-job-099,58,355.91,202.88,10.47,printing,independent,legitimate
ds-job-099,59,325.36,207.52,10.73,printing,independent,legitimate
ds-job-099,60,364.81,208.15,11.24,printing,independent,legitimate
ds-job-099,61,354.14,206.1,11.76,printing,independent,legitimate
ds-job-099,62,354.83,212.08,11.64,printing,independent,legitimate
ds-job-099,63,399.15,214.18,11.94,printing,independent,legitimate
ds-job-099,64,319.26,205.58,9.93,printing,independent,legitimate
ds-job-099,65,348.03,209.51,12.77,printing,independent,legitimate
ds-job-099,66,335.51,207.33,10.9,printing,independent,legitimate
ds-job-099,67,369.54,212.0,14.22,printing,independent,legitimate
ds-job-099,68,344.56,205.87,12.23,printing,independent,legitimate
ds-job-099,69,352.73,211.44,11.61,printing,independent,legitimate
ds-job-099,70,353.47,209.34,12.71,printing,independent,legitimate
ds-job-099,71,341.12,207.36,9.85,printing,independent,legitimate
ds-job-099,72,335.72,208.51,13.56,printing,independent,legitimate
ds-job-099,73,347.64,211.67,11.8,printing,independent,legitimate
ds-job-099,74,321.47,208.27,12.72,printing,independent,legitimate
ds-job-099,75,356.93,208.33,11.83,printing,independent,legitimate
ds-job-099,76,337.3,214.65,10.57,printing,independent,legitimate
ds-job-099,77,369.76,212.21,11.44,printing,independent,legitimate
ds-job-099,78,366.23,209.99,10.9,printing,independent,legitimate
ds-job-099,79,365.06,209.16,11.12,printing,independent,legitimate
ds-job-099,80,346.16,211.32,11.29,printing,independent,legitimate
ds-job-099,81,345.24,206.36,13.15,printing,independent,legitimate
ds-job-099,82,314.48,207.64,11.61,printing,independent,legitimate
ds-job-099,83,370.42,204.45,11.01,printing,independent,legitimate
ds-job-099,84,344.57,210.45,10.77,printing,independent,legitimate
ds-job-099,85,365.11,208.34,10.72,printing,independent,legitimate
ds-job-099,86,344.93,205.5,10.35,printing,independent,legitimate
ds-job-099,87,372.88,207.55,11.91,printing,independent,legitimate
ds-job-099,88,345.69,207.27,13.03,printing,independent,legitimate
ds-job-099,89,328.79,209.56,11.22,printing,independent,legitimate
ds-job-099,90,355.26,213.33,12.57,printing,independent,legitimate
ds-job-099,91,62.05,100.94,0.0,cooling,independent,legitimate
ds-job-099,92,57.27,124.58,0.0,cooling,independent,legitimate
ds-job-099,93,75.77,155.39,0.0,cooling,independent,legitimate
ds-job-099,94,58.08,88.53,0.0,cooling,independent,legitimate
ds-job-099,95,59.73,113.75,0.0,cooling,independent,legitimate
ds-job-099,96,57.54,99.77,0.0,cooling,independent,legitimate
ds-job-099,97,61.44,165.58,0.0,cooling,independent,legitimate
ds-job-099,98,80.62,180.86,0.0,cooling,independent,legitimate
ds-job-099,99,67.54,141.41,0.0,cooling,independent,legitimate
ds-job-099,100,60.98,95.67,0.0,cooling,independent,legitimate
